[2026-09-01T14:19:33.356] [DEBUG] debug-file - current process  memoryUsage: {
  rss: 535842816,
  heapTotal: 59891712,
  heapUsed: 56013792,
  external: 5242841,
  arrayBuffers: 44696
} os memoryUsage :8.303794860839844
[2026-09-01T14:19:33.361] [DEBUG] debug-file - current process  memoryUsage: {
  rss: 535855104,
  heapTotal: 59891712,
  heapUsed: 56128224,
  external: 5242881,
  arrayBuffers: 44696
} os memoryUsage :8.30508804321289
[2026-09-01T14:19:39.525] [WARN] debug-file - [33mWARN: [33m[33mArkTS:WARN File: D:/Walkie/HarmonyOS/entry/src/main/ets/WalkieUdp.ets:248:15
 Function may throw exceptions. Special handling is required.
[39m[39m
[33mWARN: [33m[33mArkTS:WARN File: D:/Walkie/HarmonyOS/entry/src/main/ets/WalkieUdp.ets:289:15
 Function may throw exceptions. Special handling is required.
[39m[39m
[33mWARN: [33m[33mArkTS:WARN File: D:/Walkie/HarmonyOS/entry/src/main/ets/WalkieAudio.ets:241:11
 The system capacity of this api 'audio' is not supported on all devices
[39m[39m
[33mWARN: [33m[33mArkTS:WARN File: D:/Walkie/HarmonyOS/entry/src/main/ets/WalkieAudio.ets:244:11
 The system capacity of this api 'audio' is not supported on all devices
[39m[39m
[33mWARN: [33m[33mArkTS:WARN File: D:/Walkie/HarmonyOS/entry/src/main/ets/WalkieAudio.ets:247:11
 The system capacity of this api 'audio' is not supported on all devices
[39m[39m
[33mWARN: [33m[33mArkTS:WARN File: D:/Walkie/HarmonyOS/entry/src/main/ets/WalkieAudio.ets:250:11
 The system capacity of this api 'audio' is not supported on all devices
[39m[39m
[33mWARN: [33m[33mArkTS:WARN File: D:/Walkie/HarmonyOS/entry/src/main/ets/WalkieAudio.ets:256:11
 The system capacity of this api 'audio' is not supported on all devices
[39m[39m
[33mWARN: [33m[33mArkTS:WARN File: D:/Walkie/HarmonyOS/entry/src/main/ets/WalkieAudio.ets:275:15
 The system capacity of this api 'audio' is not supported on all devices
[39m[39m
[33mWARN: [33m[33mArkTS:WARN File: D:/Walkie/HarmonyOS/entry/src/main/ets/WalkieTone.ets:299:11
 The system capacity of this api 'audio' is not supported on all devices
[39m[39m
[33mWARN: [33m[33mArkTS:WARN File: D:/Walkie/HarmonyOS/entry/src/main/ets/WalkieTone.ets:302:11
 The system capacity of this api 'audio' is not supported on all devices
[39m[39m
[33mWARN: [33m[33mArkTS:WARN File: D:/Walkie/HarmonyOS/entry/src/main/ets/WalkieTone.ets:305:11
 The system capacity of this api 'audio' is not supported on all devices
[39m[39m
[33mWARN: [33m[33mArkTS:WARN File: D:/Walkie/HarmonyOS/entry/src/main/ets/WalkieTone.ets:308:11
 The system capacity of this api 'audio' is not supported on all devices
[39m[39m
[33mWARN: [33m[33mArkTS:WARN File: D:/Walkie/HarmonyOS/entry/src/main/ets/WalkieTone.ets:321:11
 The system capacity of this api 'audio' is not supported on all devices
[39m[39m
[33mWARN: [33m[33mArkTS:WARN File: D:/Walkie/HarmonyOS/entry/src/main/ets/WalkieTone.ets:327:11
 The system capacity of this api 'audio' is not supported on all devices
[39m[39m
[33mWARN: [33m[33mArkTS:WARN File: D:/Walkie/HarmonyOS/entry/src/main/ets/WalkieTone.ets:354:15
 The system capacity of this api 'audio' is not supported on all devices
[39m[39m
[33mWARN: [33m[33mArkTS:WARN File: D:/Walkie/HarmonyOS/entry/src/main/ets/WalkiePlayback.ets:148:9
 The system capacity of this api 'audio' is not supported on all devices
[39m[39m
[33mWARN: [33m[33mArkTS:WARN File: D:/Walkie/HarmonyOS/entry/src/main/ets/WalkiePlayback.ets:151:9
 The system capacity of this api 'audio' is not supported on all devices
[39m[39m
[33mWARN: [33m[33mArkTS:WARN File: D:/Walkie/HarmonyOS/entry/src/main/ets/WalkiePlayback.ets:154:9
 The system capacity of this api 'audio' is not supported on all devices
[39m[39m
[33mWARN: [33m[33mArkTS:WARN File: D:/Walkie/HarmonyOS/entry/src/main/ets/WalkiePlayback.ets:157:9
 The system capacity of this api 'audio' is not supported on all devices
[39m[39m
[33mWARN: [33m[33mArkTS:WARN File: D:/Walkie/HarmonyOS/entry/src/main/ets/WalkiePlayback.ets:164:9
 The system capacity of this api 'audio' is not supported on all devices
[39m[39m
[33mWARN: [33m[33mArkTS:WARN File: D:/Walkie/HarmonyOS/entry/src/main/ets/WalkiePlayback.ets:170:9
 The system capacity of this api 'audio' is not supported on all devices
[39m[39m
[33mWARN: [33m[33mArkTS:WARN File: D:/Walkie/HarmonyOS/entry/src/main/ets/WalkiePlayback.ets:185:15
 The system capacity of this api 'audio' is not supported on all devices
[39m[39m
[33mWARN: [33m[33mArkTS:WARN File: D:/Walkie/HarmonyOS/entry/src/main/ets/WalkieClient.ets:3401:10
 'decode' has been deprecated.
[39m[39m
[33mWARN: [33m[33mArkTS:WARN File: D:/Walkie/HarmonyOS/entry/src/main/ets/pages/Index.ets:452:10
 The 'fill' API is supported since SDK version 26.0.0. However, the current compatible SDK version is 6.1.1(24).
 It is recommended to use apiAvailable to safeguard API compatibility.
[39m[39m
[33mWARN: [33m[33mArkTS:WARN File: D:/Walkie/HarmonyOS/entry/src/main/ets/pages/Index.ets:495:12
 The 'fill' API is supported since SDK version 26.0.0. However, the current compatible SDK version is 6.1.1(24).
 It is recommended to use apiAvailable to safeguard API compatibility.
[39m[39m
[33mWARN: [33m[33mArkTS:WARN File: D:/Walkie/HarmonyOS/entry/src/main/ets/pages/Index.ets:720:12
 The 'fill' API is supported since SDK version 26.0.0. However, the current compatible SDK version is 6.1.1(24).
 It is recommended to use apiAvailable to safeguard API compatibility.
[39m[39m
[33mWARN: [33m[33mArkTS:WARN File: D:/Walkie/HarmonyOS/entry/src/main/ets/pages/Index.ets:900:10
 The 'fill' API is supported since SDK version 26.0.0. However, the current compatible SDK version is 6.1.1(24).
 It is recommended to use apiAvailable to safeguard API compatibility.
[39m[39m
[33mWARN: [33m[33mArkTS:WARN File: D:/Walkie/HarmonyOS/entry/src/main/ets/pages/Index.ets:1356:10
 The 'fill' API is supported since SDK version 26.0.0. However, the current compatible SDK version is 6.1.1(24).
 It is recommended to use apiAvailable to safeguard API compatibility.
[39m[39m
[33mWARN: [33m[33mArkTS:WARN File: D:/Walkie/HarmonyOS/entry/src/main/ets/pages/Index.ets:1647:16
 The 'fill' API is supported since SDK version 26.0.0. However, the current compatible SDK version is 6.1.1(24).
 It is recommended to use apiAvailable to safeguard API compatibility.
[39m[39m

[2026-09-01T14:19:39.525] [DEBUG] debug-file - Ark compile task finished.finished time is 21935786516700
[2026-09-01T14:19:39.640] [DEBUG] debug-file - current process  memoryUsage: {
  rss: 705691648,
  heapTotal: 339677184,
  heapUsed: 301254000,
  external: 11795664,
  arrayBuffers: 6613651
} os memoryUsage :8.451679229736328
[2026-09-01T14:19:43.791] [DEBUG] debug-file - session manager: set active socket. socketId=MNSQ2b3vBjkNSS-aAAFR
[2026-09-01T14:19:43.811] [DEBUG] debug-file - watch worker: worker id should be larger than 0. Nothing will be sent to any worker thread.
[2026-09-01T14:19:43.817] [DEBUG] debug-file - Workers' log level updated to INFO
[2026-09-01T14:19:43.819] [DEBUG] debug-file - Hvigor init with startParameters:{
  hvigorfileTypeCheck: false,
  parallelExecution: true,
  incrementalExecution: true,
  printStackTrace: false,
  daemon: true,
  analyze: 0,
  logLevel: Level { level: 20000, levelStr: 'INFO', colour: 'green' },
  optimizationStrategy: 'memory',
  hotCompile: undefined,
  hotReloadBuild: undefined,
  customizedParam: undefined
}
[2026-09-01T14:19:43.824] [DEBUG] debug-file - Cache service initialization finished in 5 ms 
[2026-09-01T14:19:43.825] [DEBUG] debug-file - hvigorfile, resolving D:\Walkie\HarmonyOS\hvigorfile.ts
[2026-09-01T14:19:43.828] [DEBUG] debug-file - hvigorfile, require result:  { default: { plugins: [] } }
[2026-09-01T14:19:43.828] [DEBUG] debug-file - hvigorfile, binding system plugins null
[2026-09-01T14:19:43.828] [DEBUG] debug-file - Starting plugin build process
[2026-09-01T14:19:43.828] [DEBUG] debug-file - App plugin prepare start...
[2026-09-01T14:19:43.828] [DEBUG] debug-file - App plugin prepare end...
[2026-09-01T14:19:43.828] [DEBUG] debug-file - App plugin creating...
[2026-09-01T14:19:43.833] [DEBUG] debug-file - App plugin register hook start...
[2026-09-01T14:19:43.833] [DEBUG] debug-file - App plugin register hook end...
[2026-09-01T14:19:43.833] [DEBUG] debug-file - Plugin build process completed
[2026-09-01T14:19:43.833] [DEBUG] debug-file - Start initialize project's product build option map with build mode debug.
[2026-09-01T14:19:43.833] [DEBUG] debug-file - Picking option from product 'default' with build mode 'debug'.
[2026-09-01T14:19:43.833] [DEBUG] debug-file - Product 'default' build option initialized
[2026-09-01T14:19:43.833] [DEBUG] debug-file - End initialize project's product build option map with build mode 'debug'.
[2026-09-01T14:19:43.833] [DEBUG] debug-file - Obtain build option for product 'default'in this build.
[2026-09-01T14:19:43.834] [DEBUG] debug-file - D:\Walkie\HarmonyOS\build\cache\default\remote_hsp\remoteHspCache.json not exists.
[2026-09-01T14:19:43.835] [DEBUG] debug-file - Start recording SDK configuration permission data.
[2026-09-01T14:19:43.895] [DEBUG] debug-file - Sdk init in 61 ms 
[2026-09-01T14:19:43.914] [DEBUG] debug-file - Project task initialization takes 18 ms 
[2026-09-01T14:19:43.914] [DEBUG] debug-file - hvigorfile, begin to bind custom plugins...
[2026-09-01T14:19:43.914] [DEBUG] debug-file - hvigorfile, no custom plugins were found in D:\Walkie\HarmonyOS\hvigorfile.ts
[2026-09-01T14:19:43.914] [DEBUG] debug-file - hvigorfile, resolve finished D:\Walkie\HarmonyOS\hvigorfile.ts
[2026-09-01T14:19:43.915] [DEBUG] debug-file - hvigorfile, resolving D:\Walkie\HarmonyOS\entry\hvigorfile.ts
[2026-09-01T14:19:43.924] [DEBUG] debug-file - hvigorfile, require result:  { default: { plugins: [] } }
[2026-09-01T14:19:43.925] [DEBUG] debug-file - hvigorfile, binding system plugins null
[2026-09-01T14:19:43.925] [DEBUG] debug-file - Starting plugin build process
[2026-09-01T14:19:43.925] [DEBUG] debug-file - Hap plugin creating...
[2026-09-01T14:19:43.932] [DEBUG] debug-file - failed to load cangjie to dynamically generate schemas: Error: Cannot find module '@ohos/cangjie-build-support/index'
Require stack:
- G:\DevEco Studio\tools\hvigor\hvigor-ohos-plugin\src\plugin\hooks\cangjie-register.js
- G:\DevEco Studio\tools\hvigor\hvigor-ohos-plugin\src\plugin\strategy\stage-init-strategy.js
- G:\DevEco Studio\tools\hvigor\hvigor-ohos-plugin\src\plugin\builder\abstract-plugin-builder.js
- G:\DevEco Studio\tools\hvigor\hvigor-ohos-plugin\src\plugin\builder\app-plugin-builder.js
- G:\DevEco Studio\tools\hvigor\hvigor-ohos-plugin\src\plugin\factory\plugin-factory.js
- G:\DevEco Studio\tools\hvigor\hvigor-ohos-plugin\index.js
- D:\Walkie\HarmonyOS\hvigorfile.ts
- G:\DevEco Studio\tools\hvigor\hvigor\src\base\internal\lifecycle\configuration.js
- G:\DevEco Studio\tools\hvigor\hvigor\src\base\boot\index.js
- G:\DevEco Studio\tools\hvigor\hvigor\src\base\daemon\cluster\worker-process-lifecycle.js
- G:\DevEco Studio\tools\hvigor\hvigor\src\base\daemon\process\daemon-process-boot-script.js
[2026-09-01T14:19:43.936] [DEBUG] debug-file - Start initialize module-target build option map, moduleName=entry, buildMode=debug
[2026-09-01T14:19:43.936] [DEBUG] debug-file - Target 'default' config initialized
[2026-09-01T14:19:43.936] [DEBUG] debug-file - Module 'entry' target 'default' build option initialized
[2026-09-01T14:19:43.936] [DEBUG] debug-file - End initialize module-target build option map, moduleName=entry
[2026-09-01T14:19:43.936] [DEBUG] debug-file - Start initialize module-target build option map, moduleName=entry, buildMode=release
[2026-09-01T14:19:43.938] [DEBUG] debug-file - Target 'default' config initialized
[2026-09-01T14:19:43.979] [DEBUG] debug-file - Module 'entry' target 'default' build option initialized
[2026-09-01T14:19:43.980] [DEBUG] debug-file - End initialize module-target build option map, moduleName=entry
[2026-09-01T14:19:43.980] [DEBUG] debug-file - Start initialize module-target build option map, moduleName=entry, buildMode=debug
[2026-09-01T14:19:43.980] [DEBUG] debug-file - Target 'default' config initialized
[2026-09-01T14:19:43.981] [DEBUG] debug-file - Module 'entry' target 'default' build option initialized
[2026-09-01T14:19:43.981] [DEBUG] debug-file - End initialize module-target build option map, moduleName=entry
[2026-09-01T14:19:43.981] [DEBUG] debug-file - Obtain build option for module 'entry' target 'default'in this build.
[2026-09-01T14:19:43.987] [DEBUG] debug-file - Module entry task initialization takes 6 ms 
[2026-09-01T14:19:43.988] [DEBUG] debug-file - Hap plugin register hook start...
[2026-09-01T14:19:43.988] [DEBUG] debug-file - Hap plugin register hook end...
[2026-09-01T14:19:43.988] [DEBUG] debug-file - Plugin build process completed
[2026-09-01T14:19:43.988] [DEBUG] debug-file - hvigorfile, begin to bind custom plugins...
[2026-09-01T14:19:43.988] [DEBUG] debug-file - hvigorfile, no custom plugins were found in D:\Walkie\HarmonyOS\entry\hvigorfile.ts
[2026-09-01T14:19:43.988] [DEBUG] debug-file - hvigorfile, resolve finished D:\Walkie\HarmonyOS\entry\hvigorfile.ts
[2026-09-01T14:19:44.106] [DEBUG] debug-file - hvigorfile, resolve hvigorfile dependencies in 117 ms 
[2026-09-01T14:19:44.107] [DEBUG] debug-file - project has submodules:entry
[2026-09-01T14:19:44.108] [DEBUG] debug-file - start to load updatedOhPackageInfo to the disk
[2026-09-01T14:19:44.112] [DEBUG] debug-file - load to the disk finished
[2026-09-01T14:19:44.114] [DEBUG] debug-file - Start to initialize dependency information.
[2026-09-01T14:19:44.120] [DEBUG] debug-file - Module HarmonyOS Collected Dependency: 
[2026-09-01T14:19:44.121] [DEBUG] debug-file - Module HarmonyOS's total dependency: 0
[2026-09-01T14:19:44.121] [DEBUG] debug-file - Start to initialize dependency information.
[2026-09-01T14:19:44.127] [DEBUG] debug-file - Module entry Collected Dependency: D:\Walkie\HarmonyOS\entry\src\main\cpp\types\libwalkieopus
[2026-09-01T14:19:44.128] [DEBUG] debug-file - Module entry's total dependency: 1
[2026-09-01T14:19:44.129] [DEBUG] debug-file - Configuration phase cost:306 ms 
[2026-09-01T14:19:44.131] [DEBUG] debug-file - Configuration task cost before running: 314 ms 
[2026-09-01T14:19:44.136] [DEBUG] debug-file - Executing task :entry:default@PreBuild
[2026-09-01T14:19:44.138] [DEBUG] debug-file - Task 'entry:default@PreBuild' cost while wrapping incremental declarations: 1 ms 
[2026-09-01T14:19:44.147] [DEBUG] debug-file - entry:default@PreBuild is not up-to-date, since the task snapshots are different.
[2026-09-01T14:19:44.147] [DEBUG] debug-file - Incremental task entry:default@PreBuild pre-execution cost: 7 ms .
[2026-09-01T14:19:44.563] [DEBUG] debug-file - current product is not Atomic service.
[2026-09-01T14:19:44.564] [DEBUG] debug-file - Use tool [win32: JAVA_HOME, CLASSPATH]
 [ { JAVA_HOME: 'G:\\DevEco Studio\\jbr' }, { CLASSPATH: undefined } ]
[2026-09-01T14:19:44.564] [DEBUG] debug-file - Use tool [win32: NODE_HOME]
 [ { NODE_HOME: 'G:\\DevEco Studio\\tools\\node' } ]
[2026-09-01T14:19:44.564] [DEBUG] debug-file - entry : default@PreBuild cost memory -0.83636474609375
[2026-09-01T14:19:44.564] [DEBUG] debug-file - runTaskFromQueue task cost before running: 748 ms 
[2026-09-01T14:19:44.567] [INFO] debug-file - Finished :entry:default@PreBuild... after 429 ms 
[2026-09-01T14:19:44.568] [DEBUG] debug-file - Executing task :entry:default@CreateModuleInfo
[2026-09-01T14:19:44.568] [DEBUG] debug-file - Task 'entry:default@CreateModuleInfo' cost while wrapping incremental declarations: 1 ms 
[2026-09-01T14:19:44.568] [DEBUG] debug-file - entry : default@CreateModuleInfo cost memory 0.036712646484375
[2026-09-01T14:19:44.568] [DEBUG] debug-file - runTaskFromQueue task cost before running: 752 ms 
[2026-09-01T14:19:44.569] [INFO] debug-file - Finished :entry:default@CreateModuleInfo... after 1 ms 
[2026-09-01T14:19:44.574] [DEBUG] debug-file - Executing task :entry:default@GenerateMetadata
[2026-09-01T14:19:44.574] [DEBUG] debug-file - Task 'entry:default@GenerateMetadata' cost while wrapping incremental declarations: 1 ms 
[2026-09-01T14:19:44.576] [DEBUG] debug-file - Incremental task entry:default@GenerateMetadata pre-execution cost: 2 ms .
[2026-09-01T14:19:44.576] [DEBUG] debug-file - entry : default@GenerateMetadata cost memory 0.06649017333984375
[2026-09-01T14:19:44.576] [INFO] debug-file - UP-TO-DATE :entry:default@GenerateMetadata...  
[2026-09-01T14:19:44.578] [DEBUG] debug-file - Executing task :entry:default@ConfigureCmake
[2026-09-01T14:19:44.616] [DEBUG] debug-file - entry : default@ConfigureCmake cost memory -20.036941528320312
[2026-09-01T14:19:44.617] [DEBUG] debug-file - runTaskFromQueue task cost before running: 800 ms 
[2026-09-01T14:19:44.618] [INFO] debug-file - Finished :entry:default@ConfigureCmake... after 40 ms 
[2026-09-01T14:19:44.619] [DEBUG] debug-file - Executing task :entry:default@MergeProfile
[2026-09-01T14:19:44.619] [DEBUG] debug-file - Task 'entry:default@MergeProfile' cost while wrapping incremental declarations: 1 ms 
[2026-09-01T14:19:44.621] [DEBUG] debug-file - Incremental task entry:default@MergeProfile pre-execution cost: 2 ms .
[2026-09-01T14:19:44.621] [DEBUG] debug-file - entry : default@MergeProfile cost memory 0.098419189453125
[2026-09-01T14:19:44.621] [INFO] debug-file - UP-TO-DATE :entry:default@MergeProfile...  
[2026-09-01T14:19:44.622] [DEBUG] debug-file - Executing task :entry:default@CreateBuildProfile
[2026-09-01T14:19:44.623] [DEBUG] debug-file - Task 'entry:default@CreateBuildProfile' cost while wrapping incremental declarations: 1 ms 
[2026-09-01T14:19:44.624] [DEBUG] debug-file - Incremental task entry:default@CreateBuildProfile pre-execution cost: 2 ms .
[2026-09-01T14:19:44.624] [DEBUG] debug-file - entry : default@CreateBuildProfile cost memory 0.097991943359375
[2026-09-01T14:19:44.624] [INFO] debug-file - UP-TO-DATE :entry:default@CreateBuildProfile...  
[2026-09-01T14:19:44.625] [DEBUG] debug-file - Executing task :entry:default@PreCheckSyscap
[2026-09-01T14:19:44.625] [DEBUG] debug-file - entry : default@PreCheckSyscap cost memory 0.0138397216796875
[2026-09-01T14:19:44.625] [DEBUG] debug-file - runTaskFromQueue task cost before running: 809 ms 
[2026-09-01T14:19:44.626] [INFO] debug-file - Finished :entry:default@PreCheckSyscap... after 1 ms 
[2026-09-01T14:19:44.626] [DEBUG] debug-file - Executing task :entry:default@GeneratePkgSdkInfo
[2026-09-01T14:19:44.630] [DEBUG] debug-file - Task 'entry:default@GeneratePkgSdkInfo' cost while wrapping incremental declarations: 1 ms 
[2026-09-01T14:19:44.631] [DEBUG] debug-file - entry : default@GeneratePkgSdkInfo cost memory 0.12166595458984375
[2026-09-01T14:19:44.631] [DEBUG] debug-file - runTaskFromQueue task cost before running: 814 ms 
[2026-09-01T14:19:44.631] [INFO] debug-file - Finished :entry:default@GeneratePkgSdkInfo... after 5 ms 
[2026-09-01T14:19:44.635] [DEBUG] debug-file - Executing task :entry:default@ProcessIntegratedHsp
[2026-09-01T14:19:44.636] [DEBUG] debug-file - entry:default@ProcessIntegratedHsp is not up-to-date, since the output file 'D:\Walkie\HarmonyOS\build\cache\default\integrated_hsp\integratedHspCache.json' does not exist.
[2026-09-01T14:19:44.636] [DEBUG] debug-file - Incremental task entry:default@ProcessIntegratedHsp pre-execution cost: 1 ms .
[2026-09-01T14:19:44.636] [DEBUG] debug-file - entry : default@ProcessIntegratedHsp cost memory 0.04657745361328125
[2026-09-01T14:19:44.636] [DEBUG] debug-file - runTaskFromQueue task cost before running: 819 ms 
[2026-09-01T14:19:44.636] [INFO] debug-file - Finished :entry:default@ProcessIntegratedHsp... after 1 ms 
[2026-09-01T14:19:44.637] [DEBUG] debug-file - Executing task :entry:default@BuildNativeWithCmake
[2026-09-01T14:19:44.639] [DEBUG] debug-file - Use tool [Cmake]
 [
  'G:\\DevEco Studio\\sdk\\default\\openharmony\\native\\build-tools\\cmake\\bin\\cmake.exe',
  '-HD:\\Walkie\\HarmonyOS\\entry\\src\\main\\cpp',
  '-BD:\\Walkie\\HarmonyOS\\entry\\.cxx\\default\\default\\debug\\arm64-v8a',
  '-DOHOS_ARCH=arm64-v8a',
  '-DCMAKE_LIBRARY_OUTPUT_DIRECTORY=D:\\Walkie\\HarmonyOS\\entry\\build\\default\\intermediates\\cmake\\default\\obj\\arm64-v8a',
  '-DCMAKE_BUILD_TYPE=Debug',
  '-DOHOS_SDK_NATIVE=G:\\DevEco Studio\\sdk\\default\\openharmony\\native',
  '-DCMAKE_SYSTEM_NAME=OHOS',
  '-DCMAKE_OHOS_ARCH_ABI=arm64-v8a',
  '-DCMAKE_EXPORT_COMPILE_COMMANDS=ON',
  '-DCMAKE_TOOLCHAIN_FILE=G:\\DevEco Studio\\sdk\\default\\hms\\native\\build\\cmake\\hmos.toolchain.cmake',
  '-GNinja',
  '-DCMAKE_MAKE_PROGRAM=G:\\DevEco Studio\\sdk\\default\\openharmony\\native\\build-tools\\cmake\\bin\\ninja.exe',
  '-DCMAKE_FIND_ROOT_PATH=D:\\Walkie\\HarmonyOS\\entry\\.cxx\\default\\default\\debug\\hvigor\\arm64-v8a',
  '-DPACKAGE_FIND_FILE=D:\\Walkie\\HarmonyOS\\entry\\.cxx\\default\\default\\debug\\hvigor\\arm64-v8a\\summary.cmake',
  '--no-warn-unused-cli',
  '-DHMOS_SDK_NATIVE=G:\\DevEco Studio\\sdk\\default\\hms\\native'
]
[2026-09-01T14:19:44.651] [DEBUG] debug-file - CMake configuration was up-to-date
[2026-09-01T14:19:44.654] [DEBUG] debug-file - entry : default@BuildNativeWithCmake cost memory 0.18755340576171875
[2026-09-01T14:19:44.655] [DEBUG] debug-file - runTaskFromQueue task cost before running: 838 ms 
[2026-09-01T14:19:44.655] [INFO] debug-file - Finished :entry:default@BuildNativeWithCmake... after 18 ms 
[2026-09-01T14:19:44.656] [DEBUG] debug-file - Executing task :entry:default@MakePackInfo
[2026-09-01T14:19:44.659] [DEBUG] debug-file - Incremental task entry:default@MakePackInfo pre-execution cost: 3 ms .
[2026-09-01T14:19:44.660] [DEBUG] debug-file - entry : default@MakePackInfo cost memory 0.08679962158203125
[2026-09-01T14:19:44.660] [INFO] debug-file - UP-TO-DATE :entry:default@MakePackInfo...  
[2026-09-01T14:19:44.661] [DEBUG] debug-file - Executing task :entry:default@SyscapTransform
[2026-09-01T14:19:44.661] [DEBUG] debug-file - File: 'D:\Walkie\HarmonyOS\entry\src\main\syscap.json' from 'sysCapJsonPath' is not exists, just ignore.
[2026-09-01T14:19:44.662] [DEBUG] debug-file - Task 'entry:default@SyscapTransform' cost while wrapping incremental declarations: 1 ms 
[2026-09-01T14:19:44.664] [DEBUG] debug-file - entry:default@SyscapTransform is not up-to-date, since the output file 'D:\Walkie\HarmonyOS\entry\build\default\intermediates\syscap\default\rpcid.sc' does not exist.
[2026-09-01T14:19:44.665] [DEBUG] debug-file - Incremental task entry:default@SyscapTransform pre-execution cost: 3 ms .
[2026-09-01T14:19:44.665] [DEBUG] debug-file - entry : default@SyscapTransform cost memory 0.10259246826171875
[2026-09-01T14:19:44.666] [DEBUG] debug-file - runTaskFromQueue task cost before running: 849 ms 
[2026-09-01T14:19:44.666] [INFO] debug-file - Finished :entry:default@SyscapTransform... after 5 ms 
[2026-09-01T14:19:44.668] [DEBUG] debug-file - Executing task :entry:default@BuildNativeWithNinja
[2026-09-01T14:19:44.673] [DEBUG] debug-file - Use tool [Ninja]
 [
  'G:\\DevEco Studio\\sdk\\default\\openharmony\\native\\build-tools\\cmake\\bin\\ninja.exe',
  '-C',
  'D:\\Walkie\\HarmonyOS\\entry\\.cxx\\default\\default\\debug\\arm64-v8a'
]
[2026-09-01T14:19:44.673] [DEBUG] debug-file - default@BuildNativeWithNinja work[348] is submitted.
[2026-09-01T14:19:44.673] [DEBUG] debug-file - default@BuildNativeWithNinja work[348] is pushed to ready queue.
[2026-09-01T14:19:44.674] [DEBUG] debug-file - default@BuildNativeWithNinja work[348] is not dispatched.
[2026-09-01T14:19:44.685] [DEBUG] debug-file - OHOS_STL is c++_shared
[2026-09-01T14:19:44.685] [DEBUG] debug-file - Copy STL libc++_shared.so to D:\Walkie\HarmonyOS\entry\build\default\intermediates\cmake\default\obj\arm64-v8a due to OHOS_STL is 'c++_shared'
[2026-09-01T14:19:44.686] [DEBUG] debug-file - entry : default@BuildNativeWithNinja cost memory 1.7804031372070312
[2026-09-01T14:19:44.687] [DEBUG] debug-file - Executing task :entry:default@GeneratePkgContextInfo
[2026-09-01T14:19:44.701] [DEBUG] debug-file - Task 'entry:default@GeneratePkgContextInfo' cost while wrapping incremental declarations: 1 ms 
[2026-09-01T14:19:44.701] [DEBUG] debug-file - Incremental task entry:default@GeneratePkgContextInfo pre-execution cost: 1 ms .
[2026-09-01T14:19:44.701] [DEBUG] debug-file - entry : default@GeneratePkgContextInfo cost memory 1.9932403564453125
[2026-09-01T14:19:44.702] [INFO] debug-file - UP-TO-DATE :entry:default@GeneratePkgContextInfo...  
[2026-09-01T14:19:44.703] [DEBUG] debug-file - Executing task :entry:default@ProcessProfile
[2026-09-01T14:19:44.706] [DEBUG] debug-file - Task 'entry:default@ProcessProfile' cost while wrapping incremental declarations: 1 ms 
[2026-09-01T14:19:44.707] [DEBUG] debug-file - Incremental task entry:default@ProcessProfile pre-execution cost: 1 ms .
[2026-09-01T14:19:44.707] [DEBUG] debug-file - entry : default@ProcessProfile cost memory 0.1251678466796875
[2026-09-01T14:19:44.708] [INFO] debug-file - UP-TO-DATE :entry:default@ProcessProfile...  
[2026-09-01T14:19:44.709] [DEBUG] debug-file - Executing task :entry:default@ProcessRouterMap
[2026-09-01T14:19:44.712] [DEBUG] debug-file - Incremental task entry:default@ProcessRouterMap pre-execution cost: 3 ms .
[2026-09-01T14:19:44.712] [DEBUG] debug-file - entry : default@ProcessRouterMap cost memory 0.103912353515625
[2026-09-01T14:19:44.713] [INFO] debug-file - UP-TO-DATE :entry:default@ProcessRouterMap...  
[2026-09-01T14:19:44.714] [DEBUG] debug-file - Executing task :entry:default@ProcessShareConfig
[2026-09-01T14:19:44.717] [DEBUG] debug-file - Incremental task entry:default@ProcessShareConfig pre-execution cost: 3 ms .
[2026-09-01T14:19:44.717] [DEBUG] debug-file - entry : default@ProcessShareConfig cost memory 0.09093475341796875
[2026-09-01T14:19:44.718] [INFO] debug-file - UP-TO-DATE :entry:default@ProcessShareConfig...  
[2026-09-01T14:19:44.720] [DEBUG] debug-file - Executing task :entry:default@ProcessStartupConfig
[2026-09-01T14:19:44.720] [DEBUG] debug-file - Task 'entry:default@ProcessStartupConfig' cost while wrapping incremental declarations: 1 ms 
[2026-09-01T14:19:44.722] [DEBUG] debug-file - entry:default@ProcessStartupConfig is not up-to-date, since the output file 'D:\Walkie\HarmonyOS\entry\build\default\intermediates\startup\default\startup_config.json' does not exist.
[2026-09-01T14:19:44.722] [DEBUG] debug-file - Incremental task entry:default@ProcessStartupConfig pre-execution cost: 1 ms .
[2026-09-01T14:19:44.723] [DEBUG] debug-file - entry : default@ProcessStartupConfig cost memory 0.11333465576171875
[2026-09-01T14:19:44.723] [DEBUG] debug-file - runTaskFromQueue task cost before running: 907 ms 
[2026-09-01T14:19:44.724] [INFO] debug-file - Finished :entry:default@ProcessStartupConfig... after 4 ms 
[2026-09-01T14:19:44.725] [DEBUG] debug-file - restool module names: entry; moduleName=entry, taskName=default@ProcessResource
[2026-09-01T14:19:44.726] [DEBUG] debug-file - Executing task :entry:default@ProcessResource
[2026-09-01T14:19:44.726] [DEBUG] debug-file - Task 'entry:default@ProcessResource' cost while wrapping incremental declarations: 1 ms 
[2026-09-01T14:19:44.727] [DEBUG] debug-file - Incremental task entry:default@ProcessResource pre-execution cost: 1 ms .
[2026-09-01T14:19:44.727] [DEBUG] debug-file - entry : default@ProcessResource cost memory 0.0962371826171875
[2026-09-01T14:19:44.728] [INFO] debug-file - UP-TO-DATE :entry:default@ProcessResource...  
[2026-09-01T14:19:44.730] [DEBUG] debug-file - Executing task :entry:default@GenerateLoaderJson
[2026-09-01T14:19:44.731] [DEBUG] debug-file - Task 'entry:default@GenerateLoaderJson' cost while wrapping incremental declarations: 1 ms 
[2026-09-01T14:19:44.746] [DEBUG] debug-file - entry:default@GenerateLoaderJson is not up-to-date, since the task snapshots are different.
[2026-09-01T14:19:44.746] [DEBUG] debug-file - Incremental task entry:default@GenerateLoaderJson pre-execution cost: 9 ms .
[2026-09-01T14:19:44.748] [DEBUG] debug-file - entry : default@GenerateLoaderJson cost memory 0.4621429443359375
[2026-09-01T14:19:44.748] [DEBUG] debug-file - runTaskFromQueue task cost before running: 931 ms 
[2026-09-01T14:19:44.752] [INFO] debug-file - Finished :entry:default@GenerateLoaderJson... after 19 ms 
[2026-09-01T14:19:44.753] [DEBUG] debug-file - restool module names: entry; moduleName=entry, taskName=default@CompileResource
[2026-09-01T14:19:44.753] [DEBUG] debug-file - Executing task :entry:default@CompileResource
[2026-09-01T14:19:44.772] [DEBUG] debug-file - Incremental task entry:default@CompileResource pre-execution cost: 18 ms .
[2026-09-01T14:19:44.772] [DEBUG] debug-file - entry : default@CompileResource cost memory 0.40319061279296875
[2026-09-01T14:19:44.773] [INFO] debug-file - UP-TO-DATE :entry:default@CompileResource...  
[2026-09-01T14:19:44.775] [DEBUG] debug-file - Executing task :entry:default@CompileArkTS
[2026-09-01T14:19:44.775] [DEBUG] debug-file - obfuscationOptions: undefined
[2026-09-01T14:19:44.780] [DEBUG] debug-file - Task 'entry:default@CompileArkTS' cost while wrapping incremental declarations: 1 ms 
[2026-09-01T14:19:44.787] [DEBUG] debug-file - entry:default@CompileArkTS is not up-to-date, since the input file 'D:\Walkie\HarmonyOS\entry\build\default\intermediates\loader\default' has been changed.
[2026-09-01T14:19:44.787] [DEBUG] debug-file - Incremental task entry:default@CompileArkTS pre-execution cost: 5 ms .
[2026-09-01T14:19:44.806] [DEBUG] debug-file - build config:
[2026-09-01T14:19:44.807] [DEBUG] debug-file - {
  moduleType: 'entry',
  perf: 0,
  targetName: '.default',
  packageManagerType: 'ohpm',
  localPropertiesPath: 'D:\\Walkie\\HarmonyOS\\local.properties',
  isPreview: false,
  isOhosTest: false,
  isLocalTest: false,
  buildMode: 'Debug',
  hotReloadBuild: undefined,
  watchMode: 'false',
  aceProfilePath: 'D:\\Walkie\\HarmonyOS\\entry\\build\\default\\intermediates\\res\\default\\resources\\base\\profile',
  etsLoaderPath: 'G:\\DevEco Studio\\sdk\\default\\openharmony\\ets\\build-tools\\ets-loader',
  modulePath: 'D:\\Walkie\\HarmonyOS\\entry',
  testFrameworkPar: {
    testMode: undefined,
    coveragePathFilter: undefined,
    coverageMode: undefined
  },
  needCoverageInsert: false,
  debugLine: false,
  projectTopDir: 'D:\\Walkie\\HarmonyOS',
  compileSdkVersion: 26,
  compatibleSdkVersion: 24,
  originCompatibleSdkVersion: '6.1.1(24)',
  compatibleSdkVersionStage: undefined,
  bundleName: 'c***s',
  etsLoaderVersion: '26.0.0.105',
  etsLoaderReleaseType: 'Release',
  aotCompileMode: 'type',
  apPath: 'D:\\Walkie\\HarmonyOS\\entry\\modules.ap',
  entryModuleName: 'entry',
  entryModuleVersion: '1.0.0',
  entryPackageName: 'entry',
  allModuleNameHash: 'a8fd18c035955df3504313cc77096cc5eebe701cea4ff96683a97a1834bc7dac',
  externalApiPaths: [ 'G:\\DevEco Studio\\sdk\\default\\hms\\ets' ],
  compilerTypes: [],
  isCrossplatform: false,
  hvigorPluginFile: undefined,
  compilePluginPath: undefined,
  buildGeneratedProfilePath: 'D:\\Walkie\\HarmonyOS\\entry\\build\\default\\generated\\profile\\default',
  bundleType: 'app',
  arkTSVersion: undefined,
  apiVersion: 26,
  needCompleteSourcesMap: false,
  isFaMode: false,
  buildDir: 'D:\\Walkie\\HarmonyOS\\entry\\build',
  buildCacheProjectDir: 'D:\\Walkie\\HarmonyOS',
  deviceTypes: [ 'phone' ],
  pkgContextInfo: {
    'libwalkieopus.so': {
      packageName: 'libwalkieopus.so',
      bundleName: '*****',
      moduleName: '',
      version: '',
      entryPath: 'Index',
      isSO: true,
      dependencyAlias: ''
    },
    '@ohos/hypium': {
      packageName: '@ohos/hypium',
      bundleName: '*****',
      moduleName: '',
      version: '1.0.25',
      entryPath: 'index.js',
      isSO: false,
      dependencyAlias: ''
    },
    '@ohos/hamock': {
      packageName: '@ohos/hamock',
      bundleName: '*****',
      moduleName: '',
      version: '1.0.0',
      entryPath: 'index.ets',
      isSO: false,
      dependencyAlias: ''
    },
    entry: {
      packageName: 'entry',
      bundleName: '*****',
      moduleName: '',
      version: '',
      entryPath: 'src/main/',
      isSO: false,
      dependencyAlias: ''
    },
    'libopus.a': {
      packageName: 'libopus.a',
      bundleName: '*****',
      moduleName: '',
      version: '',
      entryPath: '',
      isSO: true,
      dependencyAlias: ''
    }
  },
  ohPackagePathMap: {},
  dependencyAliasMap: {},
  permission: {
    requestPermissions: [ [Object], [Object], [Object] ],
    definePermissions: undefined
  },
  useGetCurrentBundleName: false,
  projectArkOption: undefined,
  sourceMapDir: undefined,
  branchElimination: false,
  transformLib: undefined,
  tsImportSendable: false,
  resolveConflictMode: true,
  depName2RootPath: {},
  depName2DepInfo: {},
  depName2OhExports: {},
  rootPathSet: [ 'D:\\Walkie\\HarmonyOS' ],
  useNativeResolver: true,
  shouldEmitJs: true,
  useUnifiedAst: false,
  useTscResolve: false,
  singleFileEmit: false,
  userProjectConfig: {
    autoLazyImport: false,
    allowEmptyBundleName: false,
    reExportCheckMode: 'noCheck',
    executionMode: 'memory',
    usePathPlaceholder: false,
    writeRollupCache: true,
    isExpandImportEnabled: false,
    expandImportExclude: '',
    lazyImportExclude: '',
    lazyImportInclude: '',
    ignoreCrossplatformCheck: false,
    isHarDeduplicateEnabled: false,
    skipOhModulesLint: false,
    enableStrictCheckOHModule: false,
    disableSendableCheckRules: [],
    useDeclarationFileSignature: false,
    customizedOptions: undefined,
    integratedHsp: false,
    tsImportSoCheck: false,
    isPreloadSoEnabled: false
  },
  executionMode: 'memory',
  arkCompileCachePath: 'D:\\Walkie\\HarmonyOS\\entry\\build\\default\\cache\\default\\default@CompileArkTS\\esmodule',
  autoLazyFilter: undefined,
  isHarDeduplicateEnabled: false,
  intermediateHarDuplicateDirPath: 'D:\\Walkie\\HarmonyOS\\entry\\build\\default\\intermediates\\har_duplicate\\default',
  autoLazyImport: false,
  allowEmptyBundleName: false,
  reExportCheckMode: 'noCheck',
  usePathPlaceholder: false,
  writeRollupCache: true,
  isExpandImportEnabled: false,
  expandImportExclude: '',
  lazyImportExclude: '',
  lazyImportInclude: '',
  ignoreCrossplatformCheck: false,
  skipOhModulesLint: false,
  enableStrictCheckOHModule: false,
  disableSendableCheckRules: [],
  useDeclarationFileSignature: false,
  customizedOptions: undefined,
  integratedHsp: false,
  tsImportSoCheck: false,
  isPreloadSoEnabled: false,
  strictMode: {
    caseSensitiveCheck: true,
    useNormalizedOHMUrl: true,
    noExternalImportByPath: true
  },
  useNormalizedOHMUrl: true,
  caseSensitiveCheck: true,
  strictCheckerOnly: false,
  aceModuleJsonPath: 'D:\\Walkie\\HarmonyOS\\entry\\build\\default\\intermediates\\res\\default\\ark_module.json',
  appResource: 'D:\\Walkie\\HarmonyOS\\entry\\build\\default\\intermediates\\res\\default\\ResourceTable.txt',
  rawFileResource: 'D:\\Walkie\\HarmonyOS\\entry\\build\\default\\intermediates\\res\\default\\resources\\rawfile',
  resourceTableHash: 'fae0125d63a47f1b42603ade6089d7cdc79e91eb696362cc088354972df05f3d',
  runtimeOS: 'HarmonyOS',
  sdkInfo: 'false:26:26.0.0.105:Release',
  aceModuleRoot: 'D:\\Walkie\\HarmonyOS\\entry\\src\\main\\ets',
  compileMode: 'esmodule',
  aceSuperVisualPath: 'D:\\Walkie\\HarmonyOS\\entry\\src\\main\\supervisual',
  aceBuildJson: 'D:\\Walkie\\HarmonyOS\\entry\\build\\default\\intermediates\\loader\\default\\loader.json',
  cachePath: 'D:\\Walkie\\HarmonyOS\\entry\\build\\default\\cache\\default\\default@CompileArkTS\\esmodule\\debug',
  aceModuleBuild: 'D:\\Walkie\\HarmonyOS\\entry\\build\\default\\intermediates\\loader_out\\default\\ets',
  supportChunks: true,
  declaredFilesPath: undefined,
  shouldCollectDirectImportees: false,
  isByteCodeHarOptimize: false,
  expandImportPath: undefined,
  resourceTableTs: 'D:\\Walkie\\HarmonyOS\\entry\\build\\default\\generated\\r\\default\\ResourceTable.ts',
  moduleMetaInfoFiles: [
    {
      filePath: 'D:\\Walkie\\HarmonyOS\\entry\\build\\default\\generated\\r\\default\\ResourceTable.ts',
      ohmurl: '&entry/build/generated/r/ResourceTable&'
    }
  ],
  pkgNameToPkgBriefInfo: {
    entry: {
      pkgRoot: 'D:\\Walkie\\HarmonyOS\\entry',
      originalSourceRoots: undefined,
      sourceRoots: [Array],
      pkgName: 'entry'
    }
  },
  projectModel: {
    'D:\\Walkie\\HarmonyOS\\entry\\src\\main': {
      moduleName: 'entry',
      modulePkgPath: 'D:\\Walkie\\HarmonyOS\\entry',
      belongProjectPath: 'D:\\Walkie\\HarmonyOS'
    },
    'D:\\Walkie\\HarmonyOS\\entry': {
      moduleName: 'entry',
      modulePkgPath: 'D:\\Walkie\\HarmonyOS\\entry',
      belongProjectPath: 'D:\\Walkie\\HarmonyOS'
    },
    'D:\\Walkie\\HarmonyOS': {
      moduleName: 'HarmonyOS',
      modulePkgPath: 'D:\\Walkie\\HarmonyOS',
      belongProjectPath: 'D:\\Walkie\\HarmonyOS'
    }
  },
  pkgJsonFileHash: '31009a1b1f5fc6d0fc14fddbbb73cb6da7cef12b41ca288f873fad459761e3af',
  allModulePaths: [ 'D:\\Walkie\\HarmonyOS\\entry' ],
  routerMap: {},
  obfuscationOptions: undefined,
  byteCodeHarToDependencyKeys: undefined,
  compileBlockPkg: [],
  mockParams: {
    decorator: '@MockSetup',
    packageName: '@ohos/hamock',
    etsSourceRootPath: 'src/main/ets',
    mockConfigPath: 'D:\\Walkie\\HarmonyOS\\entry\\src\\mock\\mock-config.json5',
    mockConfigKey2ModuleInfo: {},
    source2ModuleIdMap: {}
  },
  copyCodeResourceEnable: true,
  copyCodeResourceExcludes: [],
  copyCodeResourceIncludes: undefined,
  uiTransformOptimization: false,
  sdkPath: 'G:/DevEco Studio/sdk',
  needPreloadSoFileSet: {},
  preloadSoFilePath: 'D:\\Walkie\\HarmonyOS\\entry\\build\\default\\intermediates\\preload\\default\\preload.json',
  useSourceHash: false,
  localModuleParamMap: {},
  otherPaths: {
    'entry/*': [
      '..\\*',
      '..\\..\\..\\build\\default\\generated\\profile\\default\\*'
    ]
  },
  collectImportersConfig: undefined
}
[2026-09-01T14:19:44.807] [DEBUG] debug-file - Compile arkts with external api path: G:\DevEco Studio\sdk\default\hms\ets
[2026-09-01T14:19:44.808] [DEBUG] debug-file - before submitting ArkTS compile task to worker pool, config.buildDir: D:\Walkie\HarmonyOS\entry\build
[2026-09-01T14:19:44.808] [DEBUG] debug-file - default@CompileArkTS work[349] is submitted.
[2026-09-01T14:19:44.808] [DEBUG] debug-file - default@CompileArkTS work[349] is pushed to ready queue.
[2026-09-01T14:19:44.808] [DEBUG] debug-file - default@CompileArkTS work[349] is not dispatched.
[2026-09-01T14:19:44.808] [DEBUG] debug-file - CopyResources startTime: 21941069166900
[2026-09-01T14:19:44.808] [DEBUG] debug-file - default@CompileArkTS work[350] is submitted.
[2026-09-01T14:19:44.808] [DEBUG] debug-file - default@CompileArkTS work[350] is pushed to ready queue.
[2026-09-01T14:19:44.808] [DEBUG] debug-file - default@CompileArkTS work[350] is not dispatched.
[2026-09-01T14:19:44.808] [DEBUG] debug-file - entry : default@CompileArkTS cost memory 1.0197067260742188
[2026-09-01T14:19:44.810] [DEBUG] debug-file - Executing task :entry:default@BuildJS
[2026-09-01T14:19:44.810] [DEBUG] debug-file - Task 'entry:default@BuildJS' cost while wrapping incremental declarations: 1 ms 
[2026-09-01T14:19:44.813] [DEBUG] debug-file - entry : default@BuildJS cost memory 0.12149810791015625
[2026-09-01T14:19:44.813] [DEBUG] debug-file - runTaskFromQueue task cost before running: 996 ms 
[2026-09-01T14:19:44.813] [INFO] debug-file - Finished :entry:default@BuildJS... after 4 ms 
[2026-09-01T14:19:44.917] [DEBUG] debug-file - A work dispatched to worker[3] failed because unable to get work from ready queue.
[2026-09-01T14:19:44.917] [DEBUG] debug-file - default@BuildNativeWithNinja work[348] has been dispatched to worker[2].
[2026-09-01T14:19:44.917] [DEBUG] debug-file - A work dispatched to worker[3] failed because unable to get work from ready queue.
[2026-09-01T14:19:44.917] [DEBUG] debug-file - A work dispatched to worker[2] failed because of worker busy.
[2026-09-01T14:19:44.917] [DEBUG] debug-file - default@CompileArkTS work[350] has been dispatched to worker[1].
[2026-09-01T14:19:44.918] [DEBUG] debug-file - A work dispatched to worker[3] failed because unable to get work from ready queue.
[2026-09-01T14:19:44.918] [DEBUG] debug-file - A work dispatched to worker[2] failed because of worker busy.
[2026-09-01T14:19:44.918] [DEBUG] debug-file - A work dispatched to worker[1] failed because of worker busy.
[2026-09-01T14:19:44.918] [DEBUG] debug-file - A work dispatched to worker[0] failed because unable to get work from ready queue.
[2026-09-01T14:19:44.923] [DEBUG] debug-file - worker[1] has one work done.
[2026-09-01T14:19:44.924] [DEBUG] debug-file - CopyResources is end, endTime: 21941184981100
[2026-09-01T14:19:44.924] [DEBUG] debug-file - default@CompileArkTS work[350] done.
[2026-09-01T14:19:44.924] [DEBUG] debug-file - default@CompileArkTS work[349] has been dispatched to worker[1].
[2026-09-01T14:19:44.974] [DEBUG] debug-file - ninja: Entering directory `D:\Walkie\HarmonyOS\entry\.cxx\default\default\debug\arm64-v8a'
ninja: no work to do.

[2026-09-01T14:19:44.983] [DEBUG] debug-file - worker[2] has one work done.
[2026-09-01T14:19:44.999] [DEBUG] debug-file - default@BuildNativeWithNinja work[348] done.
[2026-09-01T14:19:44.999] [DEBUG] debug-file - A work dispatched to worker[2] failed because unable to get work from ready queue.
[2026-09-01T14:19:44.999] [INFO] debug-file - Finished :entry:default@BuildNativeWithNinja... after 83 ms 
[2026-09-01T14:19:45.000] [DEBUG] debug-file - Executing task :entry:default@ProcessLibs
[2026-09-01T14:19:45.013] [DEBUG] debug-file - Check content hash for D:\Walkie\HarmonyOS\entry\build\default\intermediates\cmake\default\obj\arm64-v8a\libwalkieopus.so
[2026-09-01T14:19:45.020] [DEBUG] debug-file - Check content hash for D:\Walkie\HarmonyOS\entry\build\default\intermediates\cmake\default\obj\arm64-v8a\libopus.a
[2026-09-01T14:19:45.034] [DEBUG] debug-file - Check content hash for D:\Walkie\HarmonyOS\entry\build\default\intermediates\cmake\default\obj\arm64-v8a\libc++_shared.so
[2026-09-01T14:19:45.040] [DEBUG] debug-file - Task 'entry:default@ProcessLibs' cost while wrapping incremental declarations: 1 ms 
[2026-09-01T14:19:45.044] [DEBUG] debug-file - Incremental task entry:default@ProcessLibs pre-execution cost: 4 ms .
[2026-09-01T14:19:45.044] [DEBUG] debug-file - entry : default@ProcessLibs cost memory -9.495147705078125
[2026-09-01T14:19:45.045] [INFO] debug-file - UP-TO-DATE :entry:default@ProcessLibs...  
[2026-09-01T14:19:45.046] [DEBUG] debug-file - Executing task :entry:default@DoNativeStrip
[2026-09-01T14:19:45.046] [DEBUG] debug-file - File: 'D:\Walkie\HarmonyOS\entry\build\default\intermediates\binxo\default' from 'doBinxoNativeLibs' is not exists, just ignore.
[2026-09-01T14:19:45.046] [DEBUG] debug-file - Task 'entry:default@DoNativeStrip' cost while wrapping incremental declarations: 1 ms 
[2026-09-01T14:19:45.049] [DEBUG] debug-file - Incremental task entry:default@DoNativeStrip pre-execution cost: 3 ms .
[2026-09-01T14:19:45.049] [DEBUG] debug-file - entry : default@DoNativeStrip cost memory 0.10284423828125
[2026-09-01T14:19:45.049] [INFO] debug-file - UP-TO-DATE :entry:default@DoNativeStrip...  
[2026-09-01T14:19:45.050] [DEBUG] debug-file - Executing task :entry:default@CacheNativeLibs
[2026-09-01T14:19:45.050] [DEBUG] debug-file - File: 'D:\Walkie\HarmonyOS\entry\build\default\intermediates\binxo\default' from 'cacheBinxoNativeLibs' is not exists, just ignore.
[2026-09-01T14:19:45.050] [DEBUG] debug-file - Task 'entry:default@CacheNativeLibs' cost while wrapping incremental declarations: 1 ms 
[2026-09-01T14:19:45.054] [DEBUG] debug-file - Incremental task entry:default@CacheNativeLibs pre-execution cost: 4 ms .
[2026-09-01T14:19:45.054] [DEBUG] debug-file - entry : default@CacheNativeLibs cost memory 0.1129608154296875
[2026-09-01T14:19:45.054] [INFO] debug-file - UP-TO-DATE :entry:default@CacheNativeLibs...  
[2026-09-01T14:19:46.206] [WARN] debug-file - [33mWARN: [33m[33mArkTS:WARN File: D:/Walkie/HarmonyOS/entry/src/main/ets/WalkieUdp.ets:248:15
 Function may throw exceptions. Special handling is required.
[39m[39m
[33mWARN: [33m[33mArkTS:WARN File: D:/Walkie/HarmonyOS/entry/src/main/ets/WalkieUdp.ets:289:15
 Function may throw exceptions. Special handling is required.
[39m[39m
[33mWARN: [33m[33mArkTS:WARN File: D:/Walkie/HarmonyOS/entry/src/main/ets/WalkieAudio.ets:241:11
 The system capacity of this api 'audio' is not supported on all devices
[39m[39m
[33mWARN: [33m[33mArkTS:WARN File: D:/Walkie/HarmonyOS/entry/src/main/ets/WalkieAudio.ets:244:11
 The system capacity of this api 'audio' is not supported on all devices
[39m[39m
[33mWARN: [33m[33mArkTS:WARN File: D:/Walkie/HarmonyOS/entry/src/main/ets/WalkieAudio.ets:247:11
 The system capacity of this api 'audio' is not supported on all devices
[39m[39m
[33mWARN: [33m[33mArkTS:WARN File: D:/Walkie/HarmonyOS/entry/src/main/ets/WalkieAudio.ets:250:11
 The system capacity of this api 'audio' is not supported on all devices
[39m[39m
[33mWARN: [33m[33mArkTS:WARN File: D:/Walkie/HarmonyOS/entry/src/main/ets/WalkieAudio.ets:256:11
 The system capacity of this api 'audio' is not supported on all devices
[39m[39m
[33mWARN: [33m[33mArkTS:WARN File: D:/Walkie/HarmonyOS/entry/src/main/ets/WalkieAudio.ets:275:15
 The system capacity of this api 'audio' is not supported on all devices
[39m[39m
[33mWARN: [33m[33mArkTS:WARN File: D:/Walkie/HarmonyOS/entry/src/main/ets/WalkieTone.ets:299:11
 The system capacity of this api 'audio' is not supported on all devices
[39m[39m
[33mWARN: [33m[33mArkTS:WARN File: D:/Walkie/HarmonyOS/entry/src/main/ets/WalkieTone.ets:302:11
 The system capacity of this api 'audio' is not supported on all devices
[39m[39m
[33mWARN: [33m[33mArkTS:WARN File: D:/Walkie/HarmonyOS/entry/src/main/ets/WalkieTone.ets:305:11
 The system capacity of this api 'audio' is not supported on all devices
[39m[39m
[33mWARN: [33m[33mArkTS:WARN File: D:/Walkie/HarmonyOS/entry/src/main/ets/WalkieTone.ets:308:11
 The system capacity of this api 'audio' is not supported on all devices
[39m[39m
[33mWARN: [33m[33mArkTS:WARN File: D:/Walkie/HarmonyOS/entry/src/main/ets/WalkieTone.ets:321:11
 The system capacity of this api 'audio' is not supported on all devices
[39m[39m
[33mWARN: [33m[33mArkTS:WARN File: D:/Walkie/HarmonyOS/entry/src/main/ets/WalkieTone.ets:327:11
 The system capacity of this api 'audio' is not supported on all devices
[39m[39m
[33mWARN: [33m[33mArkTS:WARN File: D:/Walkie/HarmonyOS/entry/src/main/ets/WalkieTone.ets:354:15
 The system capacity of this api 'audio' is not supported on all devices
[39m[39m
[33mWARN: [33m[33mArkTS:WARN File: D:/Walkie/HarmonyOS/entry/src/main/ets/WalkiePlayback.ets:148:9
 The system capacity of this api 'audio' is not supported on all devices
[39m[39m
[33mWARN: [33m[33mArkTS:WARN File: D:/Walkie/HarmonyOS/entry/src/main/ets/WalkiePlayback.ets:151:9
 The system capacity of this api 'audio' is not supported on all devices
[39m[39m
[33mWARN: [33m[33mArkTS:WARN File: D:/Walkie/HarmonyOS/entry/src/main/ets/WalkiePlayback.ets:154:9
 The system capacity of this api 'audio' is not supported on all devices
[39m[39m
[33mWARN: [33m[33mArkTS:WARN File: D:/Walkie/HarmonyOS/entry/src/main/ets/WalkiePlayback.ets:157:9
 The system capacity of this api 'audio' is not supported on all devices
[39m[39m
[33mWARN: [33m[33mArkTS:WARN File: D:/Walkie/HarmonyOS/entry/src/main/ets/WalkiePlayback.ets:164:9
 The system capacity of this api 'audio' is not supported on all devices
[39m[39m
[33mWARN: [33m[33mArkTS:WARN File: D:/Walkie/HarmonyOS/entry/src/main/ets/WalkiePlayback.ets:170:9
 The system capacity of this api 'audio' is not supported on all devices
[39m[39m
[33mWARN: [33m[33mArkTS:WARN File: D:/Walkie/HarmonyOS/entry/src/main/ets/WalkiePlayback.ets:185:15
 The system capacity of this api 'audio' is not supported on all devices
[39m[39m
[33mWARN: [33m[33mArkTS:WARN File: D:/Walkie/HarmonyOS/entry/src/main/ets/WalkieClient.ets:3401:10
 'decode' has been deprecated.
[39m[39m
[33mWARN: [33m[33mArkTS:WARN File: D:/Walkie/HarmonyOS/entry/src/main/ets/pages/Index.ets:452:10
 The 'fill' API is supported since SDK version 26.0.0. However, the current compatible SDK version is 6.1.1(24).
 It is recommended to use apiAvailable to safeguard API compatibility.
[39m[39m
[33mWARN: [33m[33mArkTS:WARN File: D:/Walkie/HarmonyOS/entry/src/main/ets/pages/Index.ets:495:12
 The 'fill' API is supported since SDK version 26.0.0. However, the current compatible SDK version is 6.1.1(24).
 It is recommended to use apiAvailable to safeguard API compatibility.
[39m[39m
[33mWARN: [33m[33mArkTS:WARN File: D:/Walkie/HarmonyOS/entry/src/main/ets/pages/Index.ets:720:12
 The 'fill' API is supported since SDK version 26.0.0. However, the current compatible SDK version is 6.1.1(24).
 It is recommended to use apiAvailable to safeguard API compatibility.
[39m[39m
[33mWARN: [33m[33mArkTS:WARN File: D:/Walkie/HarmonyOS/entry/src/main/ets/pages/Index.ets:900:10
 The 'fill' API is supported since SDK version 26.0.0. However, the current compatible SDK version is 6.1.1(24).
 It is recommended to use apiAvailable to safeguard API compatibility.
[39m[39m
[33mWARN: [33m[33mArkTS:WARN File: D:/Walkie/HarmonyOS/entry/src/main/ets/pages/Index.ets:1356:10
 The 'fill' API is supported since SDK version 26.0.0. However, the current compatible SDK version is 6.1.1(24).
 It is recommended to use apiAvailable to safeguard API compatibility.
[39m[39m
[33mWARN: [33m[33mArkTS:WARN File: D:/Walkie/HarmonyOS/entry/src/main/ets/pages/Index.ets:1647:16
 The 'fill' API is supported since SDK version 26.0.0. However, the current compatible SDK version is 6.1.1(24).
 It is recommended to use apiAvailable to safeguard API compatibility.
[39m[39m

[2026-09-01T14:19:46.207] [DEBUG] debug-file - Ark compile task finished.finished time is 21942467623900
[2026-09-01T14:19:46.207] [DEBUG] debug-file - worker[1] has one work done.
[2026-09-01T14:19:46.208] [DEBUG] debug-file - default@CompileArkTS work[349] done.
[2026-09-01T14:19:46.210] [INFO] debug-file - Finished :entry:default@CompileArkTS... after 1 s 321 ms 
[2026-09-01T14:19:46.211] [DEBUG] debug-file - Executing task :entry:default@GeneratePkgModuleJson
[2026-09-01T14:19:46.212] [DEBUG] debug-file - File: 'D:\Walkie\HarmonyOS\entry\build\default\intermediates\preload\default\preload.json' from 'preloadSoJsonPath' is not exists, just ignore.
[2026-09-01T14:19:46.212] [DEBUG] debug-file - Error occurs while handling @Input 'shouldDeduplicateHar': The "data" argument must be of type string or an instance of Buffer, TypedArray, or DataView. Received undefined
[2026-09-01T14:19:46.212] [DEBUG] debug-file - Task 'entry:default@GeneratePkgModuleJson' cost while wrapping incremental declarations: 1 ms 
[2026-09-01T14:19:46.213] [DEBUG] debug-file - Incremental task entry:default@GeneratePkgModuleJson pre-execution cost: 1 ms .
[2026-09-01T14:19:46.213] [DEBUG] debug-file - entry : default@GeneratePkgModuleJson cost memory 0.0774993896484375
[2026-09-01T14:19:46.213] [INFO] debug-file - UP-TO-DATE :entry:default@GeneratePkgModuleJson...  
[2026-09-01T14:19:46.214] [DEBUG] debug-file - Executing task :entry:default@ProcessCompiledResources
[2026-09-01T14:19:46.215] [DEBUG] debug-file - File: 'D:\Walkie\HarmonyOS\entry\build\default\intermediates\preload\default\preload.json' from 'preloadSoJsonPath' is not exists, just ignore.
[2026-09-01T14:19:46.215] [DEBUG] debug-file - Task 'entry:default@ProcessCompiledResources' cost while wrapping incremental declarations: 1 ms 
[2026-09-01T14:19:46.215] [DEBUG] debug-file - entry : default@ProcessCompiledResources cost memory 0.0484619140625
[2026-09-01T14:19:46.215] [DEBUG] debug-file - runTaskFromQueue task cost before running: 2 s 398 ms 
[2026-09-01T14:19:46.215] [INFO] debug-file - Finished :entry:default@ProcessCompiledResources... after 1 ms 
[2026-09-01T14:19:46.217] [DEBUG] debug-file - Executing task :entry:default@PackageHap
[2026-09-01T14:19:46.226] [DEBUG] debug-file - entry:default@PackageHap is not up-to-date, since the input file 'D:\Walkie\HarmonyOS\entry\build\default\intermediates\loader_out\default\ets' has been changed.
[2026-09-01T14:19:46.226] [DEBUG] debug-file - Incremental task entry:default@PackageHap pre-execution cost: 9 ms .
[2026-09-01T14:19:46.227] [DEBUG] debug-file - Use tool [G:\DevEco Studio\sdk\default\openharmony\toolchains\lib\app_packing_tool.jar]
 [
  'java',
  '-Dfile.encoding=GBK',
  '-jar',
  'G:\\DevEco Studio\\sdk\\default\\openharmony\\toolchains\\lib\\app_packing_tool.jar',
  '--mode',
  'hap',
  '--force',
  'true',
  '--lib-path',
  'D:\\Walkie\\HarmonyOS\\entry\\build\\default\\intermediates\\stripped_native_libs\\default',
  '--json-path',
  'D:\\Walkie\\HarmonyOS\\entry\\build\\default\\intermediates\\package\\default\\module.json',
  '--resources-path',
  'D:\\Walkie\\HarmonyOS\\entry\\build\\default\\intermediates\\res\\default\\resources',
  '--index-path',
  'D:\\Walkie\\HarmonyOS\\entry\\build\\default\\intermediates\\res\\default\\resources.index',
  '--pack-info-path',
  'D:\\Walkie\\HarmonyOS\\entry\\build\\default\\outputs\\default\\pack.info',
  '--out-path',
  'D:\\Walkie\\HarmonyOS\\entry\\build\\default\\outputs\\default\\entry-default-unsigned.hap',
  '--ets-path',
  'D:\\Walkie\\HarmonyOS\\entry\\build\\default\\intermediates\\loader_out\\default\\ets',
  '--pkg-context-path',
  'D:\\Walkie\\HarmonyOS\\entry\\build\\default\\intermediates\\loader\\default\\pkgContextInfo.json'
]
[2026-09-01T14:19:46.227] [DEBUG] debug-file - default@PackageHap work[351] is submitted.
[2026-09-01T14:19:46.227] [DEBUG] debug-file - default@PackageHap work[351] is pushed to ready queue.
[2026-09-01T14:19:46.227] [DEBUG] debug-file - default@PackageHap work[351] is not dispatched.
[2026-09-01T14:19:46.230] [DEBUG] debug-file - entry : default@PackageHap cost memory 0.32245635986328125
[2026-09-01T14:19:46.340] [DEBUG] debug-file - A work dispatched to worker[3] failed because unable to get work from ready queue.
[2026-09-01T14:19:46.340] [DEBUG] debug-file - default@PackageHap work[351] has been dispatched to worker[2].
[2026-09-01T14:19:46.342] [DEBUG] debug-file - current process  memoryUsage: {
  rss: 704016384,
  heapTotal: 60153856,
  heapUsed: 56035808,
  external: 5366395,
  arrayBuffers: 168210
} os memoryUsage :8.440849304199219
[2026-09-01T14:19:46.915] [DEBUG] debug-file - worker[2] has one work done.
[2026-09-01T14:19:46.916] [DEBUG] debug-file - default@PackageHap work[351] done.
[2026-09-01T14:19:46.916] [DEBUG] debug-file - A work dispatched to worker[2] failed because unable to get work from ready queue.
[2026-09-01T14:19:46.917] [INFO] debug-file - Finished :entry:default@PackageHap... after 589 ms 
[2026-09-01T14:19:46.918] [DEBUG] debug-file - Executing task :entry:default@PackingCheck
[2026-09-01T14:19:46.922] [DEBUG] debug-file - entry : default@PackingCheck cost memory 0.273345947265625
[2026-09-01T14:19:46.922] [DEBUG] debug-file - runTaskFromQueue task cost before running: 3 s 105 ms 
[2026-09-01T14:19:46.922] [INFO] debug-file - Finished :entry:default@PackingCheck... after 4 ms 
[2026-09-01T14:19:46.924] [DEBUG] debug-file - Executing task :entry:default@SignHap
[2026-09-01T14:19:46.926] [DEBUG] debug-file - entry:default@SignHap is not up-to-date, since the input file 'D:\Walkie\HarmonyOS\entry\build\default\outputs\default\entry-default-unsigned.hap' has been changed.
[2026-09-01T14:19:46.926] [DEBUG] debug-file - Incremental task entry:default@SignHap pre-execution cost: 2 ms .
[2026-09-01T14:19:46.970] [DEBUG] debug-file - java daemon socket received message:{"code":0,"message":"verify profile success"}
[2026-09-01T14:19:46.974] [DEBUG] debug-file - java daemon socket close code:1000 reason:close by user
[2026-09-01T14:19:47.145] [DEBUG] debug-file - java daemon socket received message:{"code":0,"message":"sign app success"}
[2026-09-01T14:19:47.146] [DEBUG] debug-file - entry : default@SignHap cost memory 0.40012359619140625
[2026-09-01T14:19:47.146] [DEBUG] debug-file - runTaskFromQueue task cost before running: 3 s 329 ms 
[2026-09-01T14:19:47.146] [INFO] debug-file - Finished :entry:default@SignHap... after 223 ms 
[2026-09-01T14:19:47.147] [DEBUG] debug-file - Executing task :entry:default@CollectDebugSymbol
[2026-09-01T14:19:47.148] [DEBUG] debug-file - entry : default@CollectDebugSymbol cost memory 0.069793701171875
[2026-09-01T14:19:47.148] [DEBUG] debug-file - runTaskFromQueue task cost before running: 3 s 332 ms 
[2026-09-01T14:19:47.149] [INFO] debug-file - Finished :entry:default@CollectDebugSymbol... after 2 ms 
[2026-09-01T14:19:47.149] [DEBUG] debug-file - Executing task :entry:assembleHap
[2026-09-01T14:19:47.149] [DEBUG] debug-file - entry : assembleHap cost memory 0.01331329345703125
[2026-09-01T14:19:47.149] [DEBUG] debug-file - runTaskFromQueue task cost before running: 3 s 332 ms 
[2026-09-01T14:19:47.149] [INFO] debug-file - Finished :entry:assembleHap... after 1 ms 
[2026-09-01T14:19:47.150] [INFO] debug-file - BUILD SUCCESSFUL in 3 s 333 ms 
[2026-09-01T14:19:47.151] [DEBUG] debug-file - Update task entry:default@PreBuild input file:D:\Walkie\HarmonyOS\AppScope\app.json5 cache by regenerate.
[2026-09-01T14:19:47.152] [DEBUG] debug-file - Update task entry:default@PreBuild input file:D:\Walkie\HarmonyOS\entry\src\main\module.json5 cache by regenerate.
[2026-09-01T14:19:47.152] [DEBUG] debug-file - Update task entry:default@PreBuild input file:D:\Walkie\HarmonyOS\build-profile.json5 cache by regenerate.
[2026-09-01T14:19:47.152] [DEBUG] debug-file - Update task entry:default@PreBuild input file:D:\Walkie\HarmonyOS\entry\build-profile.json5 cache by regenerate.
[2026-09-01T14:19:47.152] [DEBUG] debug-file - Update task entry:default@PreBuild input file:D:\Walkie\HarmonyOS\entry\src\main\resources\base\profile\main_pages.json cache by regenerate.
[2026-09-01T14:19:47.153] [DEBUG] debug-file - Update task entry:default@PreBuild input file:D:\Walkie\HarmonyOS\hvigor\hvigor-config.json5 cache by regenerate.
[2026-09-01T14:19:47.153] [DEBUG] debug-file - Update task entry:default@PreBuild input file:D:\Walkie\HarmonyOS\entry\src\mock\mock-config.json5 cache by regenerate.
[2026-09-01T14:19:47.153] [DEBUG] debug-file - Update task entry:default@PreBuild input file:D:\Walkie\HarmonyOS\entry\oh-package.json5 cache by regenerate.
[2026-09-01T14:19:47.153] [DEBUG] debug-file - Update task entry:default@PreBuild input file:D:\Walkie\HarmonyOS\oh-package.json5 cache by regenerate.
[2026-09-01T14:19:47.154] [DEBUG] debug-file - Incremental task entry:default@PreBuild post-execution cost:4 ms .
[2026-09-01T14:19:47.154] [DEBUG] debug-file - Update task entry:default@CreateModuleInfo output file:D:\Walkie\HarmonyOS\entry\build\default\generated\profile\default\ModuleInfo.ts cache.
[2026-09-01T14:19:47.154] [DEBUG] debug-file - Incremental task entry:default@CreateModuleInfo post-execution cost:1 ms .
[2026-09-01T14:19:47.154] [DEBUG] debug-file - There is no need to refresh cache, since the incremental task entry:default@GenerateMetadata is up-to-date.
[2026-09-01T14:19:47.154] [DEBUG] debug-file - There is no need to refresh cache, since the incremental task entry:default@MergeProfile is up-to-date.
[2026-09-01T14:19:47.154] [DEBUG] debug-file - There is no need to refresh cache, since the incremental task entry:default@CreateBuildProfile is up-to-date.
[2026-09-01T14:19:47.154] [DEBUG] debug-file - Update task entry:default@GeneratePkgSdkInfo output file:D:\Walkie\HarmonyOS\entry\build\default\intermediates\loader\default\pkgSdkInfo.json cache.
[2026-09-01T14:19:47.155] [DEBUG] debug-file - Incremental task entry:default@GeneratePkgSdkInfo post-execution cost:1 ms .
[2026-09-01T14:19:47.155] [DEBUG] debug-file - Update task entry:default@ProcessIntegratedHsp output file:D:\Walkie\HarmonyOS\build\cache\default\integrated_hsp\integratedHspCache.json cache.
[2026-09-01T14:19:47.155] [DEBUG] debug-file - Incremental task entry:default@ProcessIntegratedHsp post-execution cost:1 ms .
[2026-09-01T14:19:47.155] [DEBUG] debug-file - There is no need to refresh cache, since the incremental task entry:default@MakePackInfo is up-to-date.
[2026-09-01T14:19:47.155] [DEBUG] debug-file - Update task entry:default@SyscapTransform input file:G:\DevEco Studio\sdk\default\openharmony\toolchains\syscap_tool.exe cache by regenerate.
[2026-09-01T14:19:47.155] [DEBUG] debug-file - Update task entry:default@SyscapTransform input file:G:\DevEco Studio\sdk\default\openharmony\ets\api\device-define cache by regenerate.
[2026-09-01T14:19:47.156] [DEBUG] debug-file - Update task entry:default@SyscapTransform output file:D:\Walkie\HarmonyOS\entry\build\default\intermediates\syscap\default\rpcid.sc cache.
[2026-09-01T14:19:47.156] [DEBUG] debug-file - Incremental task entry:default@SyscapTransform post-execution cost:2 ms .
[2026-09-01T14:19:47.156] [DEBUG] debug-file - There is no need to refresh cache, since the incremental task entry:default@GeneratePkgContextInfo is up-to-date.
[2026-09-01T14:19:47.156] [DEBUG] debug-file - There is no need to refresh cache, since the incremental task entry:default@ProcessProfile is up-to-date.
[2026-09-01T14:19:47.156] [DEBUG] debug-file - There is no need to refresh cache, since the incremental task entry:default@ProcessRouterMap is up-to-date.
[2026-09-01T14:19:47.156] [DEBUG] debug-file - There is no need to refresh cache, since the incremental task entry:default@ProcessShareConfig is up-to-date.
[2026-09-01T14:19:47.156] [DEBUG] debug-file - Update task entry:default@ProcessStartupConfig input file:D:\Walkie\HarmonyOS\entry\build\default\intermediates\loader\default\pkgContextInfo.json cache by regenerate.
[2026-09-01T14:19:47.157] [DEBUG] debug-file - Update task entry:default@ProcessStartupConfig output file:D:\Walkie\HarmonyOS\entry\build\default\intermediates\startup\default\startup_config.json cache.
[2026-09-01T14:19:47.157] [DEBUG] debug-file - Incremental task entry:default@ProcessStartupConfig post-execution cost:1 ms .
[2026-09-01T14:19:47.157] [DEBUG] debug-file - There is no need to refresh cache, since the incremental task entry:default@ProcessResource is up-to-date.
[2026-09-01T14:19:47.158] [DEBUG] debug-file - Update task entry:default@GenerateLoaderJson input file:D:\Walkie\HarmonyOS\entry\src\mock\mock-config.json5 cache by regenerate.
[2026-09-01T14:19:47.158] [DEBUG] debug-file - Update task entry:default@GenerateLoaderJson input file:D:\Walkie\HarmonyOS\entry\build\default\intermediates\loader\default\pkgContextInfo.json cache by regenerate.
[2026-09-01T14:19:47.159] [DEBUG] debug-file - Update task entry:default@GenerateLoaderJson input file:D:\Walkie\HarmonyOS\entry\build\default\intermediates\router_map\default\temp-router-map.json cache by regenerate.
[2026-09-01T14:19:47.159] [DEBUG] debug-file - Update task entry:default@GenerateLoaderJson output file:D:\Walkie\HarmonyOS\entry\build\default\intermediates\loader\default\loader.json cache.
[2026-09-01T14:19:47.159] [DEBUG] debug-file - Incremental task entry:default@GenerateLoaderJson post-execution cost:3 ms .
[2026-09-01T14:19:47.159] [DEBUG] debug-file - There is no need to refresh cache, since the incremental task entry:default@CompileResource is up-to-date.
[2026-09-01T14:19:47.161] [DEBUG] debug-file - Update task entry:default@CompileArkTS input file:D:\Walkie\HarmonyOS\entry\build\default\intermediates\loader\default cache from map.
[2026-09-01T14:19:47.161] [DEBUG] debug-file - Update task entry:default@CompileArkTS input file:D:\Walkie\HarmonyOS\entry\build\default\intermediates\res\default\resources\rawfile cache by regenerate.
[2026-09-01T14:19:47.162] [DEBUG] debug-file - Update task entry:default@CompileArkTS input file:D:\Walkie\HarmonyOS\entry\build\default\intermediates\res\default\ResourceTable.txt cache by regenerate.
[2026-09-01T14:19:47.162] [DEBUG] debug-file - Update task entry:default@CompileArkTS input file:D:\Walkie\HarmonyOS\entry\build\default\intermediates\res\default\ark_module.json cache by regenerate.
[2026-09-01T14:19:47.162] [DEBUG] debug-file - Update task entry:default@CompileArkTS input file:D:\Walkie\HarmonyOS\entry\build\default\intermediates\res\default\resources\base\profile cache by regenerate.
[2026-09-01T14:19:47.164] [DEBUG] debug-file - Update task entry:default@CompileArkTS input file:D:\Walkie\HarmonyOS\entry\src\main\ets cache by regenerate.
[2026-09-01T14:19:47.168] [DEBUG] debug-file - Update task entry:default@CompileArkTS input file:D:\Walkie\HarmonyOS\entry\build\default\intermediates\loader\default\pkgContextInfo.json cache by regenerate.
[2026-09-01T14:19:47.168] [DEBUG] debug-file - Update task entry:default@CompileArkTS input file:D:\Walkie\HarmonyOS\entry\build\default\generated\profile\default\BuildProfile.ets cache by regenerate.
[2026-09-01T14:19:47.168] [DEBUG] debug-file - Update task entry:default@CompileArkTS input file:D:\Walkie\HarmonyOS\entry\src\main\cpp\types cache by regenerate.
[2026-09-01T14:19:47.169] [DEBUG] debug-file - Update task entry:default@CompileArkTS input file:D:\Walkie\HarmonyOS\entry\src\mock\mock-config.json5 cache by regenerate.
[2026-09-01T14:19:47.170] [DEBUG] debug-file - Update task entry:default@CompileArkTS output file:D:\Walkie\HarmonyOS\entry\build\default\intermediates\loader_out\default\ets cache.
[2026-09-01T14:19:47.171] [DEBUG] debug-file - Incremental task entry:default@CompileArkTS post-execution cost:12 ms .
[2026-09-01T14:19:47.172] [DEBUG] debug-file - Update task entry:default@BuildJS input file:D:\Walkie\HarmonyOS\entry\build\default\intermediates\loader\default cache by regenerate.
[2026-09-01T14:19:47.173] [DEBUG] debug-file - Update task entry:default@BuildJS input file:D:\Walkie\HarmonyOS\entry\build\default\intermediates\res\default\resources\rawfile cache by regenerate.
[2026-09-01T14:19:47.174] [DEBUG] debug-file - Update task entry:default@BuildJS input file:D:\Walkie\HarmonyOS\entry\build\default\intermediates\res\default\ResourceTable.txt cache by regenerate.
[2026-09-01T14:19:47.174] [DEBUG] debug-file - Update task entry:default@BuildJS input file:D:\Walkie\HarmonyOS\entry\build\default\intermediates\res\default\ark_module.json cache by regenerate.
[2026-09-01T14:19:47.175] [DEBUG] debug-file - Update task entry:default@BuildJS input file:D:\Walkie\HarmonyOS\entry\build\default\intermediates\res\default\resources\base\profile cache by regenerate.
[2026-09-01T14:19:47.175] [DEBUG] debug-file - Update task entry:default@BuildJS input file:D:\Walkie\HarmonyOS\entry\build\default\intermediates\loader\default\pkgContextInfo.json cache by regenerate.
[2026-09-01T14:19:47.176] [DEBUG] debug-file - Update task entry:default@BuildJS output file:D:\Walkie\HarmonyOS\entry\build\default\intermediates\loader_out\default\js cache.
[2026-09-01T14:19:47.176] [DEBUG] debug-file - Incremental task entry:default@BuildJS post-execution cost:6 ms .
[2026-09-01T14:19:47.176] [DEBUG] debug-file - There is no need to refresh cache, since the incremental task entry:default@ProcessLibs is up-to-date.
[2026-09-01T14:19:47.176] [DEBUG] debug-file - There is no need to refresh cache, since the incremental task entry:default@DoNativeStrip is up-to-date.
[2026-09-01T14:19:47.176] [DEBUG] debug-file - There is no need to refresh cache, since the incremental task entry:default@CacheNativeLibs is up-to-date.
[2026-09-01T14:19:47.176] [DEBUG] debug-file - There is no need to refresh cache, since the incremental task entry:default@GeneratePkgModuleJson is up-to-date.
[2026-09-01T14:19:47.176] [DEBUG] debug-file - Incremental task entry:default@ProcessCompiledResources post-execution cost:1 ms .
[2026-09-01T14:19:47.178] [DEBUG] debug-file - Update task entry:default@PackageHap input file:D:\Walkie\HarmonyOS\entry\build\default\outputs\default\pack.info cache by regenerate.
[2026-09-01T14:19:47.178] [DEBUG] debug-file - Update task entry:default@PackageHap input file:D:\Walkie\HarmonyOS\entry\build\default\intermediates\stripped_native_libs\default cache by regenerate.
[2026-09-01T14:19:47.179] [DEBUG] debug-file - Update task entry:default@PackageHap input file:D:\Walkie\HarmonyOS\entry\build\default\intermediates\res\default\module.json cache by regenerate.
[2026-09-01T14:19:47.179] [DEBUG] debug-file - Update task entry:default@PackageHap input file:D:\Walkie\HarmonyOS\entry\build\default\intermediates\res\default\resources cache by regenerate.
[2026-09-01T14:19:47.182] [DEBUG] debug-file - Update task entry:default@PackageHap input file:D:\Walkie\HarmonyOS\entry\build\default\intermediates\res\default\resources.index cache by regenerate.
[2026-09-01T14:19:47.183] [DEBUG] debug-file - Update task entry:default@PackageHap input file:D:\Walkie\HarmonyOS\entry\build\default\intermediates\loader_out\default\ets cache from map.
[2026-09-01T14:19:47.183] [DEBUG] debug-file - Update task entry:default@PackageHap input file:D:\Walkie\HarmonyOS\entry\build\default\intermediates\loader\default\pkgContextInfo.json cache by regenerate.
[2026-09-01T14:19:47.183] [DEBUG] debug-file - Update task entry:default@PackageHap input file:D:\Walkie\HarmonyOS\entry\build\default\intermediates\package\default\module.json cache by regenerate.
[2026-09-01T14:19:47.183] [DEBUG] debug-file - Update task entry:default@PackageHap input file:D:\Walkie\HarmonyOS\entry\build\default\intermediates\loader_out\default\ets\sourceMaps.map cache by regenerate.
[2026-09-01T14:19:47.184] [DEBUG] debug-file - Update task entry:default@PackageHap input file:D:\Walkie\HarmonyOS\entry\build\default\generated\profile\default\BuildProfile.ets cache by regenerate.
[2026-09-01T14:19:47.184] [DEBUG] debug-file - Update task entry:default@PackageHap output file:D:\Walkie\HarmonyOS\entry\build\default\outputs\default\entry-default-unsigned.hap cache.
[2026-09-01T14:19:47.184] [DEBUG] debug-file - Update task entry:default@PackageHap output file:D:\Walkie\HarmonyOS\entry\build\default\intermediates\source_map\default\sourceMaps.map cache.
[2026-09-01T14:19:47.184] [DEBUG] debug-file - Update task entry:default@PackageHap output file:D:\Walkie\HarmonyOS\entry\build\default\outputs\default\mapping\sourceMaps.map cache.
[2026-09-01T14:19:47.185] [DEBUG] debug-file - Incremental task entry:default@PackageHap post-execution cost:9 ms .
[2026-09-01T14:19:47.185] [DEBUG] debug-file - Update task entry:default@SignHap input file:C:\Users\tb\.ohos\config\default_HarmonyOS_cqBYNafk3_phZ9F6rEdI_k71hUI1bFwG99ZIiTHW4hk=.cer cache by regenerate.
[2026-09-01T14:19:47.185] [DEBUG] debug-file - Update task entry:default@SignHap input file:C:\Users\tb\.ohos\config\default_HarmonyOS_cqBYNafk3_phZ9F6rEdI_k71hUI1bFwG99ZIiTHW4hk=.p7b cache by regenerate.
[2026-09-01T14:19:47.186] [DEBUG] debug-file - Update task entry:default@SignHap input file:C:\Users\tb\.ohos\config\default_HarmonyOS_cqBYNafk3_phZ9F6rEdI_k71hUI1bFwG99ZIiTHW4hk=.p12 cache by regenerate.
[2026-09-01T14:19:47.186] [DEBUG] debug-file - Update task entry:default@SignHap input file:D:\Walkie\HarmonyOS\entry\build\default\outputs\default\entry-default-unsigned.hap cache from map.
[2026-09-01T14:19:47.186] [DEBUG] debug-file - Update task entry:default@SignHap output file:D:\Walkie\HarmonyOS\entry\build\default\outputs\default\entry-default-signed.hap cache.
[2026-09-01T14:19:47.186] [DEBUG] debug-file - Incremental task entry:default@SignHap post-execution cost:2 ms .
[2026-09-01T14:19:47.186] [DEBUG] debug-file - Update task entry:default@CollectDebugSymbol input file:D:\Walkie\HarmonyOS\entry\build\default\intermediates\loader_out\default\ets\sourceMaps.map cache by regenerate.
[2026-09-01T14:19:47.187] [DEBUG] debug-file - Update task entry:default@CollectDebugSymbol input file:D:\Walkie\HarmonyOS\entry\build\default\intermediates\libs\default cache by regenerate.
[2026-09-01T14:19:47.188] [DEBUG] debug-file - Update task entry:default@CollectDebugSymbol output file:D:\Walkie\HarmonyOS\entry\build\default\outputs\default\symbol cache.
[2026-09-01T14:19:47.189] [DEBUG] debug-file - Incremental task entry:default@CollectDebugSymbol post-execution cost:3 ms .
[2026-09-01T14:19:47.210] [DEBUG] debug-file - hvigor build process will be closed.
[2026-09-01T14:19:47.210] [DEBUG] debug-file - java daemon socket close code:1000 reason:close by user
[2026-09-01T14:19:47.226] [DEBUG] debug-file - session manager: send message to worker process. WorkerThreadId: 0, data: {"type":"hvigor_failed","reason":"Server has disconnected."}
[2026-09-01T14:19:47.258] [DEBUG] debug-file - session manager: send message to worker process. WorkerThreadId: 0, data: {"type":"CloseWatch","reason":"Server has disconnected."}
[2026-09-01T14:19:47.251] [DEBUG] debug-file - watch worker: worker id should be larger than 0. Nothing will be sent to any worker thread.
[2026-09-01T14:19:47.251] [DEBUG] debug-file - ABORT_WORK sent to workers.
[2026-09-01T14:19:47.259] [DEBUG] debug-file - watch worker: worker id should be larger than 0. Nothing will be sent to any worker thread.
[2026-09-01T14:23:59.356] [DEBUG] debug-file - session manager: set active socket. socketId=R2vW_zj6Vj2io_qcAAFT
[2026-09-01T14:23:59.376] [DEBUG] debug-file - watch worker: worker id should be larger than 0. Nothing will be sent to any worker thread.
[2026-09-01T14:23:59.382] [DEBUG] debug-file - Workers' log level updated to INFO
[2026-09-01T14:23:59.384] [DEBUG] debug-file - Hvigor init with startParameters:{
  hvigorfileTypeCheck: false,
  parallelExecution: true,
  incrementalExecution: true,
  printStackTrace: false,
  daemon: true,
  analyze: 0,
  logLevel: Level { level: 20000, levelStr: 'INFO', colour: 'green' },
  optimizationStrategy: 'memory',
  hotCompile: undefined,
  hotReloadBuild: undefined,
  customizedParam: undefined
}
[2026-09-01T14:23:59.390] [DEBUG] debug-file - Cache service initialization finished in 6 ms 
[2026-09-01T14:23:59.391] [DEBUG] debug-file - hvigorfile, resolving D:\Walkie\HarmonyOS\hvigorfile.ts
[2026-09-01T14:23:59.395] [DEBUG] debug-file - hvigorfile, require result:  { default: { plugins: [] } }
[2026-09-01T14:23:59.395] [DEBUG] debug-file - hvigorfile, binding system plugins null
[2026-09-01T14:23:59.395] [DEBUG] debug-file - Starting plugin build process
[2026-09-01T14:23:59.395] [DEBUG] debug-file - App plugin prepare start...
[2026-09-01T14:23:59.395] [DEBUG] debug-file - App plugin prepare end...
[2026-09-01T14:23:59.395] [DEBUG] debug-file - App plugin creating...
[2026-09-01T14:23:59.400] [DEBUG] debug-file - App plugin register hook start...
[2026-09-01T14:23:59.400] [DEBUG] debug-file - App plugin register hook end...
[2026-09-01T14:23:59.400] [DEBUG] debug-file - Plugin build process completed
[2026-09-01T14:23:59.400] [DEBUG] debug-file - Start initialize project's product build option map with build mode debug.
[2026-09-01T14:23:59.400] [DEBUG] debug-file - Picking option from product 'default' with build mode 'debug'.
[2026-09-01T14:23:59.400] [DEBUG] debug-file - Product 'default' build option initialized
[2026-09-01T14:23:59.400] [DEBUG] debug-file - End initialize project's product build option map with build mode 'debug'.
[2026-09-01T14:23:59.401] [DEBUG] debug-file - Obtain build option for product 'default'in this build.
[2026-09-01T14:23:59.402] [DEBUG] debug-file - D:\Walkie\HarmonyOS\build\cache\default\remote_hsp\remoteHspCache.json not exists.
[2026-09-01T14:23:59.404] [DEBUG] debug-file - Start recording SDK configuration permission data.
[2026-09-01T14:23:59.445] [DEBUG] debug-file - Sdk init in 42 ms 
[2026-09-01T14:23:59.447] [DEBUG] debug-file - Project task initialization takes 3 ms 
[2026-09-01T14:23:59.447] [DEBUG] debug-file - hvigorfile, begin to bind custom plugins...
[2026-09-01T14:23:59.448] [DEBUG] debug-file - hvigorfile, no custom plugins were found in D:\Walkie\HarmonyOS\hvigorfile.ts
[2026-09-01T14:23:59.448] [DEBUG] debug-file - hvigorfile, resolve finished D:\Walkie\HarmonyOS\hvigorfile.ts
[2026-09-01T14:23:59.448] [DEBUG] debug-file - hvigorfile, resolving D:\Walkie\HarmonyOS\entry\hvigorfile.ts
[2026-09-01T14:23:59.451] [DEBUG] debug-file - hvigorfile, require result:  { default: { plugins: [] } }
[2026-09-01T14:23:59.451] [DEBUG] debug-file - hvigorfile, binding system plugins null
[2026-09-01T14:23:59.451] [DEBUG] debug-file - Starting plugin build process
[2026-09-01T14:23:59.451] [DEBUG] debug-file - Hap plugin creating...
[2026-09-01T14:23:59.454] [DEBUG] debug-file - failed to load cangjie to dynamically generate schemas: Error: Cannot find module '@ohos/cangjie-build-support/index'
Require stack:
- G:\DevEco Studio\tools\hvigor\hvigor-ohos-plugin\src\plugin\hooks\cangjie-register.js
- G:\DevEco Studio\tools\hvigor\hvigor-ohos-plugin\src\plugin\strategy\stage-init-strategy.js
- G:\DevEco Studio\tools\hvigor\hvigor-ohos-plugin\src\plugin\builder\abstract-plugin-builder.js
- G:\DevEco Studio\tools\hvigor\hvigor-ohos-plugin\src\plugin\builder\app-plugin-builder.js
- G:\DevEco Studio\tools\hvigor\hvigor-ohos-plugin\src\plugin\factory\plugin-factory.js
- G:\DevEco Studio\tools\hvigor\hvigor-ohos-plugin\index.js
- D:\Walkie\HarmonyOS\hvigorfile.ts
- G:\DevEco Studio\tools\hvigor\hvigor\src\base\internal\lifecycle\configuration.js
- G:\DevEco Studio\tools\hvigor\hvigor\src\base\boot\index.js
- G:\DevEco Studio\tools\hvigor\hvigor\src\base\daemon\cluster\worker-process-lifecycle.js
- G:\DevEco Studio\tools\hvigor\hvigor\src\base\daemon\process\daemon-process-boot-script.js
[2026-09-01T14:23:59.456] [DEBUG] debug-file - Start initialize module-target build option map, moduleName=entry, buildMode=debug
[2026-09-01T14:23:59.456] [DEBUG] debug-file - Target 'default' config initialized
[2026-09-01T14:23:59.456] [DEBUG] debug-file - Module 'entry' target 'default' build option initialized
[2026-09-01T14:23:59.457] [DEBUG] debug-file - End initialize module-target build option map, moduleName=entry
[2026-09-01T14:23:59.457] [DEBUG] debug-file - Start initialize module-target build option map, moduleName=entry, buildMode=release
[2026-09-01T14:23:59.457] [DEBUG] debug-file - Target 'default' config initialized
[2026-09-01T14:23:59.457] [DEBUG] debug-file - Module 'entry' target 'default' build option initialized
[2026-09-01T14:23:59.457] [DEBUG] debug-file - End initialize module-target build option map, moduleName=entry
[2026-09-01T14:23:59.458] [DEBUG] debug-file - Start initialize module-target build option map, moduleName=entry, buildMode=debug
[2026-09-01T14:23:59.458] [DEBUG] debug-file - Target 'default' config initialized
[2026-09-01T14:23:59.458] [DEBUG] debug-file - Module 'entry' target 'default' build option initialized
[2026-09-01T14:23:59.458] [DEBUG] debug-file - End initialize module-target build option map, moduleName=entry
[2026-09-01T14:23:59.458] [DEBUG] debug-file - Obtain build option for module 'entry' target 'default'in this build.
[2026-09-01T14:23:59.460] [DEBUG] debug-file - Module entry task initialization takes 1 ms 
[2026-09-01T14:23:59.460] [DEBUG] debug-file - Hap plugin register hook start...
[2026-09-01T14:23:59.460] [DEBUG] debug-file - Hap plugin register hook end...
[2026-09-01T14:23:59.460] [DEBUG] debug-file - Plugin build process completed
[2026-09-01T14:23:59.460] [DEBUG] debug-file - hvigorfile, begin to bind custom plugins...
[2026-09-01T14:23:59.460] [DEBUG] debug-file - hvigorfile, no custom plugins were found in D:\Walkie\HarmonyOS\entry\hvigorfile.ts
[2026-09-01T14:23:59.460] [DEBUG] debug-file - hvigorfile, resolve finished D:\Walkie\HarmonyOS\entry\hvigorfile.ts
[2026-09-01T14:23:59.527] [DEBUG] debug-file - hvigorfile, resolve hvigorfile dependencies in 67 ms 
[2026-09-01T14:23:59.528] [DEBUG] debug-file - project has submodules:entry
[2026-09-01T14:23:59.529] [DEBUG] debug-file - start to load updatedOhPackageInfo to the disk
[2026-09-01T14:23:59.533] [DEBUG] debug-file - load to the disk finished
[2026-09-01T14:23:59.536] [DEBUG] debug-file - Start to initialize dependency information.
[2026-09-01T14:23:59.546] [DEBUG] debug-file - Module HarmonyOS Collected Dependency: 
[2026-09-01T14:23:59.546] [DEBUG] debug-file - Module HarmonyOS's total dependency: 0
[2026-09-01T14:23:59.547] [DEBUG] debug-file - Start to initialize dependency information.
[2026-09-01T14:23:59.552] [DEBUG] debug-file - Module entry Collected Dependency: D:\Walkie\HarmonyOS\entry\src\main\cpp\types\libwalkieopus
[2026-09-01T14:23:59.552] [DEBUG] debug-file - Module entry's total dependency: 1
[2026-09-01T14:23:59.553] [DEBUG] debug-file - Configuration phase cost:163 ms 
[2026-09-01T14:23:59.554] [DEBUG] debug-file - Configuration task cost before running: 172 ms 
[2026-09-01T14:23:59.555] [DEBUG] debug-file - Executing task :entry:init
[2026-09-01T14:23:59.555] [DEBUG] debug-file - entry : init cost memory 0.01381683349609375
[2026-09-01T14:23:59.555] [DEBUG] debug-file - runTaskFromQueue task cost before running: 173 ms 
[2026-09-01T14:23:59.555] [INFO] debug-file - Finished :entry:init... after 1 ms 
[2026-09-01T14:23:59.556] [DEBUG] debug-file - Executing task ::init
[2026-09-01T14:23:59.556] [DEBUG] debug-file - HarmonyOS : init cost memory 0.01198577880859375
[2026-09-01T14:23:59.556] [DEBUG] debug-file - runTaskFromQueue task cost before running: 174 ms 
[2026-09-01T14:23:59.556] [INFO] debug-file - Finished ::init... after 1 ms 
[2026-09-01T14:23:59.557] [DEBUG] debug-file - Obtain build option for module 'entry' target 'default'in this build.
[2026-09-01T14:23:59.561] [DEBUG] debug-file - hvigor build process will be closed.
[2026-09-01T14:23:59.603] [DEBUG] debug-file - session manager: send message to worker process. WorkerThreadId: 0, data: {"type":"hvigor_failed","reason":"Server has disconnected."}
[2026-09-01T14:23:59.604] [DEBUG] debug-file - session manager: send message to worker process. WorkerThreadId: 0, data: {"type":"CloseWatch","reason":"Server has disconnected."}
[2026-09-01T14:23:59.604] [DEBUG] debug-file - watch worker: worker id should be larger than 0. Nothing will be sent to any worker thread.
[2026-09-01T14:23:59.604] [DEBUG] debug-file - ABORT_WORK sent to workers.
[2026-09-01T14:23:59.605] [DEBUG] debug-file - watch worker: worker id should be larger than 0. Nothing will be sent to any worker thread.
[2026-09-01T14:23:59.957] [DEBUG] debug-file - session manager: set active socket. socketId=CoSL1gnFVebTgpEOAAFV
[2026-09-01T14:23:59.969] [DEBUG] debug-file - watch worker: worker id should be larger than 0. Nothing will be sent to any worker thread.
[2026-09-01T14:23:59.973] [DEBUG] debug-file - Workers' log level updated to INFO
[2026-09-01T14:23:59.975] [DEBUG] debug-file - Hvigor init with startParameters:{
  hvigorfileTypeCheck: false,
  parallelExecution: true,
  incrementalExecution: true,
  printStackTrace: false,
  daemon: true,
  analyze: 0,
  logLevel: Level { level: 20000, levelStr: 'INFO', colour: 'green' },
  optimizationStrategy: 'memory',
  hotCompile: undefined,
  hotReloadBuild: undefined,
  customizedParam: undefined
}
[2026-09-01T14:23:59.979] [DEBUG] debug-file - Cache service initialization finished in 4 ms 
[2026-09-01T14:23:59.979] [DEBUG] debug-file - hvigorfile, resolving D:\Walkie\HarmonyOS\hvigorfile.ts
[2026-09-01T14:23:59.982] [DEBUG] debug-file - hvigorfile, require result:  { default: { plugins: [] } }
[2026-09-01T14:23:59.982] [DEBUG] debug-file - hvigorfile, binding system plugins null
[2026-09-01T14:23:59.982] [DEBUG] debug-file - Starting plugin build process
[2026-09-01T14:23:59.982] [DEBUG] debug-file - App plugin prepare start...
[2026-09-01T14:23:59.982] [DEBUG] debug-file - App plugin prepare end...
[2026-09-01T14:23:59.982] [DEBUG] debug-file - App plugin creating...
[2026-09-01T14:23:59.986] [DEBUG] debug-file - App plugin register hook start...
[2026-09-01T14:23:59.986] [DEBUG] debug-file - App plugin register hook end...
[2026-09-01T14:23:59.987] [DEBUG] debug-file - Plugin build process completed
[2026-09-01T14:23:59.987] [DEBUG] debug-file - Start initialize project's product build option map with build mode debug.
[2026-09-01T14:23:59.987] [DEBUG] debug-file - Picking option from product 'default' with build mode 'debug'.
[2026-09-01T14:23:59.987] [DEBUG] debug-file - Product 'default' build option initialized
[2026-09-01T14:23:59.987] [DEBUG] debug-file - End initialize project's product build option map with build mode 'debug'.
[2026-09-01T14:23:59.987] [DEBUG] debug-file - Obtain build option for product 'default'in this build.
[2026-09-01T14:23:59.991] [DEBUG] debug-file - D:\Walkie\HarmonyOS\build\cache\default\remote_hsp\remoteHspCache.json not exists.
[2026-09-01T14:23:59.992] [DEBUG] debug-file - Start recording SDK configuration permission data.
[2026-09-01T14:24:00.024] [DEBUG] debug-file - Sdk init in 32 ms 
[2026-09-01T14:24:00.025] [DEBUG] debug-file - Project task initialization takes 2 ms 
[2026-09-01T14:24:00.025] [DEBUG] debug-file - hvigorfile, begin to bind custom plugins...
[2026-09-01T14:24:00.025] [DEBUG] debug-file - hvigorfile, no custom plugins were found in D:\Walkie\HarmonyOS\hvigorfile.ts
[2026-09-01T14:24:00.025] [DEBUG] debug-file - hvigorfile, resolve finished D:\Walkie\HarmonyOS\hvigorfile.ts
[2026-09-01T14:24:00.026] [DEBUG] debug-file - hvigorfile, resolving D:\Walkie\HarmonyOS\entry\hvigorfile.ts
[2026-09-01T14:24:00.029] [DEBUG] debug-file - hvigorfile, require result:  { default: { plugins: [] } }
[2026-09-01T14:24:00.029] [DEBUG] debug-file - hvigorfile, binding system plugins null
[2026-09-01T14:24:00.029] [DEBUG] debug-file - Starting plugin build process
[2026-09-01T14:24:00.029] [DEBUG] debug-file - Hap plugin creating...
[2026-09-01T14:24:00.030] [DEBUG] debug-file - failed to load cangjie to dynamically generate schemas: Error: Cannot find module '@ohos/cangjie-build-support/index'
Require stack:
- G:\DevEco Studio\tools\hvigor\hvigor-ohos-plugin\src\plugin\hooks\cangjie-register.js
- G:\DevEco Studio\tools\hvigor\hvigor-ohos-plugin\src\plugin\strategy\stage-init-strategy.js
- G:\DevEco Studio\tools\hvigor\hvigor-ohos-plugin\src\plugin\builder\abstract-plugin-builder.js
- G:\DevEco Studio\tools\hvigor\hvigor-ohos-plugin\src\plugin\builder\app-plugin-builder.js
- G:\DevEco Studio\tools\hvigor\hvigor-ohos-plugin\src\plugin\factory\plugin-factory.js
- G:\DevEco Studio\tools\hvigor\hvigor-ohos-plugin\index.js
- D:\Walkie\HarmonyOS\hvigorfile.ts
- G:\DevEco Studio\tools\hvigor\hvigor\src\base\internal\lifecycle\configuration.js
- G:\DevEco Studio\tools\hvigor\hvigor\src\base\boot\index.js
- G:\DevEco Studio\tools\hvigor\hvigor\src\base\daemon\cluster\worker-process-lifecycle.js
- G:\DevEco Studio\tools\hvigor\hvigor\src\base\daemon\process\daemon-process-boot-script.js
[2026-09-01T14:24:00.070] [DEBUG] debug-file - Start initialize module-target build option map, moduleName=entry, buildMode=debug
[2026-09-01T14:24:00.071] [DEBUG] debug-file - Target 'default' config initialized
[2026-09-01T14:24:00.071] [DEBUG] debug-file - Module 'entry' target 'default' build option initialized
[2026-09-01T14:24:00.071] [DEBUG] debug-file - End initialize module-target build option map, moduleName=entry
[2026-09-01T14:24:00.072] [DEBUG] debug-file - Start initialize module-target build option map, moduleName=entry, buildMode=release
[2026-09-01T14:24:00.072] [DEBUG] debug-file - Target 'default' config initialized
[2026-09-01T14:24:00.073] [DEBUG] debug-file - Module 'entry' target 'default' build option initialized
[2026-09-01T14:24:00.073] [DEBUG] debug-file - End initialize module-target build option map, moduleName=entry
[2026-09-01T14:24:00.073] [DEBUG] debug-file - Start initialize module-target build option map, moduleName=entry, buildMode=debug
[2026-09-01T14:24:00.073] [DEBUG] debug-file - Target 'default' config initialized
[2026-09-01T14:24:00.074] [DEBUG] debug-file - Module 'entry' target 'default' build option initialized
[2026-09-01T14:24:00.074] [DEBUG] debug-file - End initialize module-target build option map, moduleName=entry
[2026-09-01T14:24:00.074] [DEBUG] debug-file - Obtain build option for module 'entry' target 'default'in this build.
[2026-09-01T14:24:00.075] [DEBUG] debug-file - Module entry task initialization takes 1 ms 
[2026-09-01T14:24:00.076] [DEBUG] debug-file - Hap plugin register hook start...
[2026-09-01T14:24:00.076] [DEBUG] debug-file - Hap plugin register hook end...
[2026-09-01T14:24:00.076] [DEBUG] debug-file - Plugin build process completed
[2026-09-01T14:24:00.076] [DEBUG] debug-file - hvigorfile, begin to bind custom plugins...
[2026-09-01T14:24:00.076] [DEBUG] debug-file - hvigorfile, no custom plugins were found in D:\Walkie\HarmonyOS\entry\hvigorfile.ts
[2026-09-01T14:24:00.076] [DEBUG] debug-file - hvigorfile, resolve finished D:\Walkie\HarmonyOS\entry\hvigorfile.ts
[2026-09-01T14:24:00.151] [DEBUG] debug-file - hvigorfile, resolve hvigorfile dependencies in 75 ms 
[2026-09-01T14:24:00.151] [DEBUG] debug-file - project has submodules:entry
[2026-09-01T14:24:00.153] [DEBUG] debug-file - start to load updatedOhPackageInfo to the disk
[2026-09-01T14:24:00.156] [DEBUG] debug-file - load to the disk finished
[2026-09-01T14:24:00.158] [DEBUG] debug-file - Start to initialize dependency information.
[2026-09-01T14:24:00.166] [DEBUG] debug-file - Module HarmonyOS Collected Dependency: 
[2026-09-01T14:24:00.166] [DEBUG] debug-file - Module HarmonyOS's total dependency: 0
[2026-09-01T14:24:00.167] [DEBUG] debug-file - Start to initialize dependency information.
[2026-09-01T14:24:00.176] [DEBUG] debug-file - Module entry Collected Dependency: D:\Walkie\HarmonyOS\entry\src\main\cpp\types\libwalkieopus
[2026-09-01T14:24:00.176] [DEBUG] debug-file - Module entry's total dependency: 1
[2026-09-01T14:24:00.178] [DEBUG] debug-file - Configuration phase cost:200 ms 
[2026-09-01T14:24:00.179] [DEBUG] debug-file - Configuration task cost before running: 207 ms 
[2026-09-01T14:24:00.183] [DEBUG] debug-file - Executing task :entry:default@PreBuild
[2026-09-01T14:24:00.185] [DEBUG] debug-file - Task 'entry:default@PreBuild' cost while wrapping incremental declarations: 1 ms 
[2026-09-01T14:24:00.196] [DEBUG] debug-file - entry:default@PreBuild is not up-to-date, since the task snapshots are different.
[2026-09-01T14:24:00.196] [DEBUG] debug-file - Incremental task entry:default@PreBuild pre-execution cost: 7 ms .
[2026-09-01T14:24:00.203] [DEBUG] debug-file - current product is not Atomic service.
[2026-09-01T14:24:00.204] [DEBUG] debug-file - Use tool [win32: JAVA_HOME, CLASSPATH]
 [ { JAVA_HOME: 'G:\\DevEco Studio\\jbr' }, { CLASSPATH: undefined } ]
[2026-09-01T14:24:00.204] [DEBUG] debug-file - Use tool [win32: NODE_HOME]
 [ { NODE_HOME: 'G:\\DevEco Studio\\tools\\node' } ]
[2026-09-01T14:24:00.204] [DEBUG] debug-file - entry : default@PreBuild cost memory 0.8875885009765625
[2026-09-01T14:24:00.204] [DEBUG] debug-file - runTaskFromQueue task cost before running: 231 ms 
[2026-09-01T14:24:00.206] [INFO] debug-file - Finished :entry:default@PreBuild... after 22 ms 
[2026-09-01T14:24:00.207] [DEBUG] debug-file - Executing task :entry:default@ConfigureCmake
[2026-09-01T14:24:00.208] [DEBUG] debug-file - entry : default@ConfigureCmake cost memory 0.024627685546875
[2026-09-01T14:24:00.208] [DEBUG] debug-file - runTaskFromQueue task cost before running: 236 ms 
[2026-09-01T14:24:00.208] [INFO] debug-file - Finished :entry:default@ConfigureCmake... after 1 ms 
[2026-09-01T14:24:00.209] [DEBUG] debug-file - Executing task :entry:default@BuildNativeWithCmake
[2026-09-01T14:24:00.211] [DEBUG] debug-file - Use tool [Cmake]
 [
  'G:\\DevEco Studio\\sdk\\default\\openharmony\\native\\build-tools\\cmake\\bin\\cmake.exe',
  '-HD:\\Walkie\\HarmonyOS\\entry\\src\\main\\cpp',
  '-BD:\\Walkie\\HarmonyOS\\entry\\.cxx\\default\\default\\debug\\arm64-v8a',
  '-DOHOS_ARCH=arm64-v8a',
  '-DCMAKE_LIBRARY_OUTPUT_DIRECTORY=D:\\Walkie\\HarmonyOS\\entry\\build\\default\\intermediates\\cmake\\default\\obj\\arm64-v8a',
  '-DCMAKE_BUILD_TYPE=Debug',
  '-DOHOS_SDK_NATIVE=G:\\DevEco Studio\\sdk\\default\\openharmony\\native',
  '-DCMAKE_SYSTEM_NAME=OHOS',
  '-DCMAKE_OHOS_ARCH_ABI=arm64-v8a',
  '-DCMAKE_EXPORT_COMPILE_COMMANDS=ON',
  '-DCMAKE_TOOLCHAIN_FILE=G:\\DevEco Studio\\sdk\\default\\hms\\native\\build\\cmake\\hmos.toolchain.cmake',
  '-GNinja',
  '-DCMAKE_MAKE_PROGRAM=G:\\DevEco Studio\\sdk\\default\\openharmony\\native\\build-tools\\cmake\\bin\\ninja.exe',
  '-DCMAKE_FIND_ROOT_PATH=D:\\Walkie\\HarmonyOS\\entry\\.cxx\\default\\default\\debug\\hvigor\\arm64-v8a',
  '-DPACKAGE_FIND_FILE=D:\\Walkie\\HarmonyOS\\entry\\.cxx\\default\\default\\debug\\hvigor\\arm64-v8a\\summary.cmake',
  '--no-warn-unused-cli',
  '-DHMOS_SDK_NATIVE=G:\\DevEco Studio\\sdk\\default\\hms\\native'
]
[2026-09-01T14:24:00.222] [DEBUG] debug-file - CMake configuration was up-to-date
[2026-09-01T14:24:00.230] [DEBUG] debug-file - entry : default@BuildNativeWithCmake cost memory 0.17588043212890625
[2026-09-01T14:24:00.230] [DEBUG] debug-file - runTaskFromQueue task cost before running: 258 ms 
[2026-09-01T14:24:00.231] [INFO] debug-file - Finished :entry:default@BuildNativeWithCmake... after 21 ms 
[2026-09-01T14:24:00.231] [DEBUG] debug-file - Executing task :entry:compileNative
[2026-09-01T14:24:00.231] [DEBUG] debug-file - entry : compileNative cost memory 0.0115966796875
[2026-09-01T14:24:00.231] [DEBUG] debug-file - runTaskFromQueue task cost before running: 259 ms 
[2026-09-01T14:24:00.231] [INFO] debug-file - Finished :entry:compileNative... after 1 ms 
[2026-09-01T14:24:00.232] [INFO] debug-file - BUILD SUCCESSFUL in 259 ms 
[2026-09-01T14:24:00.234] [DEBUG] debug-file - Update task entry:default@PreBuild input file:D:\Walkie\HarmonyOS\AppScope\app.json5 cache by regenerate.
[2026-09-01T14:24:00.239] [DEBUG] debug-file - Update task entry:default@PreBuild input file:D:\Walkie\HarmonyOS\entry\src\main\module.json5 cache by regenerate.
[2026-09-01T14:24:00.242] [DEBUG] debug-file - Update task entry:default@PreBuild input file:D:\Walkie\HarmonyOS\build-profile.json5 cache by regenerate.
[2026-09-01T14:24:00.244] [DEBUG] debug-file - Update task entry:default@PreBuild input file:D:\Walkie\HarmonyOS\entry\build-profile.json5 cache by regenerate.
[2026-09-01T14:24:00.244] [DEBUG] debug-file - Update task entry:default@PreBuild input file:D:\Walkie\HarmonyOS\entry\src\main\resources\base\profile\main_pages.json cache by regenerate.
[2026-09-01T14:24:00.245] [DEBUG] debug-file - Update task entry:default@PreBuild input file:D:\Walkie\HarmonyOS\hvigor\hvigor-config.json5 cache by regenerate.
[2026-09-01T14:24:00.246] [DEBUG] debug-file - Update task entry:default@PreBuild input file:D:\Walkie\HarmonyOS\entry\src\mock\mock-config.json5 cache by regenerate.
[2026-09-01T14:24:00.247] [DEBUG] debug-file - Update task entry:default@PreBuild input file:D:\Walkie\HarmonyOS\entry\oh-package.json5 cache by regenerate.
[2026-09-01T14:24:00.247] [DEBUG] debug-file - Update task entry:default@PreBuild input file:D:\Walkie\HarmonyOS\oh-package.json5 cache by regenerate.
[2026-09-01T14:24:00.249] [DEBUG] debug-file - Incremental task entry:default@PreBuild post-execution cost:17 ms .
[2026-09-01T14:24:00.283] [DEBUG] debug-file - hvigor build process will be closed.
[2026-09-01T14:24:00.346] [DEBUG] debug-file - session manager: send message to worker process. WorkerThreadId: 0, data: {"type":"hvigor_failed","reason":"Server has disconnected."}
[2026-09-01T14:24:00.347] [DEBUG] debug-file - session manager: send message to worker process. WorkerThreadId: 0, data: {"type":"CloseWatch","reason":"Server has disconnected."}
[2026-09-01T14:24:00.347] [DEBUG] debug-file - watch worker: worker id should be larger than 0. Nothing will be sent to any worker thread.
[2026-09-01T14:24:00.348] [DEBUG] debug-file - ABORT_WORK sent to workers.
[2026-09-01T14:24:00.348] [DEBUG] debug-file - watch worker: worker id should be larger than 0. Nothing will be sent to any worker thread.
[2026-09-01T14:24:06.371] [DEBUG] debug-file - session manager: set active socket. socketId=dIybnz5DiPF8ZME2AAFX
[2026-09-01T14:24:06.389] [DEBUG] debug-file - watch worker: worker id should be larger than 0. Nothing will be sent to any worker thread.
[2026-09-01T14:24:06.393] [DEBUG] debug-file - Workers' log level updated to INFO
[2026-09-01T14:24:06.395] [DEBUG] debug-file - Hvigor init with startParameters:{
  hvigorfileTypeCheck: false,
  parallelExecution: true,
  incrementalExecution: true,
  printStackTrace: false,
  daemon: true,
  analyze: 0,
  logLevel: Level { level: 20000, levelStr: 'INFO', colour: 'green' },
  optimizationStrategy: 'memory',
  hotCompile: undefined,
  hotReloadBuild: undefined,
  customizedParam: undefined
}
[2026-09-01T14:24:06.403] [DEBUG] debug-file - Cache service initialization finished in 9 ms 
[2026-09-01T14:24:06.404] [DEBUG] debug-file - hvigorfile, resolving D:\Walkie\HarmonyOS\hvigorfile.ts
[2026-09-01T14:24:06.406] [DEBUG] debug-file - hvigorfile, require result:  { default: { plugins: [] } }
[2026-09-01T14:24:06.407] [DEBUG] debug-file - hvigorfile, binding system plugins null
[2026-09-01T14:24:06.407] [DEBUG] debug-file - Starting plugin build process
[2026-09-01T14:24:06.407] [DEBUG] debug-file - App plugin prepare start...
[2026-09-01T14:24:06.407] [DEBUG] debug-file - App plugin prepare end...
[2026-09-01T14:24:06.407] [DEBUG] debug-file - App plugin creating...
[2026-09-01T14:24:06.415] [DEBUG] debug-file - App plugin register hook start...
[2026-09-01T14:24:06.415] [DEBUG] debug-file - App plugin register hook end...
[2026-09-01T14:24:06.415] [DEBUG] debug-file - Plugin build process completed
[2026-09-01T14:24:06.415] [DEBUG] debug-file - Start initialize project's product build option map with build mode debug.
[2026-09-01T14:24:06.415] [DEBUG] debug-file - Picking option from product 'default' with build mode 'debug'.
[2026-09-01T14:24:06.415] [DEBUG] debug-file - Product 'default' build option initialized
[2026-09-01T14:24:06.415] [DEBUG] debug-file - End initialize project's product build option map with build mode 'debug'.
[2026-09-01T14:24:06.415] [DEBUG] debug-file - Obtain build option for product 'default'in this build.
[2026-09-01T14:24:06.416] [DEBUG] debug-file - D:\Walkie\HarmonyOS\build\cache\default\remote_hsp\remoteHspCache.json not exists.
[2026-09-01T14:24:06.418] [DEBUG] debug-file - Start recording SDK configuration permission data.
[2026-09-01T14:24:06.451] [DEBUG] debug-file - Sdk init in 34 ms 
[2026-09-01T14:24:06.453] [DEBUG] debug-file - Project task initialization takes 2 ms 
[2026-09-01T14:24:06.453] [DEBUG] debug-file - hvigorfile, begin to bind custom plugins...
[2026-09-01T14:24:06.453] [DEBUG] debug-file - hvigorfile, no custom plugins were found in D:\Walkie\HarmonyOS\hvigorfile.ts
[2026-09-01T14:24:06.453] [DEBUG] debug-file - hvigorfile, resolve finished D:\Walkie\HarmonyOS\hvigorfile.ts
[2026-09-01T14:24:06.454] [DEBUG] debug-file - hvigorfile, resolving D:\Walkie\HarmonyOS\entry\hvigorfile.ts
[2026-09-01T14:24:06.457] [DEBUG] debug-file - hvigorfile, require result:  { default: { plugins: [] } }
[2026-09-01T14:24:06.457] [DEBUG] debug-file - hvigorfile, binding system plugins null
[2026-09-01T14:24:06.457] [DEBUG] debug-file - Starting plugin build process
[2026-09-01T14:24:06.457] [DEBUG] debug-file - Hap plugin creating...
[2026-09-01T14:24:06.458] [DEBUG] debug-file - failed to load cangjie to dynamically generate schemas: Error: Cannot find module '@ohos/cangjie-build-support/index'
Require stack:
- G:\DevEco Studio\tools\hvigor\hvigor-ohos-plugin\src\plugin\hooks\cangjie-register.js
- G:\DevEco Studio\tools\hvigor\hvigor-ohos-plugin\src\plugin\strategy\stage-init-strategy.js
- G:\DevEco Studio\tools\hvigor\hvigor-ohos-plugin\src\plugin\builder\abstract-plugin-builder.js
- G:\DevEco Studio\tools\hvigor\hvigor-ohos-plugin\src\plugin\builder\app-plugin-builder.js
- G:\DevEco Studio\tools\hvigor\hvigor-ohos-plugin\src\plugin\factory\plugin-factory.js
- G:\DevEco Studio\tools\hvigor\hvigor-ohos-plugin\index.js
- D:\Walkie\HarmonyOS\hvigorfile.ts
- G:\DevEco Studio\tools\hvigor\hvigor\src\base\internal\lifecycle\configuration.js
- G:\DevEco Studio\tools\hvigor\hvigor\src\base\boot\index.js
- G:\DevEco Studio\tools\hvigor\hvigor\src\base\daemon\cluster\worker-process-lifecycle.js
- G:\DevEco Studio\tools\hvigor\hvigor\src\base\daemon\process\daemon-process-boot-script.js
[2026-09-01T14:24:06.459] [DEBUG] debug-file - Start initialize module-target build option map, moduleName=entry, buildMode=debug
[2026-09-01T14:24:06.459] [DEBUG] debug-file - Target 'default' config initialized
[2026-09-01T14:24:06.460] [DEBUG] debug-file - Module 'entry' target 'default' build option initialized
[2026-09-01T14:24:06.460] [DEBUG] debug-file - End initialize module-target build option map, moduleName=entry
[2026-09-01T14:24:06.460] [DEBUG] debug-file - Start initialize module-target build option map, moduleName=entry, buildMode=release
[2026-09-01T14:24:06.460] [DEBUG] debug-file - Target 'default' config initialized
[2026-09-01T14:24:06.460] [DEBUG] debug-file - Module 'entry' target 'default' build option initialized
[2026-09-01T14:24:06.460] [DEBUG] debug-file - End initialize module-target build option map, moduleName=entry
[2026-09-01T14:24:06.460] [DEBUG] debug-file - Start initialize module-target build option map, moduleName=entry, buildMode=debug
[2026-09-01T14:24:06.460] [DEBUG] debug-file - Target 'default' config initialized
[2026-09-01T14:24:06.460] [DEBUG] debug-file - Module 'entry' target 'default' build option initialized
[2026-09-01T14:24:06.460] [DEBUG] debug-file - End initialize module-target build option map, moduleName=entry
[2026-09-01T14:24:06.460] [DEBUG] debug-file - Obtain build option for module 'entry' target 'default'in this build.
[2026-09-01T14:24:06.461] [DEBUG] debug-file - Module entry task initialization takes 1 ms 
[2026-09-01T14:24:06.461] [DEBUG] debug-file - Hap plugin register hook start...
[2026-09-01T14:24:06.461] [DEBUG] debug-file - Hap plugin register hook end...
[2026-09-01T14:24:06.461] [DEBUG] debug-file - Plugin build process completed
[2026-09-01T14:24:06.462] [DEBUG] debug-file - hvigorfile, begin to bind custom plugins...
[2026-09-01T14:24:06.462] [DEBUG] debug-file - hvigorfile, no custom plugins were found in D:\Walkie\HarmonyOS\entry\hvigorfile.ts
[2026-09-01T14:24:06.462] [DEBUG] debug-file - hvigorfile, resolve finished D:\Walkie\HarmonyOS\entry\hvigorfile.ts
[2026-09-01T14:24:06.528] [DEBUG] debug-file - hvigorfile, resolve hvigorfile dependencies in 67 ms 
[2026-09-01T14:24:06.529] [DEBUG] debug-file - project has submodules:entry
[2026-09-01T14:24:06.529] [DEBUG] debug-file - Start to initialize dependency information.
[2026-09-01T14:24:06.539] [DEBUG] debug-file - Module HarmonyOS Collected Dependency: 
[2026-09-01T14:24:06.539] [DEBUG] debug-file - Module HarmonyOS's total dependency: 0
[2026-09-01T14:24:06.540] [DEBUG] debug-file - Start to initialize dependency information.
[2026-09-01T14:24:06.544] [DEBUG] debug-file - Module entry Collected Dependency: D:\Walkie\HarmonyOS\entry\src\main\cpp\types\libwalkieopus
[2026-09-01T14:24:06.544] [DEBUG] debug-file - Module entry's total dependency: 1
[2026-09-01T14:24:06.545] [DEBUG] debug-file - Configuration phase cost:142 ms 
[2026-09-01T14:24:06.546] [DEBUG] debug-file - Configuration task cost before running: 153 ms 
[2026-09-01T14:24:06.546] [DEBUG] debug-file - Executing task :entry:clean
[2026-09-01T14:24:06.546] [DEBUG] debug-file - clean: Start terminating worker pool.
[2026-09-01T14:24:06.546] [DEBUG] debug-file - Current worker pool is stopped or closed.
[2026-09-01T14:24:06.547] [DEBUG] debug-file - Clear worker 1.
[2026-09-01T14:24:06.547] [DEBUG] debug-file - Clear worker 2.
[2026-09-01T14:24:06.609] [DEBUG] debug-file - worker[2] exits with exit code 1.
[2026-09-01T14:24:06.609] [DEBUG] debug-file - Worker 2 has been cleared.
[2026-09-01T14:24:06.609] [DEBUG] debug-file - Current idle worker size: 0.
[2026-09-01T14:24:06.609] [DEBUG] debug-file - Current busy worker size: 0.
[2026-09-01T14:24:06.612] [DEBUG] debug-file - worker[1] exits with exit code 1.
[2026-09-01T14:24:06.612] [DEBUG] debug-file - Worker 1 has been cleared.
[2026-09-01T14:24:06.612] [DEBUG] debug-file - Current idle worker size: 0.
[2026-09-01T14:24:06.612] [DEBUG] debug-file - Current busy worker size: 0.
[2026-09-01T14:24:06.615] [DEBUG] debug-file - Current worker pool is terminated.
[2026-09-01T14:24:06.615] [DEBUG] debug-file - Current worker pool is terminated.
[2026-09-01T14:24:06.615] [DEBUG] debug-file - clean: Terminating worker pool finished.
[2026-09-01T14:24:06.730] [DEBUG] debug-file - ninja: Entering directory `D:\Walkie\HarmonyOS\entry\.cxx\default\default\debug\arm64-v8a'
[1/1] Cleaning all built files...
Cleaning... 169 files.

[2026-09-01T14:24:06.808] [DEBUG] debug-file - entry : clean cost memory -16.45775604248047
[2026-09-01T14:24:06.809] [DEBUG] debug-file - runTaskFromQueue task cost before running: 415 ms 
[2026-09-01T14:24:06.809] [INFO] debug-file - Finished :entry:clean... after 263 ms 
[2026-09-01T14:24:06.809] [DEBUG] debug-file - Executing task ::clean
[2026-09-01T14:24:06.809] [DEBUG] debug-file - clean: Worker pool is inactive.
[2026-09-01T14:24:06.809] [DEBUG] debug-file - HarmonyOS : clean cost memory 0.0218505859375
[2026-09-01T14:24:06.809] [DEBUG] debug-file - runTaskFromQueue task cost before running: 416 ms 
[2026-09-01T14:24:06.809] [INFO] debug-file - Finished ::clean... after 1 ms 
[2026-09-01T14:24:06.810] [INFO] debug-file - BUILD SUCCESSFUL in 417 ms 
[2026-09-01T14:24:06.823] [DEBUG] debug-file - Since there is no instance or instance is terminated, create a new worker pool.
[2026-09-01T14:24:06.823] [DEBUG] debug-file - Worker pool is initialized with config:  {
  minPoolNum: 2,
  maxPoolNum: undefined,
  maxCoreSize: undefined,
  cacheCapacity: undefined,
  cacheTtl: undefined
}
[2026-09-01T14:24:06.823] [DEBUG] debug-file - Create  resident worker with id: 0.
[2026-09-01T14:24:06.824] [DEBUG] debug-file - Create  resident worker with id: 1.
[2026-09-01T14:24:06.826] [DEBUG] debug-file - Cleanup worker 0.
[2026-09-01T14:24:06.826] [DEBUG] debug-file - Cleanup worker 1.
[2026-09-01T14:24:06.827] [DEBUG] debug-file - hvigor build process will be closed.
[2026-09-01T14:24:06.860] [DEBUG] debug-file - worker[1] exits with exit code 0.
[2026-09-01T14:24:06.861] [DEBUG] debug-file - worker[0] exits with exit code 0.
[2026-09-01T14:24:06.862] [DEBUG] debug-file - Worker 1 has been cleaned up.
[2026-09-01T14:24:06.862] [DEBUG] debug-file - Current idle worker size: 0.
[2026-09-01T14:24:06.862] [DEBUG] debug-file - Current resident worker size: 0.
[2026-09-01T14:24:06.862] [DEBUG] debug-file - Worker 0 has been cleaned up.
[2026-09-01T14:24:06.862] [DEBUG] debug-file - Current idle worker size: 0.
[2026-09-01T14:24:06.862] [DEBUG] debug-file - Current resident worker size: 0.
[2026-09-01T14:24:06.922] [DEBUG] debug-file - session manager: send message to worker process. WorkerThreadId: 0, data: {"type":"hvigor_failed","reason":"Server has disconnected."}
[2026-09-01T14:24:06.923] [DEBUG] debug-file - session manager: send message to worker process. WorkerThreadId: 0, data: {"type":"CloseWatch","reason":"Server has disconnected."}
[2026-09-01T14:24:06.923] [DEBUG] debug-file - watch worker: worker id should be larger than 0. Nothing will be sent to any worker thread.
[2026-09-01T14:24:06.969] [DEBUG] debug-file - ABORT_WORK sent to workers.
[2026-09-01T14:24:06.969] [DEBUG] debug-file - watch worker: worker id should be larger than 0. Nothing will be sent to any worker thread.
[2026-09-01T14:24:10.418] [DEBUG] debug-file - session manager: set active socket. socketId=F1WSkUYafzeFSQ1zAAFZ
[2026-09-01T14:24:10.432] [DEBUG] debug-file - watch worker: worker id should be larger than 0. Nothing will be sent to any worker thread.
[2026-09-01T14:24:10.436] [DEBUG] debug-file - Workers' log level updated to INFO
[2026-09-01T14:24:10.438] [DEBUG] debug-file - Hvigor init with startParameters:{
  hvigorfileTypeCheck: false,
  parallelExecution: true,
  incrementalExecution: true,
  printStackTrace: false,
  daemon: true,
  analyze: 0,
  logLevel: Level { level: 20000, levelStr: 'INFO', colour: 'green' },
  optimizationStrategy: 'memory',
  hotCompile: undefined,
  hotReloadBuild: undefined,
  customizedParam: undefined
}
[2026-09-01T14:24:10.443] [DEBUG] debug-file - Cache service initialization finished in 5 ms 
[2026-09-01T14:24:10.443] [DEBUG] debug-file - hvigorfile, resolving D:\Walkie\HarmonyOS\hvigorfile.ts
[2026-09-01T14:24:10.446] [DEBUG] debug-file - hvigorfile, require result:  { default: { plugins: [] } }
[2026-09-01T14:24:10.446] [DEBUG] debug-file - hvigorfile, binding system plugins null
[2026-09-01T14:24:10.446] [DEBUG] debug-file - Starting plugin build process
[2026-09-01T14:24:10.446] [DEBUG] debug-file - App plugin prepare start...
[2026-09-01T14:24:10.446] [DEBUG] debug-file - App plugin prepare end...
[2026-09-01T14:24:10.446] [DEBUG] debug-file - App plugin creating...
[2026-09-01T14:24:10.643] [DEBUG] debug-file - App plugin register hook start...
[2026-09-01T14:24:10.644] [DEBUG] debug-file - App plugin register hook end...
[2026-09-01T14:24:10.644] [DEBUG] debug-file - Plugin build process completed
[2026-09-01T14:24:10.644] [DEBUG] debug-file - Start initialize project's product build option map with build mode debug.
[2026-09-01T14:24:10.644] [DEBUG] debug-file - Picking option from product 'default' with build mode 'debug'.
[2026-09-01T14:24:10.644] [DEBUG] debug-file - Product 'default' build option initialized
[2026-09-01T14:24:10.644] [DEBUG] debug-file - End initialize project's product build option map with build mode 'debug'.
[2026-09-01T14:24:10.644] [DEBUG] debug-file - Obtain build option for product 'default'in this build.
[2026-09-01T14:24:10.645] [DEBUG] debug-file - D:\Walkie\HarmonyOS\build\cache\default\remote_hsp\remoteHspCache.json not exists.
[2026-09-01T14:24:10.646] [DEBUG] debug-file - Start recording SDK configuration permission data.
[2026-09-01T14:24:10.689] [DEBUG] debug-file - Sdk init in 43 ms 
[2026-09-01T14:24:10.691] [DEBUG] debug-file - Project task initialization takes 2 ms 
[2026-09-01T14:24:10.691] [DEBUG] debug-file - hvigorfile, begin to bind custom plugins...
[2026-09-01T14:24:10.692] [DEBUG] debug-file - hvigorfile, no custom plugins were found in D:\Walkie\HarmonyOS\hvigorfile.ts
[2026-09-01T14:24:10.692] [DEBUG] debug-file - hvigorfile, resolve finished D:\Walkie\HarmonyOS\hvigorfile.ts
[2026-09-01T14:24:10.693] [DEBUG] debug-file - hvigorfile, resolving D:\Walkie\HarmonyOS\entry\hvigorfile.ts
[2026-09-01T14:24:10.706] [DEBUG] debug-file - hvigorfile, require result:  { default: { plugins: [] } }
[2026-09-01T14:24:10.706] [DEBUG] debug-file - hvigorfile, binding system plugins null
[2026-09-01T14:24:10.707] [DEBUG] debug-file - Starting plugin build process
[2026-09-01T14:24:10.707] [DEBUG] debug-file - Hap plugin creating...
[2026-09-01T14:24:10.708] [DEBUG] debug-file - failed to load cangjie to dynamically generate schemas: Error: Cannot find module '@ohos/cangjie-build-support/index'
Require stack:
- G:\DevEco Studio\tools\hvigor\hvigor-ohos-plugin\src\plugin\hooks\cangjie-register.js
- G:\DevEco Studio\tools\hvigor\hvigor-ohos-plugin\src\plugin\strategy\stage-init-strategy.js
- G:\DevEco Studio\tools\hvigor\hvigor-ohos-plugin\src\plugin\builder\abstract-plugin-builder.js
- G:\DevEco Studio\tools\hvigor\hvigor-ohos-plugin\src\plugin\builder\app-plugin-builder.js
- G:\DevEco Studio\tools\hvigor\hvigor-ohos-plugin\src\plugin\factory\plugin-factory.js
- G:\DevEco Studio\tools\hvigor\hvigor-ohos-plugin\index.js
- D:\Walkie\HarmonyOS\hvigorfile.ts
- G:\DevEco Studio\tools\hvigor\hvigor\src\base\internal\lifecycle\configuration.js
- G:\DevEco Studio\tools\hvigor\hvigor\src\base\boot\index.js
- G:\DevEco Studio\tools\hvigor\hvigor\src\base\daemon\cluster\worker-process-lifecycle.js
- G:\DevEco Studio\tools\hvigor\hvigor\src\base\daemon\process\daemon-process-boot-script.js
[2026-09-01T14:24:10.710] [DEBUG] debug-file - Start initialize module-target build option map, moduleName=entry, buildMode=debug
[2026-09-01T14:24:10.710] [DEBUG] debug-file - Target 'default' config initialized
[2026-09-01T14:24:10.710] [DEBUG] debug-file - Module 'entry' target 'default' build option initialized
[2026-09-01T14:24:10.710] [DEBUG] debug-file - End initialize module-target build option map, moduleName=entry
[2026-09-01T14:24:10.710] [DEBUG] debug-file - Start initialize module-target build option map, moduleName=entry, buildMode=release
[2026-09-01T14:24:10.710] [DEBUG] debug-file - Target 'default' config initialized
[2026-09-01T14:24:10.710] [DEBUG] debug-file - Module 'entry' target 'default' build option initialized
[2026-09-01T14:24:10.710] [DEBUG] debug-file - End initialize module-target build option map, moduleName=entry
[2026-09-01T14:24:10.710] [DEBUG] debug-file - Start initialize module-target build option map, moduleName=entry, buildMode=debug
[2026-09-01T14:24:10.710] [DEBUG] debug-file - Target 'default' config initialized
[2026-09-01T14:24:10.711] [DEBUG] debug-file - Module 'entry' target 'default' build option initialized
[2026-09-01T14:24:10.711] [DEBUG] debug-file - End initialize module-target build option map, moduleName=entry
[2026-09-01T14:24:10.711] [DEBUG] debug-file - Obtain build option for module 'entry' target 'default'in this build.
[2026-09-01T14:24:10.712] [DEBUG] debug-file - Module entry task initialization takes 1 ms 
[2026-09-01T14:24:10.712] [DEBUG] debug-file - Hap plugin register hook start...
[2026-09-01T14:24:10.712] [DEBUG] debug-file - Hap plugin register hook end...
[2026-09-01T14:24:10.712] [DEBUG] debug-file - Plugin build process completed
[2026-09-01T14:24:10.712] [DEBUG] debug-file - hvigorfile, begin to bind custom plugins...
[2026-09-01T14:24:10.712] [DEBUG] debug-file - hvigorfile, no custom plugins were found in D:\Walkie\HarmonyOS\entry\hvigorfile.ts
[2026-09-01T14:24:10.712] [DEBUG] debug-file - hvigorfile, resolve finished D:\Walkie\HarmonyOS\entry\hvigorfile.ts
[2026-09-01T14:24:10.771] [DEBUG] debug-file - hvigorfile, resolve hvigorfile dependencies in 59 ms 
[2026-09-01T14:24:10.772] [DEBUG] debug-file - project has submodules:entry
[2026-09-01T14:24:10.773] [DEBUG] debug-file - start to load updatedOhPackageInfo to the disk
[2026-09-01T14:24:10.776] [DEBUG] debug-file - load to the disk finished
[2026-09-01T14:24:10.777] [DEBUG] debug-file - Start to initialize dependency information.
[2026-09-01T14:24:10.783] [DEBUG] debug-file - Module HarmonyOS Collected Dependency: 
[2026-09-01T14:24:10.783] [DEBUG] debug-file - Module HarmonyOS's total dependency: 0
[2026-09-01T14:24:10.783] [DEBUG] debug-file - Start to initialize dependency information.
[2026-09-01T14:24:10.789] [DEBUG] debug-file - Module entry Collected Dependency: D:\Walkie\HarmonyOS\entry\src\main\cpp\types\libwalkieopus
[2026-09-01T14:24:10.789] [DEBUG] debug-file - Module entry's total dependency: 1
[2026-09-01T14:24:10.790] [DEBUG] debug-file - Configuration phase cost:348 ms 
[2026-09-01T14:24:10.791] [DEBUG] debug-file - Configuration task cost before running: 356 ms 
[2026-09-01T14:24:10.795] [DEBUG] debug-file - Executing task :entry:default@PreBuild
[2026-09-01T14:24:10.798] [DEBUG] debug-file - Task 'entry:default@PreBuild' cost while wrapping incremental declarations: 1 ms 
[2026-09-01T14:24:10.817] [DEBUG] debug-file - Incremental task entry:default@PreBuild pre-execution cost: 15 ms .
[2026-09-01T14:24:10.817] [DEBUG] debug-file - entry : default@PreBuild cost memory 0.5948028564453125
[2026-09-01T14:24:10.820] [INFO] debug-file - UP-TO-DATE :entry:default@PreBuild...  
[2026-09-01T14:24:10.824] [DEBUG] debug-file - Executing task :entry:default@CreateModuleInfo
[2026-09-01T14:24:10.824] [DEBUG] debug-file - Task 'entry:default@CreateModuleInfo' cost while wrapping incremental declarations: 1 ms 
[2026-09-01T14:24:10.824] [DEBUG] debug-file - entry : default@CreateModuleInfo cost memory 0.03682708740234375
[2026-09-01T14:24:10.824] [DEBUG] debug-file - runTaskFromQueue task cost before running: 389 ms 
[2026-09-01T14:24:10.824] [INFO] debug-file - Finished :entry:default@CreateModuleInfo... after 1 ms 
[2026-09-01T14:24:10.830] [DEBUG] debug-file - Executing task :entry:default@GenerateMetadata
[2026-09-01T14:24:10.830] [DEBUG] debug-file - Task 'entry:default@GenerateMetadata' cost while wrapping incremental declarations: 1 ms 
[2026-09-01T14:24:10.831] [DEBUG] debug-file - entry:default@GenerateMetadata is not up-to-date, since the output file 'D:\Walkie\HarmonyOS\entry\build\default\intermediates\hap_metadata\default\output_metadata.json' does not exist.
[2026-09-01T14:24:10.831] [DEBUG] debug-file - Incremental task entry:default@GenerateMetadata pre-execution cost: 1 ms .
[2026-09-01T14:24:10.866] [DEBUG] debug-file - entry : default@GenerateMetadata cost memory 0.0768890380859375
[2026-09-01T14:24:10.866] [DEBUG] debug-file - runTaskFromQueue task cost before running: 431 ms 
[2026-09-01T14:24:10.866] [INFO] debug-file - Finished :entry:default@GenerateMetadata... after 37 ms 
[2026-09-01T14:24:10.871] [DEBUG] debug-file - Executing task :entry:default@ConfigureCmake
[2026-09-01T14:24:10.878] [DEBUG] debug-file - entry : default@ConfigureCmake cost memory -10.139442443847656
[2026-09-01T14:24:10.878] [DEBUG] debug-file - runTaskFromQueue task cost before running: 442 ms 
[2026-09-01T14:24:10.878] [INFO] debug-file - Finished :entry:default@ConfigureCmake... after 7 ms 
[2026-09-01T14:24:10.880] [DEBUG] debug-file - Executing task :entry:default@MergeProfile
[2026-09-01T14:24:10.880] [DEBUG] debug-file - Task 'entry:default@MergeProfile' cost while wrapping incremental declarations: 1 ms 
[2026-09-01T14:24:10.883] [DEBUG] debug-file - entry:default@MergeProfile is not up-to-date, since the output file 'D:\Walkie\HarmonyOS\entry\build\default\intermediates\merge_profile\default\module.json' does not exist.
[2026-09-01T14:24:10.883] [DEBUG] debug-file - Incremental task entry:default@MergeProfile pre-execution cost: 4 ms .
[2026-09-01T14:24:10.883] [DEBUG] debug-file - Change app api release type with 'Release'
[2026-09-01T14:24:10.883] [DEBUG] debug-file - Change app compile API version with '26.0.0.105'
[2026-09-01T14:24:10.883] [DEBUG] debug-file - Change app target API version with '260000026'
[2026-09-01T14:24:10.884] [DEBUG] debug-file - Change app minimum API version with '60101024'
[2026-09-01T14:24:10.884] [DEBUG] debug-file - Use cli appEnvironment
[2026-09-01T14:24:10.944] [DEBUG] debug-file - entry : default@MergeProfile cost memory 7.228034973144531
[2026-09-01T14:24:10.944] [DEBUG] debug-file - runTaskFromQueue task cost before running: 508 ms 
[2026-09-01T14:24:10.944] [INFO] debug-file - Finished :entry:default@MergeProfile... after 65 ms 
[2026-09-01T14:24:10.945] [DEBUG] debug-file - Executing task :entry:default@CreateBuildProfile
[2026-09-01T14:24:10.946] [DEBUG] debug-file - Task 'entry:default@CreateBuildProfile' cost while wrapping incremental declarations: 1 ms 
[2026-09-01T14:24:10.947] [DEBUG] debug-file - entry:default@CreateBuildProfile is not up-to-date, since the output file 'D:\Walkie\HarmonyOS\entry\build\default\generated\profile\default\BuildProfile.ets' does not exist.
[2026-09-01T14:24:10.947] [DEBUG] debug-file - Incremental task entry:default@CreateBuildProfile pre-execution cost: 1 ms .
[2026-09-01T14:24:10.950] [DEBUG] debug-file - entry : default@CreateBuildProfile cost memory 0.08282470703125
[2026-09-01T14:24:10.950] [DEBUG] debug-file - runTaskFromQueue task cost before running: 515 ms 
[2026-09-01T14:24:10.950] [INFO] debug-file - Finished :entry:default@CreateBuildProfile... after 5 ms 
[2026-09-01T14:24:10.951] [DEBUG] debug-file - Executing task :entry:default@PreCheckSyscap
[2026-09-01T14:24:10.952] [DEBUG] debug-file - entry : default@PreCheckSyscap cost memory 0.0138397216796875
[2026-09-01T14:24:10.952] [DEBUG] debug-file - runTaskFromQueue task cost before running: 516 ms 
[2026-09-01T14:24:10.952] [INFO] debug-file - Finished :entry:default@PreCheckSyscap... after 1 ms 
[2026-09-01T14:24:10.953] [DEBUG] debug-file - Executing task :entry:default@GeneratePkgSdkInfo
[2026-09-01T14:24:10.956] [DEBUG] debug-file - Task 'entry:default@GeneratePkgSdkInfo' cost while wrapping incremental declarations: 1 ms 
[2026-09-01T14:24:10.957] [DEBUG] debug-file - entry : default@GeneratePkgSdkInfo cost memory 0.106964111328125
[2026-09-01T14:24:10.957] [DEBUG] debug-file - runTaskFromQueue task cost before running: 521 ms 
[2026-09-01T14:24:10.958] [INFO] debug-file - Finished :entry:default@GeneratePkgSdkInfo... after 5 ms 
[2026-09-01T14:24:10.966] [DEBUG] debug-file - Executing task :entry:default@ProcessIntegratedHsp
[2026-09-01T14:24:10.966] [DEBUG] debug-file - entry:default@ProcessIntegratedHsp is not up-to-date, since the output file 'D:\Walkie\HarmonyOS\build\cache\default\integrated_hsp\integratedHspCache.json' does not exist.
[2026-09-01T14:24:10.966] [DEBUG] debug-file - Incremental task entry:default@ProcessIntegratedHsp pre-execution cost: 1 ms .
[2026-09-01T14:24:10.969] [DEBUG] debug-file - entry : default@ProcessIntegratedHsp cost memory 0.04660797119140625
[2026-09-01T14:24:10.969] [DEBUG] debug-file - runTaskFromQueue task cost before running: 533 ms 
[2026-09-01T14:24:10.969] [INFO] debug-file - Finished :entry:default@ProcessIntegratedHsp... after 3 ms 
[2026-09-01T14:24:10.970] [DEBUG] debug-file - Executing task :entry:default@BuildNativeWithCmake
[2026-09-01T14:24:10.972] [DEBUG] debug-file - Use tool [Cmake]
 [
  'G:\\DevEco Studio\\sdk\\default\\openharmony\\native\\build-tools\\cmake\\bin\\cmake.exe',
  '-HD:\\Walkie\\HarmonyOS\\entry\\src\\main\\cpp',
  '-BD:\\Walkie\\HarmonyOS\\entry\\.cxx\\default\\default\\debug\\arm64-v8a',
  '-DOHOS_ARCH=arm64-v8a',
  '-DCMAKE_LIBRARY_OUTPUT_DIRECTORY=D:\\Walkie\\HarmonyOS\\entry\\build\\default\\intermediates\\cmake\\default\\obj\\arm64-v8a',
  '-DCMAKE_BUILD_TYPE=Debug',
  '-DOHOS_SDK_NATIVE=G:\\DevEco Studio\\sdk\\default\\openharmony\\native',
  '-DCMAKE_SYSTEM_NAME=OHOS',
  '-DCMAKE_OHOS_ARCH_ABI=arm64-v8a',
  '-DCMAKE_EXPORT_COMPILE_COMMANDS=ON',
  '-DCMAKE_TOOLCHAIN_FILE=G:\\DevEco Studio\\sdk\\default\\hms\\native\\build\\cmake\\hmos.toolchain.cmake',
  '-GNinja',
  '-DCMAKE_MAKE_PROGRAM=G:\\DevEco Studio\\sdk\\default\\openharmony\\native\\build-tools\\cmake\\bin\\ninja.exe',
  '-DCMAKE_FIND_ROOT_PATH=D:\\Walkie\\HarmonyOS\\entry\\.cxx\\default\\default\\debug\\hvigor\\arm64-v8a',
  '-DPACKAGE_FIND_FILE=D:\\Walkie\\HarmonyOS\\entry\\.cxx\\default\\default\\debug\\hvigor\\arm64-v8a\\summary.cmake',
  '--no-warn-unused-cli',
  '-DHMOS_SDK_NATIVE=G:\\DevEco Studio\\sdk\\default\\hms\\native'
]
[2026-09-01T14:24:10.986] [DEBUG] debug-file - - a file changed
[2026-09-01T14:24:10.986] [DEBUG] debug-file -   - D:\Walkie\HarmonyOS\entry\.cxx\default\default\debug\arm64-v8a\CMakeCache.txt (DELETED)
[2026-09-01T14:24:10.987] [DEBUG] debug-file - default@BuildNativeWithCmake work[352] is submitted.
[2026-09-01T14:24:10.988] [DEBUG] debug-file - default@BuildNativeWithCmake work[352] is pushed to ready queue.
[2026-09-01T14:24:10.988] [DEBUG] debug-file - default@BuildNativeWithCmake work[352] is not dispatched.
[2026-09-01T14:24:10.988] [DEBUG] debug-file - entry : default@BuildNativeWithCmake cost memory 0.2147064208984375
[2026-09-01T14:24:10.989] [DEBUG] debug-file - Executing task :entry:default@MakePackInfo
[2026-09-01T14:24:11.005] [DEBUG] debug-file - entry:default@MakePackInfo is not up-to-date, since the output file 'D:\Walkie\HarmonyOS\entry\build\default\outputs\default\pack.info' does not exist.
[2026-09-01T14:24:11.005] [DEBUG] debug-file - Incremental task entry:default@MakePackInfo pre-execution cost: 7 ms .
[2026-09-01T14:24:11.005] [DEBUG] debug-file - Module Pack Info:  {
  summary: {
    app: { bundleName: 'c***s', bundleType: 'app', version: [Object] },
    modules: [ [Object] ]
  },
  packages: [
    {
      deviceType: [Array],
      moduleType: 'entry',
      deliveryWithInstall: true,
      name: 'entry-default'
    }
  ]
}
[2026-09-01T14:24:11.011] [DEBUG] debug-file - entry : default@MakePackInfo cost memory 0.11800384521484375
[2026-09-01T14:24:11.011] [DEBUG] debug-file - runTaskFromQueue task cost before running: 576 ms 
[2026-09-01T14:24:11.012] [INFO] debug-file - Finished :entry:default@MakePackInfo... after 23 ms 
[2026-09-01T14:24:11.013] [DEBUG] debug-file - Executing task :entry:default@SyscapTransform
[2026-09-01T14:24:11.013] [DEBUG] debug-file - File: 'D:\Walkie\HarmonyOS\entry\src\main\syscap.json' from 'sysCapJsonPath' is not exists, just ignore.
[2026-09-01T14:24:11.014] [DEBUG] debug-file - Task 'entry:default@SyscapTransform' cost while wrapping incremental declarations: 1 ms 
[2026-09-01T14:24:11.015] [DEBUG] debug-file - entry:default@SyscapTransform is not up-to-date, since the output file 'D:\Walkie\HarmonyOS\entry\build\default\intermediates\syscap\default\rpcid.sc' does not exist.
[2026-09-01T14:24:11.015] [DEBUG] debug-file - Incremental task entry:default@SyscapTransform pre-execution cost: 2 ms .
[2026-09-01T14:24:11.015] [DEBUG] debug-file - entry : default@SyscapTransform cost memory 0.10286712646484375
[2026-09-01T14:24:11.015] [DEBUG] debug-file - runTaskFromQueue task cost before running: 580 ms 
[2026-09-01T14:24:11.015] [INFO] debug-file - Finished :entry:default@SyscapTransform... after 3 ms 
[2026-09-01T14:24:11.097] [DEBUG] debug-file - A work dispatched to worker[3] failed because unable to get work from ready queue.
[2026-09-01T14:24:11.098] [DEBUG] debug-file - Create  resident worker with id: 2.
[2026-09-01T14:24:11.098] [DEBUG] debug-file - default@BuildNativeWithCmake work[352] has been dispatched to worker[2].
[2026-09-01T14:24:12.599] [DEBUG] debug-file - Not searching for unused variables given on the command line.

[2026-09-01T14:24:12.733] [DEBUG] debug-file - -- The C compiler identification is Clang 15.0.4

[2026-09-01T14:24:12.911] [DEBUG] debug-file - -- The CXX compiler identification is Clang 15.0.4

[2026-09-01T14:24:13.030] [DEBUG] debug-file - -- Detecting C compiler ABI info

[2026-09-01T14:24:13.460] [DEBUG] debug-file - -- Detecting C compiler ABI info - done

[2026-09-01T14:24:13.481] [DEBUG] debug-file - -- Check for working C compiler: G:/DevEco Studio/sdk/default/openharmony/native/llvm/bin/clang.exe - skipped

[2026-09-01T14:24:13.482] [DEBUG] debug-file - -- Detecting C compile features

[2026-09-01T14:24:13.483] [DEBUG] debug-file - -- Detecting C compile features - done

[2026-09-01T14:24:13.549] [DEBUG] debug-file - -- Detecting CXX compiler ABI info

[2026-09-01T14:24:13.968] [DEBUG] debug-file - -- Detecting CXX compiler ABI info - done

[2026-09-01T14:24:13.989] [DEBUG] debug-file - -- Check for working CXX compiler: G:/DevEco Studio/sdk/default/openharmony/native/llvm/bin/clang++.exe - skipped

[2026-09-01T14:24:13.990] [DEBUG] debug-file - -- Detecting CXX compile features

[2026-09-01T14:24:13.991] [DEBUG] debug-file - -- Detecting CXX compile features - done

[2026-09-01T14:24:14.003] [DEBUG] debug-file - -- Configuring done (1.4s)

[2026-09-01T14:24:14.103] [DEBUG] debug-file - -- Generating done (0.1s)

[2026-09-01T14:24:14.188] [DEBUG] debug-file - -- Build files have been written to: D:/Walkie/HarmonyOS/entry/.cxx/default/default/debug/arm64-v8a

[2026-09-01T14:24:14.197] [DEBUG] debug-file - worker[2] has one work done.
[2026-09-01T14:24:14.240] [DEBUG] debug-file - default@BuildNativeWithCmake work[352] done.
[2026-09-01T14:24:14.240] [DEBUG] debug-file - A work dispatched to worker[2] failed because unable to get work from ready queue.
[2026-09-01T14:24:14.241] [INFO] debug-file - Finished :entry:default@BuildNativeWithCmake... after 1 s 684 ms 
[2026-09-01T14:24:14.242] [DEBUG] debug-file - Executing task :entry:default@BuildNativeWithNinja
[2026-09-01T14:24:14.243] [DEBUG] debug-file - Use tool [Ninja]
 [
  'G:\\DevEco Studio\\sdk\\default\\openharmony\\native\\build-tools\\cmake\\bin\\ninja.exe',
  '-C',
  'D:\\Walkie\\HarmonyOS\\entry\\.cxx\\default\\default\\debug\\arm64-v8a'
]
[2026-09-01T14:24:14.243] [DEBUG] debug-file - default@BuildNativeWithNinja work[353] is submitted.
[2026-09-01T14:24:14.243] [DEBUG] debug-file - default@BuildNativeWithNinja work[353] is pushed to ready queue.
[2026-09-01T14:24:14.243] [DEBUG] debug-file - A work dispatched to worker[3] failed because unable to get work from ready queue.
[2026-09-01T14:24:14.244] [DEBUG] debug-file - default@BuildNativeWithNinja work[353] has been dispatched to worker[2].
[2026-09-01T14:24:14.244] [DEBUG] debug-file - default@BuildNativeWithNinja work[353] is dispatched.
[2026-09-01T14:24:14.257] [DEBUG] debug-file - OHOS_STL is c++_shared
[2026-09-01T14:24:14.257] [DEBUG] debug-file - Copy STL libc++_shared.so to D:\Walkie\HarmonyOS\entry\build\default\intermediates\cmake\default\obj\arm64-v8a due to OHOS_STL is 'c++_shared'
[2026-09-01T14:24:14.273] [DEBUG] debug-file - entry : default@BuildNativeWithNinja cost memory 2.0052108764648438
[2026-09-01T14:24:14.275] [DEBUG] debug-file - Executing task :entry:default@GeneratePkgContextInfo
[2026-09-01T14:24:14.290] [DEBUG] debug-file - Task 'entry:default@GeneratePkgContextInfo' cost while wrapping incremental declarations: 1 ms 
[2026-09-01T14:24:14.291] [DEBUG] debug-file - entry:default@GeneratePkgContextInfo is not up-to-date, since the output file 'D:\Walkie\HarmonyOS\entry\build\default\intermediates\loader\default\pkgContextInfo.json' does not exist.
[2026-09-01T14:24:14.291] [DEBUG] debug-file - Incremental task entry:default@GeneratePkgContextInfo pre-execution cost: 1 ms .
[2026-09-01T14:24:14.291] [DEBUG] debug-file - entry : default@GeneratePkgContextInfo cost memory 2.253204345703125
[2026-09-01T14:24:14.291] [DEBUG] debug-file - runTaskFromQueue task cost before running: 3 s 856 ms 
[2026-09-01T14:24:14.292] [INFO] debug-file - Finished :entry:default@GeneratePkgContextInfo... after 17 ms 
[2026-09-01T14:24:14.293] [DEBUG] debug-file - Executing task :entry:default@ProcessProfile
[2026-09-01T14:24:14.305] [DEBUG] debug-file - Task 'entry:default@ProcessProfile' cost while wrapping incremental declarations: 1 ms 
[2026-09-01T14:24:14.306] [DEBUG] debug-file - entry:default@ProcessProfile is not up-to-date, since the input file 'D:\Walkie\HarmonyOS\entry\build\default\intermediates\merge_profile\default\module.json' has been changed.
[2026-09-01T14:24:14.306] [DEBUG] debug-file - Incremental task entry:default@ProcessProfile pre-execution cost: 1 ms .
[2026-09-01T14:24:14.307] [DEBUG] debug-file - [
  'G:\\DevEco Studio\\tools\\node\\node.exe',
  'G:\\DevEco Studio\\sdk\\default\\openharmony\\ets\\build-tools\\ets-loader\\bin\\ark\\ts2abc.js',
  '--target-api-version',
  '24'
]
[2026-09-01T14:24:14.521] [DEBUG] debug-file - ninja: Entering directory `D:\Walkie\HarmonyOS\entry\.cxx\default\default\debug\arm64-v8a'
[1/169] Building C object CMakeFiles/opus.dir/opus/celt/cwrs.c.o
clang: warning: argument unused during compilation: '--gcc-toolchain=G:/DevEco Studio/sdk/default/openharmony/native/llvm' [-Wunused-command-line-argument]

[2026-09-01T14:24:14.645] [DEBUG] debug-file - [2/169] Building C object CMakeFiles/opus.dir/opus/celt/celt_lpc.c.o
clang: warning: argument unused during compilation: '--gcc-toolchain=G:/DevEco Studio/sdk/default/openharmony/native/llvm' [-Wunused-command-line-argument]

[2026-09-01T14:24:14.670] [DEBUG] debug-file - [3/169] Building C object CMakeFiles/opus.dir/opus/celt/bands.c.o
clang: warning: argument unused during compilation: '--gcc-toolchain=G:/DevEco Studio/sdk/default/openharmony/native/llvm' [-Wunused-command-line-argument]

[2026-09-01T14:24:14.755] [DEBUG] debug-file - [4/169] Building C object CMakeFiles/opus.dir/opus/celt/entcode.c.o
clang: warning: argument unused during compilation: '--gcc-toolchain=G:/DevEco Studio/sdk/default/openharmony/native/llvm' [-Wunused-command-line-argument]

[2026-09-01T14:24:14.853] [DEBUG] debug-file - [5/169] Building C object CMakeFiles/opus.dir/opus/celt/celt.c.o
clang: warning: argument unused during compilation: '--gcc-toolchain=G:/DevEco Studio/sdk/default/openharmony/native/llvm' [-Wunused-command-line-argument]

[2026-09-01T14:24:14.921] [DEBUG] debug-file - [6/169] Building C object CMakeFiles/opus.dir/opus/celt/entdec.c.o
clang: warning: argument unused during compilation: '--gcc-toolchain=G:/DevEco Studio/sdk/default/openharmony/native/llvm' [-Wunused-command-line-argument]

[2026-09-01T14:24:14.970] [DEBUG] debug-file - [7/169] Building C object CMakeFiles/opus.dir/opus/celt/entenc.c.o
clang: warning: argument unused during compilation: '--gcc-toolchain=G:/DevEco Studio/sdk/default/openharmony/native/llvm' [-Wunused-command-line-argument]

[2026-09-01T14:24:15.051] [DEBUG] debug-file - [8/169] Building C object CMakeFiles/opus.dir/opus/celt/laplace.c.o
clang: warning: argument unused during compilation: '--gcc-toolchain=G:/DevEco Studio/sdk/default/openharmony/native/llvm' [-Wunused-command-line-argument]

[2026-09-01T14:24:15.104] [DEBUG] debug-file - [9/169] Building C object CMakeFiles/opus.dir/opus/celt/celt_decoder.c.o
clang: warning: argument unused during compilation: '--gcc-toolchain=G:/DevEco Studio/sdk/default/openharmony/native/llvm' [-Wunused-command-line-argument]

[2026-09-01T14:24:15.114] [DEBUG] debug-file - [10/169] Building C object CMakeFiles/opus.dir/opus/celt/kiss_fft.c.o
clang: warning: argument unused during compilation: '--gcc-toolchain=G:/DevEco Studio/sdk/default/openharmony/native/llvm' [-Wunused-command-line-argument]

[2026-09-01T14:24:15.259] [DEBUG] debug-file - [11/169] Building C object CMakeFiles/opus.dir/opus/celt/mini_kfft.c.o
clang: warning: argument unused during compilation: '--gcc-toolchain=G:/DevEco Studio/sdk/default/openharmony/native/llvm' [-Wunused-command-line-argument]

[2026-09-01T14:24:15.286] [DEBUG] debug-file - [12/169] Building C object CMakeFiles/opus.dir/opus/celt/mdct.c.o
clang: warning: argument unused during compilation: '--gcc-toolchain=G:/DevEco Studio/sdk/default/openharmony/native/llvm' [-Wunused-command-line-argument]

[2026-09-01T14:24:15.367] [DEBUG] debug-file - [13/169] Building C object CMakeFiles/opus.dir/opus/celt/celt_encoder.c.o
clang: warning: argument unused during compilation: '--gcc-toolchain=G:/DevEco Studio/sdk/default/openharmony/native/llvm' [-Wunused-command-line-argument]

[2026-09-01T14:24:15.505] [DEBUG] debug-file - [14/169] Building C object CMakeFiles/opus.dir/opus/celt/modes.c.o
clang: warning: argument unused during compilation: '--gcc-toolchain=G:/DevEco Studio/sdk/default/openharmony/native/llvm' [-Wunused-command-line-argument]

[2026-09-01T14:24:15.555] [DEBUG] debug-file - [15/169] Building C object CMakeFiles/opus.dir/opus/celt/opus_custom_demo.c.o
clang: warning: argument unused during compilation: '--gcc-toolchain=G:/DevEco Studio/sdk/default/openharmony/native/llvm' [-Wunused-command-line-argument]

[2026-09-01T14:24:15.607] [DEBUG] debug-file - [16/169] Building C object CMakeFiles/opus.dir/opus/celt/pitch.c.o
clang: warning: argument unused during compilation: '--gcc-toolchain=G:/DevEco Studio/sdk/default/openharmony/native/llvm' [-Wunused-command-line-argument]

[2026-09-01T14:24:15.615] [DEBUG] debug-file - [17/169] Building C object CMakeFiles/opus.dir/opus/celt/quant_bands.c.o
clang: warning: argument unused during compilation: '--gcc-toolchain=G:/DevEco Studio/sdk/default/openharmony/native/llvm' [-Wunused-command-line-argument]

[2026-09-01T14:24:15.660] [DEBUG] debug-file - [18/169] Building C object CMakeFiles/opus.dir/opus/celt/mathops.c.o
clang: warning: argument unused during compilation: '--gcc-toolchain=G:/DevEco Studio/sdk/default/openharmony/native/llvm' [-Wunused-command-line-argument]

[2026-09-01T14:24:15.769] [DEBUG] debug-file - [19/169] Building C object CMakeFiles/opus.dir/opus/celt/rate.c.o
clang: warning: argument unused during compilation: '--gcc-toolchain=G:/DevEco Studio/sdk/default/openharmony/native/llvm' [-Wunused-command-line-argument]

[2026-09-01T14:24:15.791] [DEBUG] debug-file - [20/169] Building C object CMakeFiles/opus.dir/opus/silk/CNG.c.o
clang: warning: argument unused during compilation: '--gcc-toolchain=G:/DevEco Studio/sdk/default/openharmony/native/llvm' [-Wunused-command-line-argument]

[2026-09-01T14:24:15.799] [DEBUG] debug-file - [21/169] Building C object CMakeFiles/opus.dir/opus/silk/A2NLSF.c.o
clang: warning: argument unused during compilation: '--gcc-toolchain=G:/DevEco Studio/sdk/default/openharmony/native/llvm' [-Wunused-command-line-argument]

[2026-09-01T14:24:15.818] [DEBUG] debug-file - [22/169] Building C object CMakeFiles/opus.dir/opus/celt/vq.c.o
clang: warning: argument unused during compilation: '--gcc-toolchain=G:/DevEco Studio/sdk/default/openharmony/native/llvm' [-Wunused-command-line-argument]

[2026-09-01T14:24:15.886] [DEBUG] debug-file - [23/169] Building C object CMakeFiles/opus.dir/opus/silk/LPC_fit.c.o
clang: warning: argument unused during compilation: '--gcc-toolchain=G:/DevEco Studio/sdk/default/openharmony/native/llvm' [-Wunused-command-line-argument]

[2026-09-01T14:24:15.965] [DEBUG] debug-file - [24/169] Building C object CMakeFiles/opus.dir/opus/silk/LPC_analysis_filter.c.o
clang: warning: argument unused during compilation: '--gcc-toolchain=G:/DevEco Studio/sdk/default/openharmony/native/llvm' [-Wunused-command-line-argument]

[2026-09-01T14:24:15.976] [DEBUG] debug-file - [25/169] Building C object CMakeFiles/opus.dir/opus/silk/NLSF2A.c.o
clang: warning: argument unused during compilation: '--gcc-toolchain=G:/DevEco Studio/sdk/default/openharmony/native/llvm' [-Wunused-command-line-argument]

[2026-09-01T14:24:16.100] [DEBUG] debug-file - [26/169] Building C object CMakeFiles/opus.dir/opus/silk/LP_variable_cutoff.c.o
clang: warning: argument unused during compilation: '--gcc-toolchain=G:/DevEco Studio/sdk/default/openharmony/native/llvm' [-Wunused-command-line-argument]

[2026-09-01T14:24:16.115] [DEBUG] debug-file - [27/169] Building C object CMakeFiles/opus.dir/opus/silk/LPC_inv_pred_gain.c.o
clang: warning: argument unused during compilation: '--gcc-toolchain=G:/DevEco Studio/sdk/default/openharmony/native/llvm' [-Wunused-command-line-argument]

[2026-09-01T14:24:16.188] [DEBUG] debug-file - [28/169] Building C object CMakeFiles/opus.dir/opus/silk/NLSF_decode.c.o
clang: warning: argument unused during compilation: '--gcc-toolchain=G:/DevEco Studio/sdk/default/openharmony/native/llvm' [-Wunused-command-line-argument]

[2026-09-01T14:24:16.197] [DEBUG] debug-file - [29/169] Building C object CMakeFiles/opus.dir/opus/silk/NLSF_VQ.c.o
clang: warning: argument unused during compilation: '--gcc-toolchain=G:/DevEco Studio/sdk/default/openharmony/native/llvm' [-Wunused-command-line-argument]

[2026-09-01T14:24:16.217] [DEBUG] debug-file - [30/169] Building C object CMakeFiles/opus.dir/opus/silk/NLSF_VQ_weights_laroia.c.o
clang: warning: argument unused during compilation: '--gcc-toolchain=G:/DevEco Studio/sdk/default/openharmony/native/llvm' [-Wunused-command-line-argument]

[2026-09-01T14:24:16.329] [DEBUG] debug-file - [31/169] Building C object CMakeFiles/opus.dir/opus/silk/NLSF_del_dec_quant.c.o
clang: warning: argument unused during compilation: '--gcc-toolchain=G:/DevEco Studio/sdk/default/openharmony/native/llvm' [-Wunused-command-line-argument]

[2026-09-01T14:24:16.339] [DEBUG] debug-file - [32/169] Building C object CMakeFiles/opus.dir/opus/silk/NLSF_stabilize.c.o
clang: warning: argument unused during compilation: '--gcc-toolchain=G:/DevEco Studio/sdk/default/openharmony/native/llvm' [-Wunused-command-line-argument]

[2026-09-01T14:24:16.354] [DEBUG] debug-file - [33/169] Building C object CMakeFiles/opus.dir/opus/silk/HP_variable_cutoff.c.o
clang: warning: argument unused during compilation: '--gcc-toolchain=G:/DevEco Studio/sdk/default/openharmony/native/llvm' [-Wunused-command-line-argument]

[2026-09-01T14:24:16.432] [DEBUG] debug-file - [34/169] Building C object CMakeFiles/opus.dir/opus/silk/NLSF_unpack.c.o
clang: warning: argument unused during compilation: '--gcc-toolchain=G:/DevEco Studio/sdk/default/openharmony/native/llvm' [-Wunused-command-line-argument]

[2026-09-01T14:24:16.454] [DEBUG] debug-file - 24.0.0.0
[2026-09-01T14:24:16.455] [DEBUG] debug-file - [35/169] Building C object CMakeFiles/opus.dir/opus/silk/NSQ.c.o
clang: warning: argument unused during compilation: '--gcc-toolchain=G:/DevEco Studio/sdk/default/openharmony/native/llvm' [-Wunused-command-line-argument]

[2026-09-01T14:24:16.477] [DEBUG] debug-file - No need to add fake ui ability because of not in preview process.
[2026-09-01T14:24:16.478] [DEBUG] debug-file - entry : default@ProcessProfile cost memory 2.547637939453125
[2026-09-01T14:24:16.479] [DEBUG] debug-file - runTaskFromQueue task cost before running: 6 s 43 ms 
[2026-09-01T14:24:16.479] [INFO] debug-file - Finished :entry:default@ProcessProfile... after 2 s 186 ms 
[2026-09-01T14:24:16.480] [DEBUG] debug-file - Executing task :entry:default@ProcessRouterMap
[2026-09-01T14:24:16.482] [DEBUG] debug-file - entry:default@ProcessRouterMap is not up-to-date, since the input file 'D:\Walkie\HarmonyOS\entry\build\default\intermediates\loader\default\pkgContextInfo.json' has been changed.
[2026-09-01T14:24:16.482] [DEBUG] debug-file - Incremental task entry:default@ProcessRouterMap pre-execution cost: 2 ms .
[2026-09-01T14:24:16.484] [DEBUG] debug-file - entry : default@ProcessRouterMap cost memory 0.09836578369140625
[2026-09-01T14:24:16.485] [DEBUG] debug-file - runTaskFromQueue task cost before running: 6 s 49 ms 
[2026-09-01T14:24:16.485] [INFO] debug-file - Finished :entry:default@ProcessRouterMap... after 5 ms 
[2026-09-01T14:24:16.486] [DEBUG] debug-file - Executing task :entry:default@ProcessShareConfig
[2026-09-01T14:24:16.489] [DEBUG] debug-file - entry:default@ProcessShareConfig is not up-to-date, since the input file 'D:\Walkie\HarmonyOS\entry\build\default\intermediates\loader\default\pkgContextInfo.json' has been changed.
[2026-09-01T14:24:16.489] [DEBUG] debug-file - Incremental task entry:default@ProcessShareConfig pre-execution cost: 3 ms .
[2026-09-01T14:24:16.490] [DEBUG] debug-file - entry : default@ProcessShareConfig cost memory 0.0919342041015625
[2026-09-01T14:24:16.490] [DEBUG] debug-file - runTaskFromQueue task cost before running: 6 s 55 ms 
[2026-09-01T14:24:16.491] [INFO] debug-file - Finished :entry:default@ProcessShareConfig... after 5 ms 
[2026-09-01T14:24:16.492] [DEBUG] debug-file - Executing task :entry:default@ProcessStartupConfig
[2026-09-01T14:24:16.492] [DEBUG] debug-file - Task 'entry:default@ProcessStartupConfig' cost while wrapping incremental declarations: 1 ms 
[2026-09-01T14:24:16.493] [DEBUG] debug-file - entry:default@ProcessStartupConfig is not up-to-date, since the input file 'D:\Walkie\HarmonyOS\entry\build\default\intermediates\loader\default\pkgContextInfo.json' has been changed.
[2026-09-01T14:24:16.493] [DEBUG] debug-file - Incremental task entry:default@ProcessStartupConfig pre-execution cost: 1 ms .
[2026-09-01T14:24:16.494] [DEBUG] debug-file - entry : default@ProcessStartupConfig cost memory 0.110137939453125
[2026-09-01T14:24:16.494] [DEBUG] debug-file - runTaskFromQueue task cost before running: 6 s 58 ms 
[2026-09-01T14:24:16.494] [INFO] debug-file - Finished :entry:default@ProcessStartupConfig... after 2 ms 
[2026-09-01T14:24:16.495] [DEBUG] debug-file - restool module names: entry; moduleName=entry, taskName=default@ProcessResource
[2026-09-01T14:24:16.496] [DEBUG] debug-file - Executing task :entry:default@ProcessResource
[2026-09-01T14:24:16.496] [DEBUG] debug-file - Task 'entry:default@ProcessResource' cost while wrapping incremental declarations: 1 ms 
[2026-09-01T14:24:16.497] [DEBUG] debug-file - entry:default@ProcessResource is not up-to-date, since the output file 'D:\Walkie\HarmonyOS\entry\build\default\intermediates\res\default\resConfig.json' does not exist.
[2026-09-01T14:24:16.497] [DEBUG] debug-file - Incremental task entry:default@ProcessResource pre-execution cost: 1 ms .
[2026-09-01T14:24:16.534] [DEBUG] debug-file - [36/169] Building C object CMakeFiles/opus.dir/opus/silk/NLSF_encode.c.o
clang: warning: argument unused during compilation: '--gcc-toolchain=G:/DevEco Studio/sdk/default/openharmony/native/llvm' [-Wunused-command-line-argument]

[2026-09-01T14:24:16.556] [DEBUG] debug-file - [37/169] Building C object CMakeFiles/opus.dir/opus/silk/PLC.c.o
clang: warning: argument unused during compilation: '--gcc-toolchain=G:/DevEco Studio/sdk/default/openharmony/native/llvm' [-Wunused-command-line-argument]

[2026-09-01T14:24:16.565] [DEBUG] debug-file - entry : default@ProcessResource cost memory 0.09731292724609375
[2026-09-01T14:24:16.566] [DEBUG] debug-file - runTaskFromQueue task cost before running: 6 s 130 ms 
[2026-09-01T14:24:16.567] [INFO] debug-file - Finished :entry:default@ProcessResource... after 70 ms 
[2026-09-01T14:24:16.571] [DEBUG] debug-file - Executing task :entry:default@GenerateLoaderJson
[2026-09-01T14:24:16.572] [DEBUG] debug-file - Task 'entry:default@GenerateLoaderJson' cost while wrapping incremental declarations: 1 ms 
[2026-09-01T14:24:16.585] [DEBUG] debug-file - entry:default@GenerateLoaderJson is not up-to-date, since the input file 'D:\Walkie\HarmonyOS\entry\build\default\intermediates\loader\default\pkgContextInfo.json' has been changed.
[2026-09-01T14:24:16.585] [DEBUG] debug-file - Incremental task entry:default@GenerateLoaderJson pre-execution cost: 11 ms .
[2026-09-01T14:24:16.587] [DEBUG] debug-file - [38/169] Building C object CMakeFiles/opus.dir/opus/silk/NSQ_del_dec.c.o
clang: warning: argument unused during compilation: '--gcc-toolchain=G:/DevEco Studio/sdk/default/openharmony/native/llvm' [-Wunused-command-line-argument]

[2026-09-01T14:24:16.603] [DEBUG] debug-file - [39/169] Building C object CMakeFiles/opus.dir/opus/silk/VAD.c.o
clang: warning: argument unused during compilation: '--gcc-toolchain=G:/DevEco Studio/sdk/default/openharmony/native/llvm' [-Wunused-command-line-argument]

[2026-09-01T14:24:16.612] [DEBUG] debug-file - [40/169] Building C object CMakeFiles/opus.dir/opus/silk/VQ_WMat_EC.c.o
clang: warning: argument unused during compilation: '--gcc-toolchain=G:/DevEco Studio/sdk/default/openharmony/native/llvm' [-Wunused-command-line-argument]

[2026-09-01T14:24:16.613] [DEBUG] debug-file - entry : default@GenerateLoaderJson cost memory 0.31497955322265625
[2026-09-01T14:24:16.613] [DEBUG] debug-file - runTaskFromQueue task cost before running: 6 s 177 ms 
[2026-09-01T14:24:16.616] [INFO] debug-file - Finished :entry:default@GenerateLoaderJson... after 42 ms 
[2026-09-01T14:24:16.618] [DEBUG] debug-file - restool module names: entry; moduleName=entry, taskName=default@CompileResource
[2026-09-01T14:24:16.618] [DEBUG] debug-file - Executing task :entry:default@CompileResource
[2026-09-01T14:24:16.677] [DEBUG] debug-file - [41/169] Building C object CMakeFiles/opus.dir/opus/silk/bwexpander.c.o
clang: warning: argument unused during compilation: '--gcc-toolchain=G:/DevEco Studio/sdk/default/openharmony/native/llvm' [-Wunused-command-line-argument]

[2026-09-01T14:24:16.685] [DEBUG] debug-file - [42/169] Building C object CMakeFiles/opus.dir/opus/silk/ana_filt_bank_1.c.o
clang: warning: argument unused during compilation: '--gcc-toolchain=G:/DevEco Studio/sdk/default/openharmony/native/llvm' [-Wunused-command-line-argument]

[2026-09-01T14:24:16.706] [DEBUG] debug-file - entry:default@CompileResource is not up-to-date, since the input file 'D:\Walkie\HarmonyOS\entry\build\default\intermediates\process_profile\default\module.json' has been changed.
[2026-09-01T14:24:16.706] [DEBUG] debug-file - Incremental task entry:default@CompileResource pre-execution cost: 87 ms .
[2026-09-01T14:24:16.714] [DEBUG] debug-file - [43/169] Building C object CMakeFiles/opus.dir/opus/silk/biquad_alt.c.o
clang: warning: argument unused during compilation: '--gcc-toolchain=G:/DevEco Studio/sdk/default/openharmony/native/llvm' [-Wunused-command-line-argument]

[2026-09-01T14:24:16.723] [DEBUG] debug-file - [44/169] Building C object CMakeFiles/opus.dir/opus/silk/bwexpander_32.c.o
clang: warning: argument unused during compilation: '--gcc-toolchain=G:/DevEco Studio/sdk/default/openharmony/native/llvm' [-Wunused-command-line-argument]

[2026-09-01T14:24:16.806] [DEBUG] debug-file - Use tool [G:\DevEco Studio\sdk\default\openharmony\toolchains\restool.exe]
 [
  'G:\\DevEco Studio\\sdk\\default\\openharmony\\toolchains\\restool.exe',
  '-l',
  'D:\\Walkie\\HarmonyOS\\entry\\build\\default\\intermediates\\res\\default\\resConfig.json'
]
[2026-09-01T14:24:16.808] [DEBUG] debug-file - current process  memoryUsage: {
  rss: 359354368,
  heapTotal: 172134400,
  heapUsed: 146770536,
  external: 3994725,
  arrayBuffers: 59956
} os memoryUsage :8.172466278076172
[2026-09-01T14:24:16.819] [DEBUG] debug-file - [45/169] Building C object CMakeFiles/opus.dir/opus/silk/control_SNR.c.o
clang: warning: argument unused during compilation: '--gcc-toolchain=G:/DevEco Studio/sdk/default/openharmony/native/llvm' [-Wunused-command-line-argument]

[2026-09-01T14:24:16.834] [DEBUG] debug-file - [46/169] Building C object CMakeFiles/opus.dir/opus/silk/control_audio_bandwidth.c.o
clang: warning: argument unused during compilation: '--gcc-toolchain=G:/DevEco Studio/sdk/default/openharmony/native/llvm' [-Wunused-command-line-argument]

[2026-09-01T14:24:16.844] [DEBUG] debug-file - [47/169] Building C object CMakeFiles/opus.dir/opus/silk/check_control_input.c.o
clang: warning: argument unused during compilation: '--gcc-toolchain=G:/DevEco Studio/sdk/default/openharmony/native/llvm' [-Wunused-command-line-argument]

[2026-09-01T14:24:16.853] [DEBUG] debug-file - [48/169] Building C object CMakeFiles/opus.dir/opus/silk/code_signs.c.o
clang: warning: argument unused during compilation: '--gcc-toolchain=G:/DevEco Studio/sdk/default/openharmony/native/llvm' [-Wunused-command-line-argument]

[2026-09-01T14:24:16.905] [DEBUG] debug-file - [49/169] Building C object CMakeFiles/opus.dir/opus/silk/debug.c.o
clang: warning: argument unused during compilation: '--gcc-toolchain=G:/DevEco Studio/sdk/default/openharmony/native/llvm' [-Wunused-command-line-argument]

[2026-09-01T14:24:17.032] [DEBUG] debug-file - [50/169] Building C object CMakeFiles/opus.dir/opus/silk/dec_API.c.o
clang: warning: argument unused during compilation: '--gcc-toolchain=G:/DevEco Studio/sdk/default/openharmony/native/llvm' [-Wunused-command-line-argument]

[2026-09-01T14:24:17.041] [DEBUG] debug-file - [51/169] Building C object CMakeFiles/opus.dir/opus/silk/decode_indices.c.o
clang: warning: argument unused during compilation: '--gcc-toolchain=G:/DevEco Studio/sdk/default/openharmony/native/llvm' [-Wunused-command-line-argument]

[2026-09-01T14:24:17.058] [DEBUG] debug-file - [52/169] Building C object CMakeFiles/opus.dir/opus/silk/decode_frame.c.o
clang: warning: argument unused during compilation: '--gcc-toolchain=G:/DevEco Studio/sdk/default/openharmony/native/llvm' [-Wunused-command-line-argument]

[2026-09-01T14:24:17.142] [DEBUG] debug-file - [53/169] Building C object CMakeFiles/opus.dir/opus/silk/decode_core.c.o
clang: warning: argument unused during compilation: '--gcc-toolchain=G:/DevEco Studio/sdk/default/openharmony/native/llvm' [-Wunused-command-line-argument]

[2026-09-01T14:24:17.212] [DEBUG] debug-file - [54/169] Building C object CMakeFiles/opus.dir/opus/silk/decoder_set_fs.c.o
clang: warning: argument unused during compilation: '--gcc-toolchain=G:/DevEco Studio/sdk/default/openharmony/native/llvm' [-Wunused-command-line-argument]

[2026-09-01T14:24:17.227] [DEBUG] debug-file - [55/169] Building C object CMakeFiles/opus.dir/opus/silk/decode_parameters.c.o
clang: warning: argument unused during compilation: '--gcc-toolchain=G:/DevEco Studio/sdk/default/openharmony/native/llvm' [-Wunused-command-line-argument]

[2026-09-01T14:24:17.251] [DEBUG] debug-file - [56/169] Building C object CMakeFiles/opus.dir/opus/silk/decode_pitch.c.o
clang: warning: argument unused during compilation: '--gcc-toolchain=G:/DevEco Studio/sdk/default/openharmony/native/llvm' [-Wunused-command-line-argument]

[2026-09-01T14:24:17.337] [DEBUG] debug-file - [57/169] Building C object CMakeFiles/opus.dir/opus/silk/decode_pulses.c.o
clang: warning: argument unused during compilation: '--gcc-toolchain=G:/DevEco Studio/sdk/default/openharmony/native/llvm' [-Wunused-command-line-argument]

[2026-09-01T14:24:17.370] [DEBUG] debug-file - [58/169] Building C object CMakeFiles/opus.dir/opus/silk/control_codec.c.o
clang: warning: argument unused during compilation: '--gcc-toolchain=G:/DevEco Studio/sdk/default/openharmony/native/llvm' [-Wunused-command-line-argument]

[2026-09-01T14:24:17.387] [DEBUG] debug-file - [59/169] Building C object CMakeFiles/opus.dir/opus/silk/encode_pulses.c.o
clang: warning: argument unused during compilation: '--gcc-toolchain=G:/DevEco Studio/sdk/default/openharmony/native/llvm' [-Wunused-command-line-argument]

[2026-09-01T14:24:17.396] [DEBUG] debug-file - [60/169] Building C object CMakeFiles/opus.dir/opus/silk/fixed/LTP_analysis_filter_FIX.c.o
clang: warning: argument unused during compilation: '--gcc-toolchain=G:/DevEco Studio/sdk/default/openharmony/native/llvm' [-Wunused-command-line-argument]

[2026-09-01T14:24:17.405] [DEBUG] debug-file - [61/169] Building C object CMakeFiles/opus.dir/opus/silk/encode_indices.c.o
clang: warning: argument unused during compilation: '--gcc-toolchain=G:/DevEco Studio/sdk/default/openharmony/native/llvm' [-Wunused-command-line-argument]

[2026-09-01T14:24:17.510] [DEBUG] debug-file - [62/169] Building C object CMakeFiles/opus.dir/opus/silk/fixed/LTP_scale_ctrl_FIX.c.o
clang: warning: argument unused during compilation: '--gcc-toolchain=G:/DevEco Studio/sdk/default/openharmony/native/llvm' [-Wunused-command-line-argument]

[2026-09-01T14:24:17.519] [DEBUG] debug-file - [63/169] Building C object CMakeFiles/opus.dir/opus/silk/fixed/autocorr_FIX.c.o
clang: warning: argument unused during compilation: '--gcc-toolchain=G:/DevEco Studio/sdk/default/openharmony/native/llvm' [-Wunused-command-line-argument]
D:/Walkie/HarmonyOS/entry/src/main/cpp/opus/silk/fixed/autocorr_FIX.c:47:29: warning: incompatible pointer types passing 'const opus_int16 *' (aka 'const short *') to parameter of type 'const opus_val16 *' (aka 'const float *') [-Wincompatible-pointer-types]
    *scale = _celt_autocorr(inputData, results, NULL, 0, corrCount-1, inputDataSize, arch);
                            ^~~~~~~~~
D:/Walkie/HarmonyOS/entry/src/main/cpp/opus/celt/celt_lpc.h:63:38: note: passing argument to parameter 'x' here
int _celt_autocorr(const opus_val16 *x, opus_val32 *ac,
                                     ^
D:/Walkie/HarmonyOS/entry/src/main/cpp/opus/silk/fixed/autocorr_FIX.c:47:40: warning: incompatible pointer types passing 'opus_int32 *' (aka 'int *') to parameter of type 'opus_val32 *' (aka 'float *') [-Wincompatible-pointer-types]
    *scale = _celt_autocorr(inputData, results, NULL, 0, corrCount-1, inputDataSize, arch);
                                       ^~~~~~~
D:/Walkie/HarmonyOS/entry/src/main/cpp/opus/celt/celt_lpc.h:63:53: note: passing argument to parameter 'ac' here
int _celt_autocorr(const opus_val16 *x, opus_val32 *ac,
                                                    ^
2 warnings generated.

[2026-09-01T14:24:17.550] [DEBUG] debug-file - [64/169] Building C object CMakeFiles/opus.dir/opus/silk/fixed/corrMatrix_FIX.c.o
clang: warning: argument unused during compilation: '--gcc-toolchain=G:/DevEco Studio/sdk/default/openharmony/native/llvm' [-Wunused-command-line-argument]

[2026-09-01T14:24:17.615] [DEBUG] debug-file - [65/169] Building C object CMakeFiles/opus.dir/opus/silk/fixed/burg_modified_FIX.c.o
clang: warning: argument unused during compilation: '--gcc-toolchain=G:/DevEco Studio/sdk/default/openharmony/native/llvm' [-Wunused-command-line-argument]
D:/Walkie/HarmonyOS/entry/src/main/cpp/opus/silk/fixed/burg_modified_FIX.c:99:30: warning: incompatible pointer types passing 'const opus_int16 *' (aka 'const short *') to parameter of type 'const opus_val16 *' (aka 'const float *') [-Wincompatible-pointer-types]
            celt_pitch_xcorr(x_ptr, x_ptr + 1, xcorr, subfr_length - D, D, arch );
                             ^~~~~
D:/Walkie/HarmonyOS/entry/src/main/cpp/opus/celt/pitch.h:185:38: note: passing argument to parameter '_x' here
celt_pitch_xcorr_c(const opus_val16 *_x, const opus_val16 *_y,
                                     ^
D:/Walkie/HarmonyOS/entry/src/main/cpp/opus/silk/fixed/burg_modified_FIX.c:99:37: warning: incompatible pointer types passing 'const opus_int16 *' (aka 'const short *') to parameter of type 'const opus_val16 *' (aka 'const float *') [-Wincompatible-pointer-types]
            celt_pitch_xcorr(x_ptr, x_ptr + 1, xcorr, subfr_length - D, D, arch );
                                    ^~~~~~~~~
D:/Walkie/HarmonyOS/entry/src/main/cpp/opus/celt/pitch.h:185:60: note: passing argument to parameter '_y' here
celt_pitch_xcorr_c(const opus_val16 *_x, const opus_val16 *_y,
                                                           ^
D:/Walkie/HarmonyOS/entry/src/main/cpp/opus/silk/fixed/burg_modified_FIX.c:99:48: warning: incompatible pointer types passing 'opus_int32[24]' (aka 'int[24]') to parameter of type 'opus_val32 *' (aka 'float *') [-Wincompatible-pointer-types]
            celt_pitch_xcorr(x_ptr, x_ptr + 1, xcorr, subfr_length - D, D, arch );
                                               ^~~~~
D:/Walkie/HarmonyOS/entry/src/main/cpp/opus/celt/pitch.h:186:19: note: passing argument to parameter 'xcorr' here
      opus_val32 *xcorr, int len, int max_pitch, int arch);
                  ^
3 warnings generated.

[2026-09-01T14:24:17.656] [DEBUG] debug-file - [66/169] Building C object CMakeFiles/opus.dir/opus/silk/fixed/apply_sine_window_FIX.c.o
clang: warning: argument unused during compilation: '--gcc-toolchain=G:/DevEco Studio/sdk/default/openharmony/native/llvm' [-Wunused-command-line-argument]

[2026-09-01T14:24:17.674] [DEBUG] debug-file - [67/169] Building C object CMakeFiles/opus.dir/opus/silk/fixed/find_LPC_FIX.c.o
clang: warning: argument unused during compilation: '--gcc-toolchain=G:/DevEco Studio/sdk/default/openharmony/native/llvm' [-Wunused-command-line-argument]

[2026-09-01T14:24:17.758] [DEBUG] debug-file - [68/169] Building C object CMakeFiles/opus.dir/opus/silk/fixed/find_LTP_FIX.c.o
clang: warning: argument unused during compilation: '--gcc-toolchain=G:/DevEco Studio/sdk/default/openharmony/native/llvm' [-Wunused-command-line-argument]

[2026-09-01T14:24:17.781] [DEBUG] debug-file - [69/169] Building C object CMakeFiles/opus.dir/opus/silk/fixed/encode_frame_FIX.c.o
clang: warning: argument unused during compilation: '--gcc-toolchain=G:/DevEco Studio/sdk/default/openharmony/native/llvm' [-Wunused-command-line-argument]

[2026-09-01T14:24:17.881] [DEBUG] debug-file - [70/169] Building C object CMakeFiles/opus.dir/opus/silk/enc_API.c.o
clang: warning: argument unused during compilation: '--gcc-toolchain=G:/DevEco Studio/sdk/default/openharmony/native/llvm' [-Wunused-command-line-argument]

[2026-09-01T14:24:17.890] [DEBUG] debug-file - [71/169] Building C object CMakeFiles/opus.dir/opus/silk/fixed/find_pitch_lags_FIX.c.o
clang: warning: argument unused during compilation: '--gcc-toolchain=G:/DevEco Studio/sdk/default/openharmony/native/llvm' [-Wunused-command-line-argument]

[2026-09-01T14:24:17.899] [DEBUG] debug-file - [72/169] Building C object CMakeFiles/opus.dir/opus/silk/fixed/k2a_FIX.c.o
clang: warning: argument unused during compilation: '--gcc-toolchain=G:/DevEco Studio/sdk/default/openharmony/native/llvm' [-Wunused-command-line-argument]

[2026-09-01T14:24:17.929] [DEBUG] debug-file - [73/169] Building C object CMakeFiles/opus.dir/opus/silk/fixed/find_pred_coefs_FIX.c.o
clang: warning: argument unused during compilation: '--gcc-toolchain=G:/DevEco Studio/sdk/default/openharmony/native/llvm' [-Wunused-command-line-argument]

[2026-09-01T14:24:17.959] [DEBUG] debug-file - [74/169] Building C object CMakeFiles/opus.dir/opus/silk/fixed/k2a_Q16_FIX.c.o
clang: warning: argument unused during compilation: '--gcc-toolchain=G:/DevEco Studio/sdk/default/openharmony/native/llvm' [-Wunused-command-line-argument]

[2026-09-01T14:24:18.118] [DEBUG] debug-file - [75/169] Building C object CMakeFiles/opus.dir/opus/silk/fixed/regularize_correlations_FIX.c.o
clang: warning: argument unused during compilation: '--gcc-toolchain=G:/DevEco Studio/sdk/default/openharmony/native/llvm' [-Wunused-command-line-argument]

[2026-09-01T14:24:18.128] [DEBUG] debug-file - [76/169] Building C object CMakeFiles/opus.dir/opus/silk/fixed/residual_energy16_FIX.c.o
clang: warning: argument unused during compilation: '--gcc-toolchain=G:/DevEco Studio/sdk/default/openharmony/native/llvm' [-Wunused-command-line-argument]

[2026-09-01T14:24:18.144] [DEBUG] debug-file - [77/169] Building C object CMakeFiles/opus.dir/opus/silk/fixed/pitch_analysis_core_FIX.c.o
clang: warning: argument unused during compilation: '--gcc-toolchain=G:/DevEco Studio/sdk/default/openharmony/native/llvm' [-Wunused-command-line-argument]
D:/Walkie/HarmonyOS/entry/src/main/cpp/opus/silk/fixed/pitch_analysis_core_FIX.c:200:27: warning: incompatible pointer types passing 'const opus_int16 *' (aka 'const short *') to parameter of type 'const opus_val16 *' (aka 'const float *') [-Wincompatible-pointer-types]
        celt_pitch_xcorr( target_ptr, target_ptr - MAX_LAG_4KHZ, xcorr32, SF_LENGTH_8KHZ, MAX_LAG_4KHZ - MIN_LAG_4KHZ + 1, arch );
                          ^~~~~~~~~~
D:/Walkie/HarmonyOS/entry/src/main/cpp/opus/celt/pitch.h:185:38: note: passing argument to parameter '_x' here
celt_pitch_xcorr_c(const opus_val16 *_x, const opus_val16 *_y,
                                     ^
D:/Walkie/HarmonyOS/entry/src/main/cpp/opus/silk/fixed/pitch_analysis_core_FIX.c:200:39: warning: incompatible pointer types passing 'const opus_int16 *' (aka 'const short *') to parameter of type 'const opus_val16 *' (aka 'const float *') [-Wincompatible-pointer-types]
        celt_pitch_xcorr( target_ptr, target_ptr - MAX_LAG_4KHZ, xcorr32, SF_LENGTH_8KHZ, MAX_LAG_4KHZ - MIN_LAG_4KHZ + 1, arch );
                                      ^~~~~~~~~~~~~~~~~~~~~~~~~
D:/Walkie/HarmonyOS/entry/src/main/cpp/opus/celt/pitch.h:185:60: note: passing argument to parameter '_y' here
celt_pitch_xcorr_c(const opus_val16 *_x, const opus_val16 *_y,
                                                           ^
D:/Walkie/HarmonyOS/entry/src/main/cpp/opus/silk/fixed/pitch_analysis_core_FIX.c:200:66: warning: incompatible pointer types passing 'opus_int32[65]' (aka 'int[65]') to parameter of type 'opus_val32 *' (aka 'float *') [-Wincompatible-pointer-types]
        celt_pitch_xcorr( target_ptr, target_ptr - MAX_LAG_4KHZ, xcorr32, SF_LENGTH_8KHZ, MAX_LAG_4KHZ - MIN_LAG_4KHZ + 1, arch );
                                                                 ^~~~~~~
D:/Walkie/HarmonyOS/entry/src/main/cpp/opus/celt/pitch.h:186:19: note: passing argument to parameter 'xcorr' here
      opus_val32 *xcorr, int len, int max_pitch, int arch);
                  ^
D:/Walkie/HarmonyOS/entry/src/main/cpp/opus/silk/fixed/pitch_analysis_core_FIX.c:616:27: warning: incompatible pointer types passing 'const opus_int16 *' (aka 'const short *') to parameter of type 'const opus_val16 *' (aka 'const float *') [-Wincompatible-pointer-types]
        celt_pitch_xcorr( target_ptr, target_ptr - start_lag - lag_high, xcorr32, sf_length, lag_high - lag_low + 1, arch );
                          ^~~~~~~~~~
D:/Walkie/HarmonyOS/entry/src/main/cpp/opus/celt/pitch.h:185:38: note: passing argument to parameter '_x' here
celt_pitch_xcorr_c(const opus_val16 *_x, const opus_val16 *_y,
                                     ^
D:/Walkie/HarmonyOS/entry/src/main/cpp/opus/silk/fixed/pitch_analysis_core_FIX.c:616:39: warning: incompatible pointer types passing 'const opus_int16 *' (aka 'const short *') to parameter of type 'const opus_val16 *' (aka 'const float *') [-Wincompatible-pointer-types]
        celt_pitch_xcorr( target_ptr, target_ptr - start_lag - lag_high, xcorr32, sf_length, lag_high - lag_low + 1, arch );
                                      ^~~~~~~~~~~~~~~~~~~~~~~~~~~~~~~~~
D:/Walkie/HarmonyOS/entry/src/main/cpp/opus/celt/pitch.h:185:60: note: passing argument to parameter '_y' here
celt_pitch_xcorr_c(const opus_val16 *_x, const opus_val16 *_y,
                                                           ^
D:/Walkie/HarmonyOS/entry/src/main/cpp/opus/silk/fixed/pitch_analysis_core_FIX.c:616:74: warning: incompatible pointer types passing 'opus_int32[22]' (aka 'int[22]') to parameter of type 'opus_val32 *' (aka 'float *') [-Wincompatible-pointer-types]
        celt_pitch_xcorr( target_ptr, target_ptr - start_lag - lag_high, xcorr32, sf_length, lag_high - lag_low + 1, arch );
                                                                         ^~~~~~~
D:/Walkie/HarmonyOS/entry/src/main/cpp/opus/celt/pitch.h:186:19: note: passing argument to parameter 'xcorr' here
      opus_val32 *xcorr, int len, int max_pitch, int arch);
                  ^
6 warnings generated.

[2026-09-01T14:24:18.152] [DEBUG] debug-file - [78/169] Building C object CMakeFiles/opus.dir/opus/silk/fixed/noise_shape_analysis_FIX.c.o
clang: warning: argument unused during compilation: '--gcc-toolchain=G:/DevEco Studio/sdk/default/openharmony/native/llvm' [-Wunused-command-line-argument]

[2026-09-01T14:24:18.229] [DEBUG] debug-file - [79/169] Building C object CMakeFiles/opus.dir/opus/silk/fixed/process_gains_FIX.c.o
clang: warning: argument unused during compilation: '--gcc-toolchain=G:/DevEco Studio/sdk/default/openharmony/native/llvm' [-Wunused-command-line-argument]

[2026-09-01T14:24:18.231] [DEBUG] debug-file - Info: Pack: normal pack mode

[2026-09-01T14:24:18.252] [DEBUG] debug-file - [80/169] Building C object CMakeFiles/opus.dir/opus/silk/fixed/schur64_FIX.c.o
clang: warning: argument unused during compilation: '--gcc-toolchain=G:/DevEco Studio/sdk/default/openharmony/native/llvm' [-Wunused-command-line-argument]

[2026-09-01T14:24:18.270] [DEBUG] debug-file - [81/169] Building C object CMakeFiles/opus.dir/opus/silk/fixed/residual_energy_FIX.c.o
clang: warning: argument unused during compilation: '--gcc-toolchain=G:/DevEco Studio/sdk/default/openharmony/native/llvm' [-Wunused-command-line-argument]

[2026-09-01T14:24:18.289] [DEBUG] debug-file - [82/169] Building C object CMakeFiles/opus.dir/opus/silk/fixed/schur_FIX.c.o
clang: warning: argument unused during compilation: '--gcc-toolchain=G:/DevEco Studio/sdk/default/openharmony/native/llvm' [-Wunused-command-line-argument]

[2026-09-01T14:24:18.321] [DEBUG] debug-file - [83/169] Building C object CMakeFiles/opus.dir/opus/silk/fixed/warped_autocorrelation_FIX.c.o
clang: warning: argument unused during compilation: '--gcc-toolchain=G:/DevEco Studio/sdk/default/openharmony/native/llvm' [-Wunused-command-line-argument]

[2026-09-01T14:24:18.385] [DEBUG] debug-file - Info: hardware concurrency count is : 4
Info: thread count is : 4

[2026-09-01T14:24:18.385] [DEBUG] debug-file - Info: thread pool is started

[2026-09-01T14:24:18.397] [DEBUG] debug-file - Info: GenericCompiler::CompileFiles

[2026-09-01T14:24:18.403] [DEBUG] debug-file - [84/169] Building C object CMakeFiles/opus.dir/opus/silk/fixed/vector_ops_FIX.c.o
clang: warning: argument unused during compilation: '--gcc-toolchain=G:/DevEco Studio/sdk/default/openharmony/native/llvm' [-Wunused-command-line-argument]

[2026-09-01T14:24:18.710] [DEBUG] debug-file - Info: GenericCompiler::CompileFiles
Warning: 'D:\Walkie\HarmonyOS\entry\src\main\resources\base\media\background.png' is defined repeatedly.
Warning: 'D:\Walkie\HarmonyOS\entry\src\main\resources\base\media\foreground.png' is defined repeatedly.
Warning: 'D:\Walkie\HarmonyOS\entry\src\main\resources\base\media\layered_image.json' is defined repeatedly.

[2026-09-01T14:24:18.753] [DEBUG] debug-file - Info: GenericCompiler::CompileFiles

[2026-09-01T14:24:18.769] [DEBUG] debug-file - [85/169] Building C object CMakeFiles/opus.dir/opus/silk/float/LPC_analysis_filter_FLP.c.o
clang: warning: argument unused during compilation: '--gcc-toolchain=G:/DevEco Studio/sdk/default/openharmony/native/llvm' [-Wunused-command-line-argument]

[2026-09-01T14:24:18.786] [DEBUG] debug-file - 09-01 14:24:18.786  7344 12492 I C01400/SvgDecodeUtils: SvgDecodeUtils::IsSvgFormat probe svg format, path:D:\Walkie\HarmonyOS\AppScope\resources\base\media\background.png.

[2026-09-01T14:24:18.786] [DEBUG] debug-file - 09-01 14:24:18.786  7344 12492 E C01400/ImageTranscoderUtils: DecodeToRGBA IN
09-01 14:24:18.786  7344 12492 I C01400/SvgDecodeUtils: SvgDecodeUtils::IsSvgFormat probe svg format, path:D:\Walkie\HarmonyOS\AppScope\resources\base\media\background.png.
09-01 14:24:18.786  7344 12492 E C01400/ImageTranscoderUtils: ImageFilter IN D:\Walkie\HarmonyOS\AppScope\resources\base\media\background.png

[2026-09-01T14:24:18.828] [DEBUG] debug-file - [86/169] Building C object CMakeFiles/opus.dir/opus/silk/float/LPC_inv_pred_gain_FLP.c.o
clang: warning: argument unused during compilation: '--gcc-toolchain=G:/DevEco Studio/sdk/default/openharmony/native/llvm' [-Wunused-command-line-argument]

[2026-09-01T14:24:18.838] [DEBUG] debug-file - [87/169] Building C object CMakeFiles/opus.dir/opus/silk/float/LTP_analysis_filter_FLP.c.o
clang: warning: argument unused during compilation: '--gcc-toolchain=G:/DevEco Studio/sdk/default/openharmony/native/llvm' [-Wunused-command-line-argument]

[2026-09-01T14:24:18.884] [DEBUG] debug-file - [88/169] Building C object CMakeFiles/opus.dir/opus/silk/float/LTP_scale_ctrl_FLP.c.o
clang: warning: argument unused during compilation: '--gcc-toolchain=G:/DevEco Studio/sdk/default/openharmony/native/llvm' [-Wunused-command-line-argument]

[2026-09-01T14:24:18.981] [DEBUG] debug-file - 09-01 14:24:18.981  7344 12492 I C01400/SvgDecodeUtils: SvgDecodeUtils::IsSvgFormat probe svg format, path:D:\Walkie\HarmonyOS\AppScope\resources\base\media\foreground.png.
09-01 14:24:18.981  7344 12492 E C01400/ImageTranscoderUtils: DecodeToRGBA IN

[2026-09-01T14:24:18.981] [DEBUG] debug-file - 09-01 14:24:18.982  7344 12492 I C01400/SvgDecodeUtils: SvgDecodeUtils::IsSvgFormat probe svg format, path:D:\Walkie\HarmonyOS\AppScope\resources\base\media\foreground.png.
09-01 14:24:18.982  7344 12492 E C01400/ImageTranscoderUtils: ImageFilter IN D:\Walkie\HarmonyOS\AppScope\resources\base\media\foreground.png

[2026-09-01T14:24:18.990] [DEBUG] debug-file - [89/169] Building C object CMakeFiles/opus.dir/opus/silk/float/apply_sine_window_FLP.c.o
clang: warning: argument unused during compilation: '--gcc-toolchain=G:/DevEco Studio/sdk/default/openharmony/native/llvm' [-Wunused-command-line-argument]

[2026-09-01T14:24:19.074] [DEBUG] debug-file - [90/169] Building C object CMakeFiles/opus.dir/opus/silk/float/autocorrelation_FLP.c.o
clang: warning: argument unused during compilation: '--gcc-toolchain=G:/DevEco Studio/sdk/default/openharmony/native/llvm' [-Wunused-command-line-argument]

[2026-09-01T14:24:19.121] [DEBUG] debug-file - Info: can't scale media json file.

[2026-09-01T14:24:19.121] [DEBUG] debug-file - Warning: The width or height of the png file referenced by the icon exceeds the limit (41 pixels)
at D:\Walkie\HarmonyOS\AppScope\resources\base\media\background.png

[2026-09-01T14:24:19.121] [DEBUG] debug-file - Warning: The width or height of the png file referenced by the icon exceeds the limit (41 pixels)
at D:\Walkie\HarmonyOS\AppScope\resources\base\media\foreground.png

[2026-09-01T14:24:19.121] [DEBUG] debug-file - Warning: D:\Walkie\HarmonyOS\AppScope\resources\base\media\layered_image.json is not png format

[2026-09-01T14:24:19.121] [DEBUG] debug-file - Warning: The width or height of the png file referenced by the startWindowIcon exceeds the limit (144 pixels)
at D:\Walkie\HarmonyOS\entry\src\main\resources\base\media\startIcon.png

[2026-09-01T14:24:19.122] [DEBUG] debug-file - Info: restool resources compile success.

[2026-09-01T14:24:19.122] [DEBUG] debug-file - Info: thread pool is stopped

[2026-09-01T14:24:19.260] [DEBUG] debug-file - entry : default@CompileResource cost memory -20.838272094726562
[2026-09-01T14:24:19.260] [DEBUG] debug-file - runTaskFromQueue task cost before running: 8 s 824 ms 
[2026-09-01T14:24:19.261] [INFO] debug-file - Finished :entry:default@CompileResource... after 2 s 643 ms 
[2026-09-01T14:24:19.263] [DEBUG] debug-file - Executing task :entry:default@CompileArkTS
[2026-09-01T14:24:19.263] [DEBUG] debug-file - obfuscationOptions: undefined
[2026-09-01T14:24:19.267] [DEBUG] debug-file - Task 'entry:default@CompileArkTS' cost while wrapping incremental declarations: 1 ms 
[2026-09-01T14:24:19.274] [DEBUG] debug-file - entry:default@CompileArkTS is not up-to-date, since the input file 'D:\Walkie\HarmonyOS\entry\build\default\intermediates\loader\default' has been changed.
[2026-09-01T14:24:19.274] [DEBUG] debug-file - Incremental task entry:default@CompileArkTS pre-execution cost: 5 ms .
[2026-09-01T14:24:19.288] [DEBUG] debug-file - build config:
[2026-09-01T14:24:19.288] [DEBUG] debug-file - {
  moduleType: 'entry',
  perf: 0,
  targetName: '.default',
  packageManagerType: 'ohpm',
  localPropertiesPath: 'D:\\Walkie\\HarmonyOS\\local.properties',
  isPreview: false,
  isOhosTest: false,
  isLocalTest: false,
  buildMode: 'Debug',
  hotReloadBuild: undefined,
  watchMode: 'false',
  aceProfilePath: 'D:\\Walkie\\HarmonyOS\\entry\\build\\default\\intermediates\\res\\default\\resources\\base\\profile',
  etsLoaderPath: 'G:\\DevEco Studio\\sdk\\default\\openharmony\\ets\\build-tools\\ets-loader',
  modulePath: 'D:\\Walkie\\HarmonyOS\\entry',
  testFrameworkPar: {
    testMode: undefined,
    coveragePathFilter: undefined,
    coverageMode: undefined
  },
  needCoverageInsert: false,
  debugLine: false,
  projectTopDir: 'D:\\Walkie\\HarmonyOS',
  compileSdkVersion: 26,
  compatibleSdkVersion: 24,
  originCompatibleSdkVersion: '6.1.1(24)',
  compatibleSdkVersionStage: undefined,
  bundleName: 'c***s',
  etsLoaderVersion: '26.0.0.105',
  etsLoaderReleaseType: 'Release',
  aotCompileMode: 'type',
  apPath: 'D:\\Walkie\\HarmonyOS\\entry\\modules.ap',
  entryModuleName: 'entry',
  entryModuleVersion: '1.0.0',
  entryPackageName: 'entry',
  allModuleNameHash: 'a8fd18c035955df3504313cc77096cc5eebe701cea4ff96683a97a1834bc7dac',
  externalApiPaths: [ 'G:\\DevEco Studio\\sdk\\default\\hms\\ets' ],
  compilerTypes: [],
  isCrossplatform: false,
  hvigorPluginFile: undefined,
  compilePluginPath: undefined,
  buildGeneratedProfilePath: 'D:\\Walkie\\HarmonyOS\\entry\\build\\default\\generated\\profile\\default',
  bundleType: 'app',
  arkTSVersion: undefined,
  apiVersion: 26,
  needCompleteSourcesMap: false,
  isFaMode: false,
  buildDir: 'D:\\Walkie\\HarmonyOS\\entry\\build',
  buildCacheProjectDir: 'D:\\Walkie\\HarmonyOS',
  deviceTypes: [ 'phone' ],
  pkgContextInfo: {
    'libwalkieopus.so': {
      packageName: 'libwalkieopus.so',
      bundleName: '*****',
      moduleName: '',
      version: '',
      entryPath: 'Index',
      isSO: true,
      dependencyAlias: ''
    },
    '@ohos/hypium': {
      packageName: '@ohos/hypium',
      bundleName: '*****',
      moduleName: '',
      version: '1.0.25',
      entryPath: 'index.js',
      isSO: false,
      dependencyAlias: ''
    },
    '@ohos/hamock': {
      packageName: '@ohos/hamock',
      bundleName: '*****',
      moduleName: '',
      version: '1.0.0',
      entryPath: 'index.ets',
      isSO: false,
      dependencyAlias: ''
    },
    entry: {
      packageName: 'entry',
      bundleName: '*****',
      moduleName: '',
      version: '',
      entryPath: 'src/main/',
      isSO: false,
      dependencyAlias: ''
    },
    'libopus.a': {
      packageName: 'libopus.a',
      bundleName: '*****',
      moduleName: '',
      version: '',
      entryPath: '',
      isSO: true,
      dependencyAlias: ''
    }
  },
  ohPackagePathMap: {},
  dependencyAliasMap: {},
  permission: {
    requestPermissions: [ [Object], [Object], [Object] ],
    definePermissions: undefined
  },
  useGetCurrentBundleName: false,
  projectArkOption: undefined,
  sourceMapDir: undefined,
  branchElimination: false,
  transformLib: undefined,
  tsImportSendable: false,
  resolveConflictMode: true,
  depName2RootPath: {},
  depName2DepInfo: {},
  depName2OhExports: {},
  rootPathSet: [ 'D:\\Walkie\\HarmonyOS' ],
  useNativeResolver: true,
  shouldEmitJs: true,
  useUnifiedAst: false,
  useTscResolve: false,
  singleFileEmit: false,
  userProjectConfig: {
    autoLazyImport: false,
    allowEmptyBundleName: false,
    reExportCheckMode: 'noCheck',
    executionMode: 'memory',
    usePathPlaceholder: false,
    writeRollupCache: true,
    isExpandImportEnabled: false,
    expandImportExclude: '',
    lazyImportExclude: '',
    lazyImportInclude: '',
    ignoreCrossplatformCheck: false,
    isHarDeduplicateEnabled: false,
    skipOhModulesLint: false,
    enableStrictCheckOHModule: false,
    disableSendableCheckRules: [],
    useDeclarationFileSignature: false,
    customizedOptions: undefined,
    integratedHsp: false,
    tsImportSoCheck: false,
    isPreloadSoEnabled: false
  },
  executionMode: 'memory',
  arkCompileCachePath: 'D:\\Walkie\\HarmonyOS\\entry\\build\\default\\cache\\default\\default@CompileArkTS\\esmodule',
  autoLazyFilter: undefined,
  isHarDeduplicateEnabled: false,
  intermediateHarDuplicateDirPath: 'D:\\Walkie\\HarmonyOS\\entry\\build\\default\\intermediates\\har_duplicate\\default',
  autoLazyImport: false,
  allowEmptyBundleName: false,
  reExportCheckMode: 'noCheck',
  usePathPlaceholder: false,
  writeRollupCache: true,
  isExpandImportEnabled: false,
  expandImportExclude: '',
  lazyImportExclude: '',
  lazyImportInclude: '',
  ignoreCrossplatformCheck: false,
  skipOhModulesLint: false,
  enableStrictCheckOHModule: false,
  disableSendableCheckRules: [],
  useDeclarationFileSignature: false,
  customizedOptions: undefined,
  integratedHsp: false,
  tsImportSoCheck: false,
  isPreloadSoEnabled: false,
  strictMode: {
    caseSensitiveCheck: true,
    useNormalizedOHMUrl: true,
    noExternalImportByPath: true
  },
  useNormalizedOHMUrl: true,
  caseSensitiveCheck: true,
  strictCheckerOnly: false,
  aceModuleJsonPath: 'D:\\Walkie\\HarmonyOS\\entry\\build\\default\\intermediates\\res\\default\\ark_module.json',
  appResource: 'D:\\Walkie\\HarmonyOS\\entry\\build\\default\\intermediates\\res\\default\\ResourceTable.txt',
  rawFileResource: 'D:\\Walkie\\HarmonyOS\\entry\\build\\default\\intermediates\\res\\default\\resources\\rawfile',
  resourceTableHash: 'fae0125d63a47f1b42603ade6089d7cdc79e91eb696362cc088354972df05f3d',
  runtimeOS: 'HarmonyOS',
  sdkInfo: 'false:26:26.0.0.105:Release',
  aceModuleRoot: 'D:\\Walkie\\HarmonyOS\\entry\\src\\main\\ets',
  compileMode: 'esmodule',
  aceSuperVisualPath: 'D:\\Walkie\\HarmonyOS\\entry\\src\\main\\supervisual',
  aceBuildJson: 'D:\\Walkie\\HarmonyOS\\entry\\build\\default\\intermediates\\loader\\default\\loader.json',
  cachePath: 'D:\\Walkie\\HarmonyOS\\entry\\build\\default\\cache\\default\\default@CompileArkTS\\esmodule\\debug',
  aceModuleBuild: 'D:\\Walkie\\HarmonyOS\\entry\\build\\default\\intermediates\\loader_out\\default\\ets',
  supportChunks: true,
  declaredFilesPath: undefined,
  shouldCollectDirectImportees: false,
  isByteCodeHarOptimize: false,
  expandImportPath: undefined,
  resourceTableTs: 'D:\\Walkie\\HarmonyOS\\entry\\build\\default\\generated\\r\\default\\ResourceTable.ts',
  moduleMetaInfoFiles: [
    {
      filePath: 'D:\\Walkie\\HarmonyOS\\entry\\build\\default\\generated\\r\\default\\ResourceTable.ts',
      ohmurl: '&entry/build/generated/r/ResourceTable&'
    }
  ],
  pkgNameToPkgBriefInfo: {
    entry: {
      pkgRoot: 'D:\\Walkie\\HarmonyOS\\entry',
      originalSourceRoots: undefined,
      sourceRoots: [Array],
      pkgName: 'entry'
    }
  },
  projectModel: {
    'D:\\Walkie\\HarmonyOS\\entry\\src\\main': {
      moduleName: 'entry',
      modulePkgPath: 'D:\\Walkie\\HarmonyOS\\entry',
      belongProjectPath: 'D:\\Walkie\\HarmonyOS'
    },
    'D:\\Walkie\\HarmonyOS\\entry': {
      moduleName: 'entry',
      modulePkgPath: 'D:\\Walkie\\HarmonyOS\\entry',
      belongProjectPath: 'D:\\Walkie\\HarmonyOS'
    },
    'D:\\Walkie\\HarmonyOS': {
      moduleName: 'HarmonyOS',
      modulePkgPath: 'D:\\Walkie\\HarmonyOS',
      belongProjectPath: 'D:\\Walkie\\HarmonyOS'
    }
  },
  pkgJsonFileHash: '31009a1b1f5fc6d0fc14fddbbb73cb6da7cef12b41ca288f873fad459761e3af',
  allModulePaths: [ 'D:\\Walkie\\HarmonyOS\\entry' ],
  routerMap: {},
  obfuscationOptions: undefined,
  byteCodeHarToDependencyKeys: undefined,
  compileBlockPkg: [],
  mockParams: {
    decorator: '@MockSetup',
    packageName: '@ohos/hamock',
    etsSourceRootPath: 'src/main/ets',
    mockConfigPath: 'D:\\Walkie\\HarmonyOS\\entry\\src\\mock\\mock-config.json5',
    mockConfigKey2ModuleInfo: {},
    source2ModuleIdMap: {}
  },
  copyCodeResourceEnable: true,
  copyCodeResourceExcludes: [],
  copyCodeResourceIncludes: undefined,
  uiTransformOptimization: false,
  sdkPath: 'G:/DevEco Studio/sdk',
  needPreloadSoFileSet: {},
  preloadSoFilePath: 'D:\\Walkie\\HarmonyOS\\entry\\build\\default\\intermediates\\preload\\default\\preload.json',
  useSourceHash: false,
  localModuleParamMap: {},
  otherPaths: {
    'entry/*': [
      '..\\*',
      '..\\..\\..\\build\\default\\generated\\profile\\default\\*'
    ]
  },
  collectImportersConfig: undefined
}
[2026-09-01T14:24:19.289] [DEBUG] debug-file - Compile arkts with external api path: G:\DevEco Studio\sdk\default\hms\ets
[2026-09-01T14:24:19.290] [DEBUG] debug-file - before submitting ArkTS compile task to worker pool, config.buildDir: D:\Walkie\HarmonyOS\entry\build
[2026-09-01T14:24:19.290] [DEBUG] debug-file - default@CompileArkTS work[354] is submitted.
[2026-09-01T14:24:19.290] [DEBUG] debug-file - default@CompileArkTS work[354] is pushed to ready queue.
[2026-09-01T14:24:19.290] [DEBUG] debug-file - default@CompileArkTS work[354] is not dispatched.
[2026-09-01T14:24:19.290] [DEBUG] debug-file - CopyResources startTime: 22215551454500
[2026-09-01T14:24:19.290] [DEBUG] debug-file - default@CompileArkTS work[355] is submitted.
[2026-09-01T14:24:19.290] [DEBUG] debug-file - default@CompileArkTS work[355] is pushed to ready queue.
[2026-09-01T14:24:19.290] [DEBUG] debug-file - default@CompileArkTS work[355] is not dispatched.
[2026-09-01T14:24:19.290] [DEBUG] debug-file - entry : default@CompileArkTS cost memory 1.0079803466796875
[2026-09-01T14:24:19.292] [DEBUG] debug-file - Executing task :entry:default@BuildJS
[2026-09-01T14:24:19.292] [DEBUG] debug-file - Task 'entry:default@BuildJS' cost while wrapping incremental declarations: 1 ms 
[2026-09-01T14:24:19.295] [DEBUG] debug-file - entry : default@BuildJS cost memory 0.1217803955078125
[2026-09-01T14:24:19.295] [DEBUG] debug-file - runTaskFromQueue task cost before running: 8 s 859 ms 
[2026-09-01T14:24:19.295] [INFO] debug-file - Finished :entry:default@BuildJS... after 4 ms 
[2026-09-01T14:24:19.335] [DEBUG] debug-file - [91/169] Building C object CMakeFiles/opus.dir/opus/silk/float/corrMatrix_FLP.c.o
clang: warning: argument unused during compilation: '--gcc-toolchain=G:/DevEco Studio/sdk/default/openharmony/native/llvm' [-Wunused-command-line-argument]

[2026-09-01T14:24:19.353] [DEBUG] debug-file - [92/169] Building C object CMakeFiles/opus.dir/opus/silk/float/bwexpander_FLP.c.o
clang: warning: argument unused during compilation: '--gcc-toolchain=G:/DevEco Studio/sdk/default/openharmony/native/llvm' [-Wunused-command-line-argument]

[2026-09-01T14:24:19.365] [DEBUG] debug-file - [93/169] Building C object CMakeFiles/opus.dir/opus/silk/float/burg_modified_FLP.c.o
clang: warning: argument unused during compilation: '--gcc-toolchain=G:/DevEco Studio/sdk/default/openharmony/native/llvm' [-Wunused-command-line-argument]

[2026-09-01T14:24:19.486] [DEBUG] debug-file - [94/169] Building C object CMakeFiles/opus.dir/opus/silk/float/encode_frame_FLP.c.o
clang: warning: argument unused during compilation: '--gcc-toolchain=G:/DevEco Studio/sdk/default/openharmony/native/llvm' [-Wunused-command-line-argument]

[2026-09-01T14:24:19.547] [DEBUG] debug-file - [95/169] Building C object CMakeFiles/opus.dir/opus/silk/float/energy_FLP.c.o
clang: warning: argument unused during compilation: '--gcc-toolchain=G:/DevEco Studio/sdk/default/openharmony/native/llvm' [-Wunused-command-line-argument]

[2026-09-01T14:24:19.548] [DEBUG] debug-file - A work dispatched to worker[3] failed because unable to get work from ready queue.
[2026-09-01T14:24:19.549] [DEBUG] debug-file - A work dispatched to worker[2] failed because of worker busy.
[2026-09-01T14:24:19.549] [DEBUG] debug-file - Create  resident worker with id: 1.
[2026-09-01T14:24:19.554] [DEBUG] debug-file - default@CompileArkTS work[355] has been dispatched to worker[1].
[2026-09-01T14:24:19.684] [DEBUG] debug-file - [96/169] Building C object CMakeFiles/opus.dir/opus/silk/float/find_LPC_FLP.c.o
clang: warning: argument unused during compilation: '--gcc-toolchain=G:/DevEco Studio/sdk/default/openharmony/native/llvm' [-Wunused-command-line-argument]

[2026-09-01T14:24:19.744] [DEBUG] debug-file - [97/169] Building C object CMakeFiles/opus.dir/opus/silk/float/find_pred_coefs_FLP.c.o
clang: warning: argument unused during compilation: '--gcc-toolchain=G:/DevEco Studio/sdk/default/openharmony/native/llvm' [-Wunused-command-line-argument]

[2026-09-01T14:24:19.779] [DEBUG] debug-file - [98/169] Building C object CMakeFiles/opus.dir/opus/silk/float/find_LTP_FLP.c.o
clang: warning: argument unused during compilation: '--gcc-toolchain=G:/DevEco Studio/sdk/default/openharmony/native/llvm' [-Wunused-command-line-argument]

[2026-09-01T14:24:19.996] [DEBUG] debug-file - [99/169] Building C object CMakeFiles/opus.dir/opus/silk/float/find_pitch_lags_FLP.c.o
clang: warning: argument unused during compilation: '--gcc-toolchain=G:/DevEco Studio/sdk/default/openharmony/native/llvm' [-Wunused-command-line-argument]

[2026-09-01T14:24:20.247] [DEBUG] debug-file - [100/169] Building C object CMakeFiles/opus.dir/opus/silk/float/k2a_FLP.c.o
clang: warning: argument unused during compilation: '--gcc-toolchain=G:/DevEco Studio/sdk/default/openharmony/native/llvm' [-Wunused-command-line-argument]

[2026-09-01T14:24:20.288] [DEBUG] debug-file - [101/169] Building C object CMakeFiles/opus.dir/opus/silk/float/inner_product_FLP.c.o
clang: warning: argument unused during compilation: '--gcc-toolchain=G:/DevEco Studio/sdk/default/openharmony/native/llvm' [-Wunused-command-line-argument]

[2026-09-01T14:24:20.389] [DEBUG] debug-file - A work dispatched to worker[3] failed because unable to get work from ready queue.
[2026-09-01T14:24:20.389] [DEBUG] debug-file - A work dispatched to worker[2] failed because of worker busy.
[2026-09-01T14:24:20.391] [DEBUG] debug-file - A work dispatched to worker[1] failed because of worker busy.
[2026-09-01T14:24:20.391] [DEBUG] debug-file - A work dispatched to worker[0] failed because unable to get work from ready queue.
[2026-09-01T14:24:20.419] [DEBUG] debug-file - [102/169] Building C object CMakeFiles/opus.dir/opus/silk/float/noise_shape_analysis_FLP.c.o
clang: warning: argument unused during compilation: '--gcc-toolchain=G:/DevEco Studio/sdk/default/openharmony/native/llvm' [-Wunused-command-line-argument]

[2026-09-01T14:24:20.457] [DEBUG] debug-file - [103/169] Building C object CMakeFiles/opus.dir/opus/silk/float/process_gains_FLP.c.o
clang: warning: argument unused during compilation: '--gcc-toolchain=G:/DevEco Studio/sdk/default/openharmony/native/llvm' [-Wunused-command-line-argument]

[2026-09-01T14:24:20.527] [DEBUG] debug-file - [104/169] Building C object CMakeFiles/opus.dir/opus/silk/float/pitch_analysis_core_FLP.c.o
clang: warning: argument unused during compilation: '--gcc-toolchain=G:/DevEco Studio/sdk/default/openharmony/native/llvm' [-Wunused-command-line-argument]

[2026-09-01T14:24:20.712] [DEBUG] debug-file - [105/169] Building C object CMakeFiles/opus.dir/opus/silk/float/regularize_correlations_FLP.c.o
clang: warning: argument unused during compilation: '--gcc-toolchain=G:/DevEco Studio/sdk/default/openharmony/native/llvm' [-Wunused-command-line-argument]

[2026-09-01T14:24:20.867] [DEBUG] debug-file - [106/169] Building C object CMakeFiles/opus.dir/opus/silk/float/residual_energy_FLP.c.o
clang: warning: argument unused during compilation: '--gcc-toolchain=G:/DevEco Studio/sdk/default/openharmony/native/llvm' [-Wunused-command-line-argument]

[2026-09-01T14:24:20.902] [DEBUG] debug-file - [107/169] Building C object CMakeFiles/opus.dir/opus/silk/float/scale_vector_FLP.c.o
clang: warning: argument unused during compilation: '--gcc-toolchain=G:/DevEco Studio/sdk/default/openharmony/native/llvm' [-Wunused-command-line-argument]

[2026-09-01T14:24:20.926] [DEBUG] debug-file - [108/169] Building C object CMakeFiles/opus.dir/opus/silk/float/scale_copy_vector_FLP.c.o
clang: warning: argument unused during compilation: '--gcc-toolchain=G:/DevEco Studio/sdk/default/openharmony/native/llvm' [-Wunused-command-line-argument]

[2026-09-01T14:24:21.082] [DEBUG] debug-file - [109/169] Building C object CMakeFiles/opus.dir/opus/silk/init_decoder.c.o
clang: warning: argument unused during compilation: '--gcc-toolchain=G:/DevEco Studio/sdk/default/openharmony/native/llvm' [-Wunused-command-line-argument]

[2026-09-01T14:24:21.100] [DEBUG] debug-file - [110/169] Building C object CMakeFiles/opus.dir/opus/silk/float/schur_FLP.c.o
clang: warning: argument unused during compilation: '--gcc-toolchain=G:/DevEco Studio/sdk/default/openharmony/native/llvm' [-Wunused-command-line-argument]

[2026-09-01T14:24:21.117] [DEBUG] debug-file - [111/169] Building C object CMakeFiles/opus.dir/opus/silk/gain_quant.c.o
clang: warning: argument unused during compilation: '--gcc-toolchain=G:/DevEco Studio/sdk/default/openharmony/native/llvm' [-Wunused-command-line-argument]

[2026-09-01T14:24:21.201] [DEBUG] debug-file - [112/169] Building C object CMakeFiles/opus.dir/opus/silk/inner_prod_aligned.c.o
clang: warning: argument unused during compilation: '--gcc-toolchain=G:/DevEco Studio/sdk/default/openharmony/native/llvm' [-Wunused-command-line-argument]

[2026-09-01T14:24:21.282] [DEBUG] debug-file - [113/169] Building C object CMakeFiles/opus.dir/opus/silk/float/sort_FLP.c.o

[2026-09-01T14:24:21.282] [DEBUG] debug-file - clang: warning: argument unused during compilation: '--gcc-toolchain=G:/DevEco Studio/sdk/default/openharmony/native/llvm' [-Wunused-command-line-argument]

[2026-09-01T14:24:21.380] [DEBUG] debug-file - [114/169] Building C object CMakeFiles/opus.dir/opus/silk/interpolate.c.o
clang: warning: argument unused during compilation: '--gcc-toolchain=G:/DevEco Studio/sdk/default/openharmony/native/llvm' [-Wunused-command-line-argument]

[2026-09-01T14:24:21.412] [DEBUG] debug-file - worker[1] has one work done.
[2026-09-01T14:24:21.414] [DEBUG] debug-file - CopyResources is end, endTime: 22217675589200
[2026-09-01T14:24:21.415] [DEBUG] debug-file - default@CompileArkTS work[355] done.
[2026-09-01T14:24:21.494] [DEBUG] debug-file - [115/169] Building C object CMakeFiles/opus.dir/opus/silk/float/warped_autocorrelation_FLP.c.o
clang: warning: argument unused during compilation: '--gcc-toolchain=G:/DevEco Studio/sdk/default/openharmony/native/llvm' [-Wunused-command-line-argument]

[2026-09-01T14:24:21.503] [DEBUG] debug-file - [116/169] Building C object CMakeFiles/opus.dir/opus/silk/pitch_est_tables.c.o
clang: warning: argument unused during compilation: '--gcc-toolchain=G:/DevEco Studio/sdk/default/openharmony/native/llvm' [-Wunused-command-line-argument]

[2026-09-01T14:24:21.518] [DEBUG] debug-file - [117/169] Building C object CMakeFiles/opus.dir/opus/silk/log2lin.c.o
clang: warning: argument unused during compilation: '--gcc-toolchain=G:/DevEco Studio/sdk/default/openharmony/native/llvm' [-Wunused-command-line-argument]

[2026-09-01T14:24:21.528] [DEBUG] debug-file - [118/169] Building C object CMakeFiles/opus.dir/opus/silk/float/wrappers_FLP.c.o
clang: warning: argument unused during compilation: '--gcc-toolchain=G:/DevEco Studio/sdk/default/openharmony/native/llvm' [-Wunused-command-line-argument]

[2026-09-01T14:24:21.645] [DEBUG] debug-file - [119/169] Building C object CMakeFiles/opus.dir/opus/silk/lin2log.c.o
clang: warning: argument unused during compilation: '--gcc-toolchain=G:/DevEco Studio/sdk/default/openharmony/native/llvm' [-Wunused-command-line-argument]

[2026-09-01T14:24:21.721] [DEBUG] debug-file - [120/169] Building C object CMakeFiles/opus.dir/opus/silk/process_NLSFs.c.o
clang: warning: argument unused during compilation: '--gcc-toolchain=G:/DevEco Studio/sdk/default/openharmony/native/llvm' [-Wunused-command-line-argument]

[2026-09-01T14:24:21.748] [DEBUG] debug-file - [121/169] Building C object CMakeFiles/opus.dir/opus/silk/quant_LTP_gains.c.o
clang: warning: argument unused during compilation: '--gcc-toolchain=G:/DevEco Studio/sdk/default/openharmony/native/llvm' [-Wunused-command-line-argument]

[2026-09-01T14:24:21.778] [DEBUG] debug-file - [122/169] Building C object CMakeFiles/opus.dir/opus/silk/init_encoder.c.o
clang: warning: argument unused during compilation: '--gcc-toolchain=G:/DevEco Studio/sdk/default/openharmony/native/llvm' [-Wunused-command-line-argument]

[2026-09-01T14:24:21.787] [DEBUG] debug-file - [123/169] Building C object CMakeFiles/opus.dir/opus/silk/resampler.c.o
clang: warning: argument unused during compilation: '--gcc-toolchain=G:/DevEco Studio/sdk/default/openharmony/native/llvm' [-Wunused-command-line-argument]

[2026-09-01T14:24:21.810] [DEBUG] debug-file - [124/169] Building C object CMakeFiles/opus.dir/opus/silk/resampler_down2.c.o

[2026-09-01T14:24:21.811] [DEBUG] debug-file - clang: warning: argument unused during compilation: '--gcc-toolchain=G:/DevEco Studio/sdk/default/openharmony/native/llvm' [-Wunused-command-line-argument]

[2026-09-01T14:24:21.961] [DEBUG] debug-file - [125/169] Building C object CMakeFiles/opus.dir/opus/silk/resampler_private_IIR_FIR.c.o
clang: warning: argument unused during compilation: '--gcc-toolchain=G:/DevEco Studio/sdk/default/openharmony/native/llvm' [-Wunused-command-line-argument]

[2026-09-01T14:24:22.000] [DEBUG] debug-file - [126/169] Building C object CMakeFiles/opus.dir/opus/silk/resampler_private_up2_HQ.c.o

[2026-09-01T14:24:22.006] [DEBUG] debug-file - clang: warning: argument unused during compilation: '--gcc-toolchain=G:/DevEco Studio/sdk/default/openharmony/native/llvm' [-Wunused-command-line-argument]

[2026-09-01T14:24:22.036] [DEBUG] debug-file - [127/169] Building C object CMakeFiles/opus.dir/opus/silk/resampler_down2_3.c.o

[2026-09-01T14:24:22.037] [DEBUG] debug-file - clang: warning: argument unused during compilation: '--gcc-toolchain=G:/DevEco Studio/sdk/default/openharmony/native/llvm' [-Wunused-command-line-argument]

[2026-09-01T14:24:22.061] [DEBUG] debug-file - [128/169] Building C object CMakeFiles/opus.dir/opus/silk/resampler_private_down_FIR.c.o
clang: warning: argument unused during compilation: '--gcc-toolchain=G:/DevEco Studio/sdk/default/openharmony/native/llvm' [-Wunused-command-line-argument]

[2026-09-01T14:24:22.071] [DEBUG] debug-file - [129/169] Building C object CMakeFiles/opus.dir/opus/silk/resampler_private_AR2.c.o
clang: warning: argument unused during compilation: '--gcc-toolchain=G:/DevEco Studio/sdk/default/openharmony/native/llvm' [-Wunused-command-line-argument]

[2026-09-01T14:24:22.176] [DEBUG] debug-file - default@CompileArkTS work[354] has been dispatched to worker[1].
[2026-09-01T14:24:22.184] [DEBUG] debug-file - [130/169] Building C object CMakeFiles/opus.dir/opus/silk/sort.c.o
clang: warning: argument unused during compilation: '--gcc-toolchain=G:/DevEco Studio/sdk/default/openharmony/native/llvm' [-Wunused-command-line-argument]

[2026-09-01T14:24:22.194] [DEBUG] debug-file - [131/169] Building C object CMakeFiles/opus.dir/opus/silk/resampler_rom.c.o
clang: warning: argument unused during compilation: '--gcc-toolchain=G:/DevEco Studio/sdk/default/openharmony/native/llvm' [-Wunused-command-line-argument]

[2026-09-01T14:24:22.209] [DEBUG] debug-file - [132/169] Building C object CMakeFiles/opus.dir/opus/silk/sigm_Q15.c.o
clang: warning: argument unused during compilation: '--gcc-toolchain=G:/DevEco Studio/sdk/default/openharmony/native/llvm' [-Wunused-command-line-argument]

[2026-09-01T14:24:22.229] [DEBUG] debug-file - [133/169] Building C object CMakeFiles/opus.dir/opus/silk/shell_coder.c.o
clang: warning: argument unused during compilation: '--gcc-toolchain=G:/DevEco Studio/sdk/default/openharmony/native/llvm' [-Wunused-command-line-argument]

[2026-09-01T14:24:22.242] [DEBUG] debug-file - [134/169] Building C object CMakeFiles/opus.dir/opus/silk/stereo_LR_to_MS.c.o
clang: warning: argument unused during compilation: '--gcc-toolchain=G:/DevEco Studio/sdk/default/openharmony/native/llvm' [-Wunused-command-line-argument]

[2026-09-01T14:24:22.374] [DEBUG] debug-file - [135/169] Building C object CMakeFiles/opus.dir/opus/silk/stereo_MS_to_LR.c.o

[2026-09-01T14:24:22.374] [DEBUG] debug-file - clang: warning: argument unused during compilation: '--gcc-toolchain=G:/DevEco Studio/sdk/default/openharmony/native/llvm' [-Wunused-command-line-argument]

[2026-09-01T14:24:22.407] [DEBUG] debug-file - [136/169] Building C object CMakeFiles/opus.dir/opus/silk/stereo_encode_pred.c.o
clang: warning: argument unused during compilation: '--gcc-toolchain=G:/DevEco Studio/sdk/default/openharmony/native/llvm' [-Wunused-command-line-argument]

[2026-09-01T14:24:22.490] [DEBUG] debug-file - [137/169] Building C object CMakeFiles/opus.dir/opus/silk/stereo_find_predictor.c.o
clang: warning: argument unused during compilation: '--gcc-toolchain=G:/DevEco Studio/sdk/default/openharmony/native/llvm' [-Wunused-command-line-argument]

[2026-09-01T14:24:22.499] [DEBUG] debug-file - [138/169] Building C object CMakeFiles/opus.dir/opus/silk/stereo_decode_pred.c.o
clang: warning: argument unused during compilation: '--gcc-toolchain=G:/DevEco Studio/sdk/default/openharmony/native/llvm' [-Wunused-command-line-argument]

[2026-09-01T14:24:22.519] [DEBUG] debug-file - [139/169] Building C object CMakeFiles/opus.dir/opus/silk/sum_sqr_shift.c.o
clang: warning: argument unused during compilation: '--gcc-toolchain=G:/DevEco Studio/sdk/default/openharmony/native/llvm' [-Wunused-command-line-argument]

[2026-09-01T14:24:22.554] [DEBUG] debug-file - [140/169] Building C object CMakeFiles/opus.dir/opus/silk/table_LSF_cos.c.o
clang: warning: argument unused during compilation: '--gcc-toolchain=G:/DevEco Studio/sdk/default/openharmony/native/llvm' [-Wunused-command-line-argument]

[2026-09-01T14:24:22.563] [DEBUG] debug-file - [141/169] Building C object CMakeFiles/opus.dir/opus/silk/stereo_quant_pred.c.o
clang: warning: argument unused during compilation: '--gcc-toolchain=G:/DevEco Studio/sdk/default/openharmony/native/llvm' [-Wunused-command-line-argument]

[2026-09-01T14:24:22.622] [DEBUG] debug-file - [142/169] Building C object CMakeFiles/opus.dir/opus/silk/tables_LTP.c.o
clang: warning: argument unused during compilation: '--gcc-toolchain=G:/DevEco Studio/sdk/default/openharmony/native/llvm' [-Wunused-command-line-argument]

[2026-09-01T14:24:22.647] [DEBUG] debug-file - [143/169] Building C object CMakeFiles/opus.dir/opus/silk/tables_NLSF_CB_NB_MB.c.o
clang: warning: argument unused during compilation: '--gcc-toolchain=G:/DevEco Studio/sdk/default/openharmony/native/llvm' [-Wunused-command-line-argument]

[2026-09-01T14:24:22.697] [DEBUG] debug-file - [144/169] Building C object CMakeFiles/opus.dir/opus/silk/tables_NLSF_CB_WB.c.o
clang: warning: argument unused during compilation: '--gcc-toolchain=G:/DevEco Studio/sdk/default/openharmony/native/llvm' [-Wunused-command-line-argument]

[2026-09-01T14:24:22.728] [DEBUG] debug-file - [145/169] Building C object CMakeFiles/opus.dir/opus/silk/tables_other.c.o
clang: warning: argument unused during compilation: '--gcc-toolchain=G:/DevEco Studio/sdk/default/openharmony/native/llvm' [-Wunused-command-line-argument]

[2026-09-01T14:24:22.753] [DEBUG] debug-file - [146/169] Building C object CMakeFiles/opus.dir/opus/silk/tables_pitch_lag.c.o
clang: warning: argument unused during compilation: '--gcc-toolchain=G:/DevEco Studio/sdk/default/openharmony/native/llvm' [-Wunused-command-line-argument]

[2026-09-01T14:24:22.785] [DEBUG] debug-file - [147/169] Building C object CMakeFiles/opus.dir/opus/silk/tables_gain.c.o
clang: warning: argument unused during compilation: '--gcc-toolchain=G:/DevEco Studio/sdk/default/openharmony/native/llvm' [-Wunused-command-line-argument]

[2026-09-01T14:24:22.829] [DEBUG] debug-file - [148/169] Building C object CMakeFiles/opus.dir/opus/silk/tables_pulses_per_block.c.o
clang: warning: argument unused during compilation: '--gcc-toolchain=G:/DevEco Studio/sdk/default/openharmony/native/llvm' [-Wunused-command-line-argument]

[2026-09-01T14:24:22.895] [DEBUG] debug-file - [149/169] Building C object CMakeFiles/opus.dir/opus/src/extensions.c.o
clang: warning: argument unused during compilation: '--gcc-toolchain=G:/DevEco Studio/sdk/default/openharmony/native/llvm' [-Wunused-command-line-argument]

[2026-09-01T14:24:22.940] [DEBUG] debug-file - [150/169] Building C object CMakeFiles/opus.dir/opus/src/mlp.c.o
clang: warning: argument unused during compilation: '--gcc-toolchain=G:/DevEco Studio/sdk/default/openharmony/native/llvm' [-Wunused-command-line-argument]

[2026-09-01T14:24:22.971] [DEBUG] debug-file - [151/169] Building C object CMakeFiles/opus.dir/opus/src/mlp_data.c.o
clang: warning: argument unused during compilation: '--gcc-toolchain=G:/DevEco Studio/sdk/default/openharmony/native/llvm' [-Wunused-command-line-argument]

[2026-09-01T14:24:23.098] [DEBUG] debug-file - [152/169] Building C object CMakeFiles/opus.dir/opus/src/opus.c.o
clang: warning: argument unused during compilation: '--gcc-toolchain=G:/DevEco Studio/sdk/default/openharmony/native/llvm' [-Wunused-command-line-argument]

[2026-09-01T14:24:23.107] [DEBUG] debug-file - [153/169] Building C object CMakeFiles/opus.dir/opus/src/opus_compare.c.o
clang: warning: argument unused during compilation: '--gcc-toolchain=G:/DevEco Studio/sdk/default/openharmony/native/llvm' [-Wunused-command-line-argument]

[2026-09-01T14:24:23.239] [DEBUG] debug-file - [154/169] Building C object CMakeFiles/opus.dir/opus/src/mapping_matrix.c.o
clang: warning: argument unused during compilation: '--gcc-toolchain=G:/DevEco Studio/sdk/default/openharmony/native/llvm' [-Wunused-command-line-argument]

[2026-09-01T14:24:23.339] [DEBUG] debug-file - [155/169] Building C object CMakeFiles/opus.dir/opus/src/opus_demo.c.o
clang: warning: argument unused during compilation: '--gcc-toolchain=G:/DevEco Studio/sdk/default/openharmony/native/llvm' [-Wunused-command-line-argument]

[2026-09-01T14:24:23.389] [DEBUG] debug-file - [156/169] Building C object CMakeFiles/opus.dir/opus/src/analysis.c.o
clang: warning: argument unused during compilation: '--gcc-toolchain=G:/DevEco Studio/sdk/default/openharmony/native/llvm' [-Wunused-command-line-argument]

[2026-09-01T14:24:23.630] [DEBUG] debug-file - [157/169] Building C object CMakeFiles/opus.dir/opus/src/opus_multistream.c.o
clang: warning: argument unused during compilation: '--gcc-toolchain=G:/DevEco Studio/sdk/default/openharmony/native/llvm' [-Wunused-command-line-argument]

[2026-09-01T14:24:23.682] [DEBUG] debug-file - [158/169] Building C object CMakeFiles/opus.dir/opus/src/opus_decoder.c.o
clang: warning: argument unused during compilation: '--gcc-toolchain=G:/DevEco Studio/sdk/default/openharmony/native/llvm' [-Wunused-command-line-argument]
D:/Walkie/HarmonyOS/entry/src/main/cpp/opus/src/opus_decoder.c:38:10: warning: You appear to be compiling without optimization, if so opus will be very slow. [-W#pragma-messages]
# pragma message "You appear to be compiling without optimization, if so opus will be very slow."
         ^
1 warning generated.

[2026-09-01T14:24:23.753] [DEBUG] debug-file - [159/169] Building C object CMakeFiles/opus.dir/opus/src/opus_projection_decoder.c.o
clang: warning: argument unused during compilation: '--gcc-toolchain=G:/DevEco Studio/sdk/default/openharmony/native/llvm' [-Wunused-command-line-argument]

[2026-09-01T14:24:23.842] [DEBUG] debug-file - [160/169] Building C object CMakeFiles/opus.dir/opus/src/opus_projection_encoder.c.o

[2026-09-01T14:24:23.842] [DEBUG] debug-file - clang: warning: argument unused during compilation: '--gcc-toolchain=G:/DevEco Studio/sdk/default/openharmony/native/llvm' [-Wunused-command-line-argument]

[2026-09-01T14:24:23.913] [DEBUG] debug-file - [161/169] Building C object CMakeFiles/opus.dir/opus/src/opus_multistream_decoder.c.o
clang: warning: argument unused during compilation: '--gcc-toolchain=G:/DevEco Studio/sdk/default/openharmony/native/llvm' [-Wunused-command-line-argument]

[2026-09-01T14:24:23.921] [DEBUG] debug-file - [162/169] Building C object CMakeFiles/opus.dir/opus/src/opus_encoder.c.o
clang: warning: argument unused during compilation: '--gcc-toolchain=G:/DevEco Studio/sdk/default/openharmony/native/llvm' [-Wunused-command-line-argument]

[2026-09-01T14:24:23.927] [DEBUG] debug-file - [163/169] Building C object CMakeFiles/opus.dir/opus/src/repacketizer.c.o
clang: warning: argument unused during compilation: '--gcc-toolchain=G:/DevEco Studio/sdk/default/openharmony/native/llvm' [-Wunused-command-line-argument]

[2026-09-01T14:24:23.952] [DEBUG] debug-file - [164/169] Building C object CMakeFiles/opus.dir/opus/src/opus_multistream_encoder.c.o
clang: warning: argument unused during compilation: '--gcc-toolchain=G:/DevEco Studio/sdk/default/openharmony/native/llvm' [-Wunused-command-line-argument]

[2026-09-01T14:24:23.980] [DEBUG] debug-file - [165/169] Building C object CMakeFiles/opus.dir/opus/src/repacketizer_demo.c.o
clang: warning: argument unused during compilation: '--gcc-toolchain=G:/DevEco Studio/sdk/default/openharmony/native/llvm' [-Wunused-command-line-argument]

[2026-09-01T14:24:24.014] [DEBUG] debug-file - [166/169] Building C object CMakeFiles/opus.dir/opus/src/qext_compare.c.o
clang: warning: argument unused during compilation: '--gcc-toolchain=G:/DevEco Studio/sdk/default/openharmony/native/llvm' [-Wunused-command-line-argument]

[2026-09-01T14:24:24.118] [DEBUG] debug-file - [167/169] Building CXX object CMakeFiles/walkieopus.dir/walkie_opus_napi.cpp.o
clang++: warning: argument unused during compilation: '--gcc-toolchain=G:/DevEco Studio/sdk/default/openharmony/native/llvm' [-Wunused-command-line-argument]

[2026-09-01T14:24:25.135] [DEBUG] debug-file - [168/169] Linking C static library libopus.a

[2026-09-01T14:24:25.310] [DEBUG] debug-file - [169/169] Linking CXX shared library D:\Walkie\HarmonyOS\entry\build\default\intermediates\cmake\default\obj\arm64-v8a\libwalkieopus.so

[2026-09-01T14:24:25.339] [WARN] debug-file - When performing compilation for the arm64-v8a architecture:
[33mclang: warning: argument unused during compilation: '--gcc-toolchain=G:/DevEco Studio/sdk/default/openharmony/native/llvm' [-Wunused-command-line-argument][33m[39m
[33mclang: warning: argument unused during compilation: '--gcc-toolchain=G:/DevEco Studio/sdk/default/openharmony/native/llvm' [-Wunused-command-line-argument][33m[39m
[33mclang: warning: argument unused during compilation: '--gcc-toolchain=G:/DevEco Studio/sdk/default/openharmony/native/llvm' [-Wunused-command-line-argument][33m[39m
[33mclang: warning: argument unused during compilation: '--gcc-toolchain=G:/DevEco Studio/sdk/default/openharmony/native/llvm' [-Wunused-command-line-argument][33m[39m
[33mclang: warning: argument unused during compilation: '--gcc-toolchain=G:/DevEco Studio/sdk/default/openharmony/native/llvm' [-Wunused-command-line-argument][33m[39m
[33mclang: warning: argument unused during compilation: '--gcc-toolchain=G:/DevEco Studio/sdk/default/openharmony/native/llvm' [-Wunused-command-line-argument][33m[39m
[33mclang: warning: argument unused during compilation: '--gcc-toolchain=G:/DevEco Studio/sdk/default/openharmony/native/llvm' [-Wunused-command-line-argument][33m[39m
[33mclang: warning: argument unused during compilation: '--gcc-toolchain=G:/DevEco Studio/sdk/default/openharmony/native/llvm' [-Wunused-command-line-argument][33m[39m
[33mclang: warning: argument unused during compilation: '--gcc-toolchain=G:/DevEco Studio/sdk/default/openharmony/native/llvm' [-Wunused-command-line-argument][33m[39m
[33mclang: warning: argument unused during compilation: '--gcc-toolchain=G:/DevEco Studio/sdk/default/openharmony/native/llvm' [-Wunused-command-line-argument][33m[39m
[33mclang: warning: argument unused during compilation: '--gcc-toolchain=G:/DevEco Studio/sdk/default/openharmony/native/llvm' [-Wunused-command-line-argument][33m[39m
[33mclang: warning: argument unused during compilation: '--gcc-toolchain=G:/DevEco Studio/sdk/default/openharmony/native/llvm' [-Wunused-command-line-argument][33m[39m
[33mclang: warning: argument unused during compilation: '--gcc-toolchain=G:/DevEco Studio/sdk/default/openharmony/native/llvm' [-Wunused-command-line-argument][33m[39m
[33mclang: warning: argument unused during compilation: '--gcc-toolchain=G:/DevEco Studio/sdk/default/openharmony/native/llvm' [-Wunused-command-line-argument][33m[39m
[33mclang: warning: argument unused during compilation: '--gcc-toolchain=G:/DevEco Studio/sdk/default/openharmony/native/llvm' [-Wunused-command-line-argument][33m[39m
[33mclang: warning: argument unused during compilation: '--gcc-toolchain=G:/DevEco Studio/sdk/default/openharmony/native/llvm' [-Wunused-command-line-argument][33m[39m
[33mclang: warning: argument unused during compilation: '--gcc-toolchain=G:/DevEco Studio/sdk/default/openharmony/native/llvm' [-Wunused-command-line-argument][33m[39m
[33mclang: warning: argument unused during compilation: '--gcc-toolchain=G:/DevEco Studio/sdk/default/openharmony/native/llvm' [-Wunused-command-line-argument][33m[39m
[33mclang: warning: argument unused during compilation: '--gcc-toolchain=G:/DevEco Studio/sdk/default/openharmony/native/llvm' [-Wunused-command-line-argument][33m[39m
[33mclang: warning: argument unused during compilation: '--gcc-toolchain=G:/DevEco Studio/sdk/default/openharmony/native/llvm' [-Wunused-command-line-argument][33m[39m
[33mclang: warning: argument unused during compilation: '--gcc-toolchain=G:/DevEco Studio/sdk/default/openharmony/native/llvm' [-Wunused-command-line-argument][33m[39m
[33mclang: warning: argument unused during compilation: '--gcc-toolchain=G:/DevEco Studio/sdk/default/openharmony/native/llvm' [-Wunused-command-line-argument][33m[39m
[33mclang: warning: argument unused during compilation: '--gcc-toolchain=G:/DevEco Studio/sdk/default/openharmony/native/llvm' [-Wunused-command-line-argument][33m[39m
[33mclang: warning: argument unused during compilation: '--gcc-toolchain=G:/DevEco Studio/sdk/default/openharmony/native/llvm' [-Wunused-command-line-argument][33m[39m
[33mclang: warning: argument unused during compilation: '--gcc-toolchain=G:/DevEco Studio/sdk/default/openharmony/native/llvm' [-Wunused-command-line-argument][33m[39m
[33mclang: warning: argument unused during compilation: '--gcc-toolchain=G:/DevEco Studio/sdk/default/openharmony/native/llvm' [-Wunused-command-line-argument][33m[39m
[33mclang: warning: argument unused during compilation: '--gcc-toolchain=G:/DevEco Studio/sdk/default/openharmony/native/llvm' [-Wunused-command-line-argument][33m[39m
[33mclang: warning: argument unused during compilation: '--gcc-toolchain=G:/DevEco Studio/sdk/default/openharmony/native/llvm' [-Wunused-command-line-argument][33m[39m
[33mclang: warning: argument unused during compilation: '--gcc-toolchain=G:/DevEco Studio/sdk/default/openharmony/native/llvm' [-Wunused-command-line-argument][33m[39m
[33mclang: warning: argument unused during compilation: '--gcc-toolchain=G:/DevEco Studio/sdk/default/openharmony/native/llvm' [-Wunused-command-line-argument][33m[39m
[33mclang: warning: argument unused during compilation: '--gcc-toolchain=G:/DevEco Studio/sdk/default/openharmony/native/llvm' [-Wunused-command-line-argument][33m[39m
[33mclang: warning: argument unused during compilation: '--gcc-toolchain=G:/DevEco Studio/sdk/default/openharmony/native/llvm' [-Wunused-command-line-argument][33m[39m
[33mclang: warning: argument unused during compilation: '--gcc-toolchain=G:/DevEco Studio/sdk/default/openharmony/native/llvm' [-Wunused-command-line-argument][33m[39m
[33mclang: warning: argument unused during compilation: '--gcc-toolchain=G:/DevEco Studio/sdk/default/openharmony/native/llvm' [-Wunused-command-line-argument][33m[39m
[33mclang: warning: argument unused during compilation: '--gcc-toolchain=G:/DevEco Studio/sdk/default/openharmony/native/llvm' [-Wunused-command-line-argument][33m[39m
[33mclang: warning: argument unused during compilation: '--gcc-toolchain=G:/DevEco Studio/sdk/default/openharmony/native/llvm' [-Wunused-command-line-argument][33m[39m
[33mclang: warning: argument unused during compilation: '--gcc-toolchain=G:/DevEco Studio/sdk/default/openharmony/native/llvm' [-Wunused-command-line-argument][33m[39m
[33mclang: warning: argument unused during compilation: '--gcc-toolchain=G:/DevEco Studio/sdk/default/openharmony/native/llvm' [-Wunused-command-line-argument][33m[39m
[33mclang: warning: argument unused during compilation: '--gcc-toolchain=G:/DevEco Studio/sdk/default/openharmony/native/llvm' [-Wunused-command-line-argument][33m[39m
[33mclang: warning: argument unused during compilation: '--gcc-toolchain=G:/DevEco Studio/sdk/default/openharmony/native/llvm' [-Wunused-command-line-argument][33m[39m
[33mclang: warning: argument unused during compilation: '--gcc-toolchain=G:/DevEco Studio/sdk/default/openharmony/native/llvm' [-Wunused-command-line-argument][33m[39m
[33mclang: warning: argument unused during compilation: '--gcc-toolchain=G:/DevEco Studio/sdk/default/openharmony/native/llvm' [-Wunused-command-line-argument][33m[39m
[33mclang: warning: argument unused during compilation: '--gcc-toolchain=G:/DevEco Studio/sdk/default/openharmony/native/llvm' [-Wunused-command-line-argument][33m[39m
[33mclang: warning: argument unused during compilation: '--gcc-toolchain=G:/DevEco Studio/sdk/default/openharmony/native/llvm' [-Wunused-command-line-argument][33m[39m
[33mclang: warning: argument unused during compilation: '--gcc-toolchain=G:/DevEco Studio/sdk/default/openharmony/native/llvm' [-Wunused-command-line-argument][33m[39m
[33mclang: warning: argument unused during compilation: '--gcc-toolchain=G:/DevEco Studio/sdk/default/openharmony/native/llvm' [-Wunused-command-line-argument][33m[39m
[33mclang: warning: argument unused during compilation: '--gcc-toolchain=G:/DevEco Studio/sdk/default/openharmony/native/llvm' [-Wunused-command-line-argument][33m[39m
[33mclang: warning: argument unused during compilation: '--gcc-toolchain=G:/DevEco Studio/sdk/default/openharmony/native/llvm' [-Wunused-command-line-argument][33m[39m
[33mclang: warning: argument unused during compilation: '--gcc-toolchain=G:/DevEco Studio/sdk/default/openharmony/native/llvm' [-Wunused-command-line-argument][33m[39m
[33mclang: warning: argument unused during compilation: '--gcc-toolchain=G:/DevEco Studio/sdk/default/openharmony/native/llvm' [-Wunused-command-line-argument][33m[39m
[33mclang: warning: argument unused during compilation: '--gcc-toolchain=G:/DevEco Studio/sdk/default/openharmony/native/llvm' [-Wunused-command-line-argument][33m[39m
[33mclang: warning: argument unused during compilation: '--gcc-toolchain=G:/DevEco Studio/sdk/default/openharmony/native/llvm' [-Wunused-command-line-argument][33m[39m
[33mclang: warning: argument unused during compilation: '--gcc-toolchain=G:/DevEco Studio/sdk/default/openharmony/native/llvm' [-Wunused-command-line-argument][33m[39m
[33mclang: warning: argument unused during compilation: '--gcc-toolchain=G:/DevEco Studio/sdk/default/openharmony/native/llvm' [-Wunused-command-line-argument][33m[39m
[33mclang: warning: argument unused during compilation: '--gcc-toolchain=G:/DevEco Studio/sdk/default/openharmony/native/llvm' [-Wunused-command-line-argument][33m[39m
[33mclang: warning: argument unused during compilation: '--gcc-toolchain=G:/DevEco Studio/sdk/default/openharmony/native/llvm' [-Wunused-command-line-argument][33m[39m
[33mclang: warning: argument unused during compilation: '--gcc-toolchain=G:/DevEco Studio/sdk/default/openharmony/native/llvm' [-Wunused-command-line-argument][33m[39m
[33mclang: warning: argument unused during compilation: '--gcc-toolchain=G:/DevEco Studio/sdk/default/openharmony/native/llvm' [-Wunused-command-line-argument][33m[39m
[33mclang: warning: argument unused during compilation: '--gcc-toolchain=G:/DevEco Studio/sdk/default/openharmony/native/llvm' [-Wunused-command-line-argument][33m[39m
[33mclang: warning: argument unused during compilation: '--gcc-toolchain=G:/DevEco Studio/sdk/default/openharmony/native/llvm' [-Wunused-command-line-argument][33m[39m
[33mclang: warning: argument unused during compilation: '--gcc-toolchain=G:/DevEco Studio/sdk/default/openharmony/native/llvm' [-Wunused-command-line-argument][33m[39m
[33mclang: warning: argument unused during compilation: '--gcc-toolchain=G:/DevEco Studio/sdk/default/openharmony/native/llvm' [-Wunused-command-line-argument][33m[39m
[33mclang: warning: argument unused during compilation: '--gcc-toolchain=G:/DevEco Studio/sdk/default/openharmony/native/llvm' [-Wunused-command-line-argument][33m[39m
[33mD:/Walkie/HarmonyOS/entry/src/main/cpp/opus/silk/fixed/autocorr_FIX.c:47:29: warning: incompatible pointer types passing 'const opus_int16 *' (aka 'const short *') to parameter of type 'const opus_val16 *' (aka 'const float *') [-Wincompatible-pointer-types][33m[39m
[33m    *scale = _celt_autocorr(inputData, results, NULL, 0, corrCount-1, inputDataSize, arch);[33m[39m
[33m                            ^~~~~~~~~[33m[39m
[33mD:/Walkie/HarmonyOS/entry/src/main/cpp/opus/celt/celt_lpc.h:63:38: note: passing argument to parameter 'x' here[33m[39m
[33mint _celt_autocorr(const opus_val16 *x, opus_val32 *ac,[33m[39m
[33m                                     ^[33m[39m
[33mD:/Walkie/HarmonyOS/entry/src/main/cpp/opus/silk/fixed/autocorr_FIX.c:47:40: warning: incompatible pointer types passing 'opus_int32 *' (aka 'int *') to parameter of type 'opus_val32 *' (aka 'float *') [-Wincompatible-pointer-types][33m[39m
[33m    *scale = _celt_autocorr(inputData, results, NULL, 0, corrCount-1, inputDataSize, arch);[33m[39m
[33m                                       ^~~~~~~[33m[39m
[33mD:/Walkie/HarmonyOS/entry/src/main/cpp/opus/celt/celt_lpc.h:63:53: note: passing argument to parameter 'ac' here[33m[39m
[33mint _celt_autocorr(const opus_val16 *x, opus_val32 *ac,[33m[39m
[33m                                                    ^[33m[39m
[33m2 warnings generated.[33m[39m
[33mclang: warning: argument unused during compilation: '--gcc-toolchain=G:/DevEco Studio/sdk/default/openharmony/native/llvm' [-Wunused-command-line-argument][33m[39m
[33mclang: warning: argument unused during compilation: '--gcc-toolchain=G:/DevEco Studio/sdk/default/openharmony/native/llvm' [-Wunused-command-line-argument][33m[39m
[33mD:/Walkie/HarmonyOS/entry/src/main/cpp/opus/silk/fixed/burg_modified_FIX.c:99:30: warning: incompatible pointer types passing 'const opus_int16 *' (aka 'const short *') to parameter of type 'const opus_val16 *' (aka 'const float *') [-Wincompatible-pointer-types][33m[39m
[33m            celt_pitch_xcorr(x_ptr, x_ptr + 1, xcorr, subfr_length - D, D, arch );[33m[39m
[33m                             ^~~~~[33m[39m
[33mD:/Walkie/HarmonyOS/entry/src/main/cpp/opus/celt/pitch.h:185:38: note: passing argument to parameter '_x' here[33m[39m
[33mcelt_pitch_xcorr_c(const opus_val16 *_x, const opus_val16 *_y,[33m[39m
[33m                                     ^[33m[39m
[33mD:/Walkie/HarmonyOS/entry/src/main/cpp/opus/silk/fixed/burg_modified_FIX.c:99:37: warning: incompatible pointer types passing 'const opus_int16 *' (aka 'const short *') to parameter of type 'const opus_val16 *' (aka 'const float *') [-Wincompatible-pointer-types][33m[39m
[33m            celt_pitch_xcorr(x_ptr, x_ptr + 1, xcorr, subfr_length - D, D, arch );[33m[39m
[33m                                    ^~~~~~~~~[33m[39m
[33mD:/Walkie/HarmonyOS/entry/src/main/cpp/opus/celt/pitch.h:185:60: note: passing argument to parameter '_y' here[33m[39m
[33mcelt_pitch_xcorr_c(const opus_val16 *_x, const opus_val16 *_y,[33m[39m
[33m                                                           ^[33m[39m
[33mD:/Walkie/HarmonyOS/entry/src/main/cpp/opus/silk/fixed/burg_modified_FIX.c:99:48: warning: incompatible pointer types passing 'opus_int32[24]' (aka 'int[24]') to parameter of type 'opus_val32 *' (aka 'float *') [-Wincompatible-pointer-types][33m[39m
[33m            celt_pitch_xcorr(x_ptr, x_ptr + 1, xcorr, subfr_length - D, D, arch );[33m[39m
[33m                                               ^~~~~[33m[39m
[33mD:/Walkie/HarmonyOS/entry/src/main/cpp/opus/celt/pitch.h:186:19: note: passing argument to parameter 'xcorr' here[33m[39m
[33m      opus_val32 *xcorr, int len, int max_pitch, int arch);[33m[39m
[33m                  ^[33m[39m
[33m3 warnings generated.[33m[39m
[33mclang: warning: argument unused during compilation: '--gcc-toolchain=G:/DevEco Studio/sdk/default/openharmony/native/llvm' [-Wunused-command-line-argument][33m[39m
[33mclang: warning: argument unused during compilation: '--gcc-toolchain=G:/DevEco Studio/sdk/default/openharmony/native/llvm' [-Wunused-command-line-argument][33m[39m
[33mclang: warning: argument unused during compilation: '--gcc-toolchain=G:/DevEco Studio/sdk/default/openharmony/native/llvm' [-Wunused-command-line-argument][33m[39m
[33mclang: warning: argument unused during compilation: '--gcc-toolchain=G:/DevEco Studio/sdk/default/openharmony/native/llvm' [-Wunused-command-line-argument][33m[39m
[33mclang: warning: argument unused during compilation: '--gcc-toolchain=G:/DevEco Studio/sdk/default/openharmony/native/llvm' [-Wunused-command-line-argument][33m[39m
[33mclang: warning: argument unused during compilation: '--gcc-toolchain=G:/DevEco Studio/sdk/default/openharmony/native/llvm' [-Wunused-command-line-argument][33m[39m
[33mclang: warning: argument unused during compilation: '--gcc-toolchain=G:/DevEco Studio/sdk/default/openharmony/native/llvm' [-Wunused-command-line-argument][33m[39m
[33mclang: warning: argument unused during compilation: '--gcc-toolchain=G:/DevEco Studio/sdk/default/openharmony/native/llvm' [-Wunused-command-line-argument][33m[39m
[33mclang: warning: argument unused during compilation: '--gcc-toolchain=G:/DevEco Studio/sdk/default/openharmony/native/llvm' [-Wunused-command-line-argument][33m[39m
[33mclang: warning: argument unused during compilation: '--gcc-toolchain=G:/DevEco Studio/sdk/default/openharmony/native/llvm' [-Wunused-command-line-argument][33m[39m
[33mclang: warning: argument unused during compilation: '--gcc-toolchain=G:/DevEco Studio/sdk/default/openharmony/native/llvm' [-Wunused-command-line-argument][33m[39m
[33mclang: warning: argument unused during compilation: '--gcc-toolchain=G:/DevEco Studio/sdk/default/openharmony/native/llvm' [-Wunused-command-line-argument][33m[39m
[33mD:/Walkie/HarmonyOS/entry/src/main/cpp/opus/silk/fixed/pitch_analysis_core_FIX.c:200:27: warning: incompatible pointer types passing 'const opus_int16 *' (aka 'const short *') to parameter of type 'const opus_val16 *' (aka 'const float *') [-Wincompatible-pointer-types][33m[39m
[33m        celt_pitch_xcorr( target_ptr, target_ptr - MAX_LAG_4KHZ, xcorr32, SF_LENGTH_8KHZ, MAX_LAG_4KHZ - MIN_LAG_4KHZ + 1, arch );[33m[39m
[33m                          ^~~~~~~~~~[33m[39m
[33mD:/Walkie/HarmonyOS/entry/src/main/cpp/opus/celt/pitch.h:185:38: note: passing argument to parameter '_x' here[33m[39m
[33mcelt_pitch_xcorr_c(const opus_val16 *_x, const opus_val16 *_y,[33m[39m
[33m                                     ^[33m[39m
[33mD:/Walkie/HarmonyOS/entry/src/main/cpp/opus/silk/fixed/pitch_analysis_core_FIX.c:200:39: warning: incompatible pointer types passing 'const opus_int16 *' (aka 'const short *') to parameter of type 'const opus_val16 *' (aka 'const float *') [-Wincompatible-pointer-types][33m[39m
[33m        celt_pitch_xcorr( target_ptr, target_ptr - MAX_LAG_4KHZ, xcorr32, SF_LENGTH_8KHZ, MAX_LAG_4KHZ - MIN_LAG_4KHZ + 1, arch );[33m[39m
[33m                                      ^~~~~~~~~~~~~~~~~~~~~~~~~[33m[39m
[33mD:/Walkie/HarmonyOS/entry/src/main/cpp/opus/celt/pitch.h:185:60: note: passing argument to parameter '_y' here[33m[39m
[33mcelt_pitch_xcorr_c(const opus_val16 *_x, const opus_val16 *_y,[33m[39m
[33m                                                           ^[33m[39m
[33mD:/Walkie/HarmonyOS/entry/src/main/cpp/opus/silk/fixed/pitch_analysis_core_FIX.c:200:66: warning: incompatible pointer types passing 'opus_int32[65]' (aka 'int[65]') to parameter of type 'opus_val32 *' (aka 'float *') [-Wincompatible-pointer-types][33m[39m
[33m        celt_pitch_xcorr( target_ptr, target_ptr - MAX_LAG_4KHZ, xcorr32, SF_LENGTH_8KHZ, MAX_LAG_4KHZ - MIN_LAG_4KHZ + 1, arch );[33m[39m
[33m                                                                 ^~~~~~~[33m[39m
[33mD:/Walkie/HarmonyOS/entry/src/main/cpp/opus/celt/pitch.h:186:19: note: passing argument to parameter 'xcorr' here[33m[39m
[33m      opus_val32 *xcorr, int len, int max_pitch, int arch);[33m[39m
[33m                  ^[33m[39m
[33mD:/Walkie/HarmonyOS/entry/src/main/cpp/opus/silk/fixed/pitch_analysis_core_FIX.c:616:27: warning: incompatible pointer types passing 'const opus_int16 *' (aka 'const short *') to parameter of type 'const opus_val16 *' (aka 'const float *') [-Wincompatible-pointer-types][33m[39m
[33m        celt_pitch_xcorr( target_ptr, target_ptr - start_lag - lag_high, xcorr32, sf_length, lag_high - lag_low + 1, arch );[33m[39m
[33m                          ^~~~~~~~~~[33m[39m
[33mD:/Walkie/HarmonyOS/entry/src/main/cpp/opus/celt/pitch.h:185:38: note: passing argument to parameter '_x' here[33m[39m
[33mcelt_pitch_xcorr_c(const opus_val16 *_x, const opus_val16 *_y,[33m[39m
[33m                                     ^[33m[39m
[33mD:/Walkie/HarmonyOS/entry/src/main/cpp/opus/silk/fixed/pitch_analysis_core_FIX.c:616:39: warning: incompatible pointer types passing 'const opus_int16 *' (aka 'const short *') to parameter of type 'const opus_val16 *' (aka 'const float *') [-Wincompatible-pointer-types][33m[39m
[33m        celt_pitch_xcorr( target_ptr, target_ptr - start_lag - lag_high, xcorr32, sf_length, lag_high - lag_low + 1, arch );[33m[39m
[33m                                      ^~~~~~~~~~~~~~~~~~~~~~~~~~~~~~~~~[33m[39m
[33mD:/Walkie/HarmonyOS/entry/src/main/cpp/opus/celt/pitch.h:185:60: note: passing argument to parameter '_y' here[33m[39m
[33mcelt_pitch_xcorr_c(const opus_val16 *_x, const opus_val16 *_y,[33m[39m
[33m                                                           ^[33m[39m
[33mD:/Walkie/HarmonyOS/entry/src/main/cpp/opus/silk/fixed/pitch_analysis_core_FIX.c:616:74: warning: incompatible pointer types passing 'opus_int32[22]' (aka 'int[22]') to parameter of type 'opus_val32 *' (aka 'float *') [-Wincompatible-pointer-types][33m[39m
[33m        celt_pitch_xcorr( target_ptr, target_ptr - start_lag - lag_high, xcorr32, sf_length, lag_high - lag_low + 1, arch );[33m[39m
[33m                                                                         ^~~~~~~[33m[39m
[33mD:/Walkie/HarmonyOS/entry/src/main/cpp/opus/celt/pitch.h:186:19: note: passing argument to parameter 'xcorr' here[33m[39m
[33m      opus_val32 *xcorr, int len, int max_pitch, int arch);[33m[39m
[33m                  ^[33m[39m
[33m6 warnings generated.[33m[39m
[33mclang: warning: argument unused during compilation: '--gcc-toolchain=G:/DevEco Studio/sdk/default/openharmony/native/llvm' [-Wunused-command-line-argument][33m[39m
[33mclang: warning: argument unused during compilation: '--gcc-toolchain=G:/DevEco Studio/sdk/default/openharmony/native/llvm' [-Wunused-command-line-argument][33m[39m
[33mclang: warning: argument unused during compilation: '--gcc-toolchain=G:/DevEco Studio/sdk/default/openharmony/native/llvm' [-Wunused-command-line-argument][33m[39m
[33mclang: warning: argument unused during compilation: '--gcc-toolchain=G:/DevEco Studio/sdk/default/openharmony/native/llvm' [-Wunused-command-line-argument][33m[39m
[33mclang: warning: argument unused during compilation: '--gcc-toolchain=G:/DevEco Studio/sdk/default/openharmony/native/llvm' [-Wunused-command-line-argument][33m[39m
[33mclang: warning: argument unused during compilation: '--gcc-toolchain=G:/DevEco Studio/sdk/default/openharmony/native/llvm' [-Wunused-command-line-argument][33m[39m
[33mclang: warning: argument unused during compilation: '--gcc-toolchain=G:/DevEco Studio/sdk/default/openharmony/native/llvm' [-Wunused-command-line-argument][33m[39m
[33mclang: warning: argument unused during compilation: '--gcc-toolchain=G:/DevEco Studio/sdk/default/openharmony/native/llvm' [-Wunused-command-line-argument][33m[39m
[33mclang: warning: argument unused during compilation: '--gcc-toolchain=G:/DevEco Studio/sdk/default/openharmony/native/llvm' [-Wunused-command-line-argument][33m[39m
[33mclang: warning: argument unused during compilation: '--gcc-toolchain=G:/DevEco Studio/sdk/default/openharmony/native/llvm' [-Wunused-command-line-argument][33m[39m
[33mclang: warning: argument unused during compilation: '--gcc-toolchain=G:/DevEco Studio/sdk/default/openharmony/native/llvm' [-Wunused-command-line-argument][33m[39m
[33mclang: warning: argument unused during compilation: '--gcc-toolchain=G:/DevEco Studio/sdk/default/openharmony/native/llvm' [-Wunused-command-line-argument][33m[39m
[33mclang: warning: argument unused during compilation: '--gcc-toolchain=G:/DevEco Studio/sdk/default/openharmony/native/llvm' [-Wunused-command-line-argument][33m[39m
[33mclang: warning: argument unused during compilation: '--gcc-toolchain=G:/DevEco Studio/sdk/default/openharmony/native/llvm' [-Wunused-command-line-argument][33m[39m
[33mclang: warning: argument unused during compilation: '--gcc-toolchain=G:/DevEco Studio/sdk/default/openharmony/native/llvm' [-Wunused-command-line-argument][33m[39m
[33mclang: warning: argument unused during compilation: '--gcc-toolchain=G:/DevEco Studio/sdk/default/openharmony/native/llvm' [-Wunused-command-line-argument][33m[39m
[33mclang: warning: argument unused during compilation: '--gcc-toolchain=G:/DevEco Studio/sdk/default/openharmony/native/llvm' [-Wunused-command-line-argument][33m[39m
[33mclang: warning: argument unused during compilation: '--gcc-toolchain=G:/DevEco Studio/sdk/default/openharmony/native/llvm' [-Wunused-command-line-argument][33m[39m
[33mclang: warning: argument unused during compilation: '--gcc-toolchain=G:/DevEco Studio/sdk/default/openharmony/native/llvm' [-Wunused-command-line-argument][33m[39m
[33mclang: warning: argument unused during compilation: '--gcc-toolchain=G:/DevEco Studio/sdk/default/openharmony/native/llvm' [-Wunused-command-line-argument][33m[39m
[33mclang: warning: argument unused during compilation: '--gcc-toolchain=G:/DevEco Studio/sdk/default/openharmony/native/llvm' [-Wunused-command-line-argument][33m[39m
[33mclang: warning: argument unused during compilation: '--gcc-toolchain=G:/DevEco Studio/sdk/default/openharmony/native/llvm' [-Wunused-command-line-argument][33m[39m
[33mclang: warning: argument unused during compilation: '--gcc-toolchain=G:/DevEco Studio/sdk/default/openharmony/native/llvm' [-Wunused-command-line-argument][33m[39m
[33mclang: warning: argument unused during compilation: '--gcc-toolchain=G:/DevEco Studio/sdk/default/openharmony/native/llvm' [-Wunused-command-line-argument][33m[39m
[33mclang: warning: argument unused during compilation: '--gcc-toolchain=G:/DevEco Studio/sdk/default/openharmony/native/llvm' [-Wunused-command-line-argument][33m[39m
[33mclang: warning: argument unused during compilation: '--gcc-toolchain=G:/DevEco Studio/sdk/default/openharmony/native/llvm' [-Wunused-command-line-argument][33m[39m
[33mclang: warning: argument unused during compilation: '--gcc-toolchain=G:/DevEco Studio/sdk/default/openharmony/native/llvm' [-Wunused-command-line-argument][33m[39m
[33mclang: warning: argument unused during compilation: '--gcc-toolchain=G:/DevEco Studio/sdk/default/openharmony/native/llvm' [-Wunused-command-line-argument][33m[39m
[33mclang: warning: argument unused during compilation: '--gcc-toolchain=G:/DevEco Studio/sdk/default/openharmony/native/llvm' [-Wunused-command-line-argument][33m[39m
[33mclang: warning: argument unused during compilation: '--gcc-toolchain=G:/DevEco Studio/sdk/default/openharmony/native/llvm' [-Wunused-command-line-argument][33m[39m
[33mclang: warning: argument unused during compilation: '--gcc-toolchain=G:/DevEco Studio/sdk/default/openharmony/native/llvm' [-Wunused-command-line-argument][33m[39m
[33mclang: warning: argument unused during compilation: '--gcc-toolchain=G:/DevEco Studio/sdk/default/openharmony/native/llvm' [-Wunused-command-line-argument][33m[39m
[33mclang: warning: argument unused during compilation: '--gcc-toolchain=G:/DevEco Studio/sdk/default/openharmony/native/llvm' [-Wunused-command-line-argument][33m[39m
[33mclang: warning: argument unused during compilation: '--gcc-toolchain=G:/DevEco Studio/sdk/default/openharmony/native/llvm' [-Wunused-command-line-argument][33m[39m
[33mclang: warning: argument unused during compilation: '--gcc-toolchain=G:/DevEco Studio/sdk/default/openharmony/native/llvm' [-Wunused-command-line-argument][33m[39m
[33mclang: warning: argument unused during compilation: '--gcc-toolchain=G:/DevEco Studio/sdk/default/openharmony/native/llvm' [-Wunused-command-line-argument][33m[39m
[33mclang: warning: argument unused during compilation: '--gcc-toolchain=G:/DevEco Studio/sdk/default/openharmony/native/llvm' [-Wunused-command-line-argument][33m[39m
[33mclang: warning: argument unused during compilation: '--gcc-toolchain=G:/DevEco Studio/sdk/default/openharmony/native/llvm' [-Wunused-command-line-argument][33m[39m
[33mclang: warning: argument unused during compilation: '--gcc-toolchain=G:/DevEco Studio/sdk/default/openharmony/native/llvm' [-Wunused-command-line-argument][33m[39m
[33mclang: warning: argument unused during compilation: '--gcc-toolchain=G:/DevEco Studio/sdk/default/openharmony/native/llvm' [-Wunused-command-line-argument][33m[39m
[33mclang: warning: argument unused during compilation: '--gcc-toolchain=G:/DevEco Studio/sdk/default/openharmony/native/llvm' [-Wunused-command-line-argument][33m[39m
[33mclang: warning: argument unused during compilation: '--gcc-toolchain=G:/DevEco Studio/sdk/default/openharmony/native/llvm' [-Wunused-command-line-argument][33m[39m
[33mclang: warning: argument unused during compilation: '--gcc-toolchain=G:/DevEco Studio/sdk/default/openharmony/native/llvm' [-Wunused-command-line-argument][33m[39m
[33mclang: warning: argument unused during compilation: '--gcc-toolchain=G:/DevEco Studio/sdk/default/openharmony/native/llvm' [-Wunused-command-line-argument][33m[39m
[33mclang: warning: argument unused during compilation: '--gcc-toolchain=G:/DevEco Studio/sdk/default/openharmony/native/llvm' [-Wunused-command-line-argument][33m[39m
[33mclang: warning: argument unused during compilation: '--gcc-toolchain=G:/DevEco Studio/sdk/default/openharmony/native/llvm' [-Wunused-command-line-argument][33m[39m
[33mclang: warning: argument unused during compilation: '--gcc-toolchain=G:/DevEco Studio/sdk/default/openharmony/native/llvm' [-Wunused-command-line-argument][33m[39m
[33mclang: warning: argument unused during compilation: '--gcc-toolchain=G:/DevEco Studio/sdk/default/openharmony/native/llvm' [-Wunused-command-line-argument][33m[39m
[33mclang: warning: argument unused during compilation: '--gcc-toolchain=G:/DevEco Studio/sdk/default/openharmony/native/llvm' [-Wunused-command-line-argument][33m[39m
[33mclang: warning: argument unused during compilation: '--gcc-toolchain=G:/DevEco Studio/sdk/default/openharmony/native/llvm' [-Wunused-command-line-argument][33m[39m
[33mclang: warning: argument unused during compilation: '--gcc-toolchain=G:/DevEco Studio/sdk/default/openharmony/native/llvm' [-Wunused-command-line-argument][33m[39m
[33mclang: warning: argument unused during compilation: '--gcc-toolchain=G:/DevEco Studio/sdk/default/openharmony/native/llvm' [-Wunused-command-line-argument][33m[39m
[33mclang: warning: argument unused during compilation: '--gcc-toolchain=G:/DevEco Studio/sdk/default/openharmony/native/llvm' [-Wunused-command-line-argument][33m[39m
[33mclang: warning: argument unused during compilation: '--gcc-toolchain=G:/DevEco Studio/sdk/default/openharmony/native/llvm' [-Wunused-command-line-argument][33m[39m
[33mclang: warning: argument unused during compilation: '--gcc-toolchain=G:/DevEco Studio/sdk/default/openharmony/native/llvm' [-Wunused-command-line-argument][33m[39m
[33mclang: warning: argument unused during compilation: '--gcc-toolchain=G:/DevEco Studio/sdk/default/openharmony/native/llvm' [-Wunused-command-line-argument][33m[39m
[33mclang: warning: argument unused during compilation: '--gcc-toolchain=G:/DevEco Studio/sdk/default/openharmony/native/llvm' [-Wunused-command-line-argument][33m[39m
[33mclang: warning: argument unused during compilation: '--gcc-toolchain=G:/DevEco Studio/sdk/default/openharmony/native/llvm' [-Wunused-command-line-argument][33m[39m
[33mclang: warning: argument unused during compilation: '--gcc-toolchain=G:/DevEco Studio/sdk/default/openharmony/native/llvm' [-Wunused-command-line-argument][33m[39m
[33mclang: warning: argument unused during compilation: '--gcc-toolchain=G:/DevEco Studio/sdk/default/openharmony/native/llvm' [-Wunused-command-line-argument][33m[39m
[33mclang: warning: argument unused during compilation: '--gcc-toolchain=G:/DevEco Studio/sdk/default/openharmony/native/llvm' [-Wunused-command-line-argument][33m[39m
[33mclang: warning: argument unused during compilation: '--gcc-toolchain=G:/DevEco Studio/sdk/default/openharmony/native/llvm' [-Wunused-command-line-argument][33m[39m
[33mclang: warning: argument unused during compilation: '--gcc-toolchain=G:/DevEco Studio/sdk/default/openharmony/native/llvm' [-Wunused-command-line-argument][33m[39m
[33mclang: warning: argument unused during compilation: '--gcc-toolchain=G:/DevEco Studio/sdk/default/openharmony/native/llvm' [-Wunused-command-line-argument][33m[39m
[33mclang: warning: argument unused during compilation: '--gcc-toolchain=G:/DevEco Studio/sdk/default/openharmony/native/llvm' [-Wunused-command-line-argument][33m[39m
[33mclang: warning: argument unused during compilation: '--gcc-toolchain=G:/DevEco Studio/sdk/default/openharmony/native/llvm' [-Wunused-command-line-argument][33m[39m
[33mclang: warning: argument unused during compilation: '--gcc-toolchain=G:/DevEco Studio/sdk/default/openharmony/native/llvm' [-Wunused-command-line-argument][33m[39m
[33mclang: warning: argument unused during compilation: '--gcc-toolchain=G:/DevEco Studio/sdk/default/openharmony/native/llvm' [-Wunused-command-line-argument][33m[39m
[33mclang: warning: argument unused during compilation: '--gcc-toolchain=G:/DevEco Studio/sdk/default/openharmony/native/llvm' [-Wunused-command-line-argument][33m[39m
[33mclang: warning: argument unused during compilation: '--gcc-toolchain=G:/DevEco Studio/sdk/default/openharmony/native/llvm' [-Wunused-command-line-argument][33m[39m
[33mclang: warning: argument unused during compilation: '--gcc-toolchain=G:/DevEco Studio/sdk/default/openharmony/native/llvm' [-Wunused-command-line-argument][33m[39m
[33mclang: warning: argument unused during compilation: '--gcc-toolchain=G:/DevEco Studio/sdk/default/openharmony/native/llvm' [-Wunused-command-line-argument][33m[39m
[33mclang: warning: argument unused during compilation: '--gcc-toolchain=G:/DevEco Studio/sdk/default/openharmony/native/llvm' [-Wunused-command-line-argument][33m[39m
[33mclang: warning: argument unused during compilation: '--gcc-toolchain=G:/DevEco Studio/sdk/default/openharmony/native/llvm' [-Wunused-command-line-argument][33m[39m
[33mclang: warning: argument unused during compilation: '--gcc-toolchain=G:/DevEco Studio/sdk/default/openharmony/native/llvm' [-Wunused-command-line-argument][33m[39m
[33mclang: warning: argument unused during compilation: '--gcc-toolchain=G:/DevEco Studio/sdk/default/openharmony/native/llvm' [-Wunused-command-line-argument][33m[39m
[33mclang: warning: argument unused during compilation: '--gcc-toolchain=G:/DevEco Studio/sdk/default/openharmony/native/llvm' [-Wunused-command-line-argument][33m[39m
[33mclang: warning: argument unused during compilation: '--gcc-toolchain=G:/DevEco Studio/sdk/default/openharmony/native/llvm' [-Wunused-command-line-argument][33m[39m
[33mclang: warning: argument unused during compilation: '--gcc-toolchain=G:/DevEco Studio/sdk/default/openharmony/native/llvm' [-Wunused-command-line-argument][33m[39m
[33mclang: warning: argument unused during compilation: '--gcc-toolchain=G:/DevEco Studio/sdk/default/openharmony/native/llvm' [-Wunused-command-line-argument][33m[39m
[33mclang: warning: argument unused during compilation: '--gcc-toolchain=G:/DevEco Studio/sdk/default/openharmony/native/llvm' [-Wunused-command-line-argument][33m[39m
[33mD:/Walkie/HarmonyOS/entry/src/main/cpp/opus/src/opus_decoder.c:38:10: warning: You appear to be compiling without optimization, if so opus will be very slow. [-W#pragma-messages][33m[39m
[33m# pragma message "You appear to be compiling without optimization, if so opus will be very slow."[33m[39m
[33m         ^[33m[39m
[33m1 warning generated.[33m[39m
[33mclang: warning: argument unused during compilation: '--gcc-toolchain=G:/DevEco Studio/sdk/default/openharmony/native/llvm' [-Wunused-command-line-argument][33m[39m
[33mclang: warning: argument unused during compilation: '--gcc-toolchain=G:/DevEco Studio/sdk/default/openharmony/native/llvm' [-Wunused-command-line-argument][33m[39m
[33mclang: warning: argument unused during compilation: '--gcc-toolchain=G:/DevEco Studio/sdk/default/openharmony/native/llvm' [-Wunused-command-line-argument][33m[39m
[33mclang: warning: argument unused during compilation: '--gcc-toolchain=G:/DevEco Studio/sdk/default/openharmony/native/llvm' [-Wunused-command-line-argument][33m[39m
[33mclang: warning: argument unused during compilation: '--gcc-toolchain=G:/DevEco Studio/sdk/default/openharmony/native/llvm' [-Wunused-command-line-argument][33m[39m
[33mclang: warning: argument unused during compilation: '--gcc-toolchain=G:/DevEco Studio/sdk/default/openharmony/native/llvm' [-Wunused-command-line-argument][33m[39m
[33mclang: warning: argument unused during compilation: '--gcc-toolchain=G:/DevEco Studio/sdk/default/openharmony/native/llvm' [-Wunused-command-line-argument][33m[39m
[33mclang: warning: argument unused during compilation: '--gcc-toolchain=G:/DevEco Studio/sdk/default/openharmony/native/llvm' [-Wunused-command-line-argument][33m[39m
[33mclang++: warning: argument unused during compilation: '--gcc-toolchain=G:/DevEco Studio/sdk/default/openharmony/native/llvm' [-Wunused-command-line-argument][33m[39m

[2026-09-01T14:24:25.339] [DEBUG] debug-file - worker[2] has one work done.
[2026-09-01T14:24:25.352] [DEBUG] debug-file - External build set its own library output location for libopus.a, which will be hard linked or copy to the expected location.
[2026-09-01T14:24:25.359] [DEBUG] debug-file - Link D:\Walkie\HarmonyOS\entry\.cxx\default\default\debug\arm64-v8a\libopus.a to D:\Walkie\HarmonyOS\entry\build\default\intermediates\cmake\default\obj\arm64-v8a\libopus.a successfully.
[2026-09-01T14:24:25.360] [DEBUG] debug-file - default@BuildNativeWithNinja work[353] done.
[2026-09-01T14:24:25.361] [INFO] debug-file - Finished :entry:default@BuildNativeWithNinja... after 11 s 98 ms 
[2026-09-01T14:24:25.362] [DEBUG] debug-file - Executing task :entry:default@ProcessLibs
[2026-09-01T14:24:25.376] [DEBUG] debug-file - Check content hash for D:\Walkie\HarmonyOS\entry\build\default\intermediates\cmake\default\obj\arm64-v8a\libwalkieopus.so
[2026-09-01T14:24:25.392] [DEBUG] debug-file - Check content hash for D:\Walkie\HarmonyOS\entry\build\default\intermediates\cmake\default\obj\arm64-v8a\libopus.a
[2026-09-01T14:24:25.405] [DEBUG] debug-file - Check content hash for D:\Walkie\HarmonyOS\entry\build\default\intermediates\cmake\default\obj\arm64-v8a\libc++_shared.so
[2026-09-01T14:24:25.411] [DEBUG] debug-file - Task 'entry:default@ProcessLibs' cost while wrapping incremental declarations: 1 ms 
[2026-09-01T14:24:25.413] [DEBUG] debug-file - entry:default@ProcessLibs is not up-to-date, since the output file 'D:\Walkie\HarmonyOS\entry\build\default\intermediates\libs\default' does not exist.
[2026-09-01T14:24:25.413] [DEBUG] debug-file - Incremental task entry:default@ProcessLibs pre-execution cost: 2 ms .
[2026-09-01T14:24:25.415] [DEBUG] debug-file - Worker dispatch failed, running processLibs on main thread.
[2026-09-01T14:24:25.418] [DEBUG] debug-file - Link D:\Walkie\HarmonyOS\entry\build\default\intermediates\cmake\default\obj\arm64-v8a\libwalkieopus.so to D:\Walkie\HarmonyOS\entry\build\default\intermediates\libs\default\arm64-v8a\libwalkieopus.so successfully.
[2026-09-01T14:24:25.421] [DEBUG] debug-file - Link D:\Walkie\HarmonyOS\entry\build\default\intermediates\cmake\default\obj\arm64-v8a\libc++_shared.so to D:\Walkie\HarmonyOS\entry\build\default\intermediates\libs\default\arm64-v8a\libc++_shared.so successfully.
[2026-09-01T14:24:25.421] [DEBUG] debug-file - entry : default@ProcessLibs cost memory 2.4387969970703125
[2026-09-01T14:24:25.421] [DEBUG] debug-file - runTaskFromQueue task cost before running: 14 s 985 ms 
[2026-09-01T14:24:25.422] [INFO] debug-file - Finished :entry:default@ProcessLibs... after 60 ms 
[2026-09-01T14:24:25.423] [DEBUG] debug-file - Executing task :entry:default@DoNativeStrip
[2026-09-01T14:24:25.423] [DEBUG] debug-file - File: 'D:\Walkie\HarmonyOS\entry\build\default\intermediates\binxo\default' from 'doBinxoNativeLibs' is not exists, just ignore.
[2026-09-01T14:24:25.424] [DEBUG] debug-file - Task 'entry:default@DoNativeStrip' cost while wrapping incremental declarations: 1 ms 
[2026-09-01T14:24:25.425] [DEBUG] debug-file - entry:default@DoNativeStrip is not up-to-date, since the input file 'D:\Walkie\HarmonyOS\entry\build\default\intermediates\libs\default' has been changed.
[2026-09-01T14:24:25.425] [DEBUG] debug-file - Incremental task entry:default@DoNativeStrip pre-execution cost: 2 ms .
[2026-09-01T14:24:25.428] [DEBUG] debug-file - default@DoNativeStrip work[356] is submitted.
[2026-09-01T14:24:25.428] [DEBUG] debug-file - default@DoNativeStrip work[356] is pushed to ready queue.
[2026-09-01T14:24:25.428] [DEBUG] debug-file - default@DoNativeStrip work[356] is not dispatched.
[2026-09-01T14:24:25.428] [DEBUG] debug-file - entry : default@DoNativeStrip cost memory 0.13047027587890625
[2026-09-01T14:24:25.461] [DEBUG] debug-file - default@DoNativeStrip work[356] has been dispatched to worker[2].
[2026-09-01T14:24:25.496] [DEBUG] debug-file - current process  memoryUsage: {
  rss: 502407168,
  heapTotal: 59891712,
  heapUsed: 55570968,
  external: 5242841,
  arrayBuffers: 37016
} os memoryUsage :8.298316955566406
[2026-09-01T14:24:25.507] [DEBUG] debug-file - current process  memoryUsage: {
  rss: 503205888,
  heapTotal: 60153856,
  heapUsed: 55699984,
  external: 5235201,
  arrayBuffers: 37016
} os memoryUsage :8.299327850341797
[2026-09-01T14:24:25.542] [DEBUG] debug-file - A work dispatched to worker[3] failed because unable to get work from ready queue.
[2026-09-01T14:24:25.542] [DEBUG] debug-file - A work dispatched to worker[2] failed because of worker busy.
[2026-09-01T14:24:25.542] [DEBUG] debug-file - A work dispatched to worker[1] failed because of worker busy.
[2026-09-01T14:24:25.542] [DEBUG] debug-file - A work dispatched to worker[0] failed because unable to get work from ready queue.
[2026-09-01T14:24:25.627] [DEBUG] debug-file - worker[2] has one work done.
[2026-09-01T14:24:25.627] [DEBUG] debug-file - default@DoNativeStrip work[356] done.
[2026-09-01T14:24:25.628] [INFO] debug-file - Finished :entry:default@DoNativeStrip... after 161 ms 
[2026-09-01T14:24:25.629] [DEBUG] debug-file - Executing task :entry:default@CacheNativeLibs
[2026-09-01T14:24:25.630] [DEBUG] debug-file - File: 'D:\Walkie\HarmonyOS\entry\build\default\intermediates\binxo\default' from 'cacheBinxoNativeLibs' is not exists, just ignore.
[2026-09-01T14:24:25.630] [DEBUG] debug-file - Task 'entry:default@CacheNativeLibs' cost while wrapping incremental declarations: 1 ms 
[2026-09-01T14:24:25.633] [DEBUG] debug-file - entry:default@CacheNativeLibs is not up-to-date, since the input file 'D:\Walkie\HarmonyOS\entry\build\default\intermediates\stripped_native_libs\default' has been changed.
[2026-09-01T14:24:25.633] [DEBUG] debug-file - Incremental task entry:default@CacheNativeLibs pre-execution cost: 3 ms .
[2026-09-01T14:24:25.633] [DEBUG] debug-file - default@CacheNativeLibs work[357] is submitted.
[2026-09-01T14:24:25.634] [DEBUG] debug-file - default@CacheNativeLibs work[357] is pushed to ready queue.
[2026-09-01T14:24:25.634] [DEBUG] debug-file - default@CacheNativeLibs work[357] is not dispatched.
[2026-09-01T14:24:25.634] [DEBUG] debug-file - entry : default@CacheNativeLibs cost memory 0.11305999755859375
[2026-09-01T14:24:25.842] [DEBUG] debug-file - default@CacheNativeLibs work[357] has been dispatched to worker[2].
[2026-09-01T14:24:25.860] [DEBUG] debug-file - worker[2] has one work done.
[2026-09-01T14:24:25.860] [DEBUG] debug-file - default@CacheNativeLibs work[357] done.
[2026-09-01T14:24:25.860] [DEBUG] debug-file - A work dispatched to worker[2] failed because unable to get work from ready queue.
[2026-09-01T14:24:25.860] [INFO] debug-file - Finished :entry:default@CacheNativeLibs... after 11 ms 
[2026-09-01T14:24:25.860] [DEBUG] debug-file - A work dispatched to worker[3] failed because unable to get work from ready queue.
[2026-09-01T14:24:25.860] [DEBUG] debug-file - A work dispatched to worker[2] failed because unable to get work from ready queue.
[2026-09-01T14:24:25.860] [DEBUG] debug-file - A work dispatched to worker[1] failed because of worker busy.
[2026-09-01T14:24:25.861] [DEBUG] debug-file - A work dispatched to worker[0] failed because unable to get work from ready queue.
[2026-09-01T14:24:32.245] [WARN] debug-file - [33mWARN: [33m[33mArkTS:WARN File: D:/Walkie/HarmonyOS/entry/src/main/ets/WalkieUdp.ets:248:15
 Function may throw exceptions. Special handling is required.
[39m[39m
[33mWARN: [33m[33mArkTS:WARN File: D:/Walkie/HarmonyOS/entry/src/main/ets/WalkieUdp.ets:289:15
 Function may throw exceptions. Special handling is required.
[39m[39m
[33mWARN: [33m[33mArkTS:WARN File: D:/Walkie/HarmonyOS/entry/src/main/ets/WalkieAudio.ets:241:11
 The system capacity of this api 'audio' is not supported on all devices
[39m[39m
[33mWARN: [33m[33mArkTS:WARN File: D:/Walkie/HarmonyOS/entry/src/main/ets/WalkieAudio.ets:244:11
 The system capacity of this api 'audio' is not supported on all devices
[39m[39m
[33mWARN: [33m[33mArkTS:WARN File: D:/Walkie/HarmonyOS/entry/src/main/ets/WalkieAudio.ets:247:11
 The system capacity of this api 'audio' is not supported on all devices
[39m[39m
[33mWARN: [33m[33mArkTS:WARN File: D:/Walkie/HarmonyOS/entry/src/main/ets/WalkieAudio.ets:250:11
 The system capacity of this api 'audio' is not supported on all devices
[39m[39m
[33mWARN: [33m[33mArkTS:WARN File: D:/Walkie/HarmonyOS/entry/src/main/ets/WalkieAudio.ets:256:11
 The system capacity of this api 'audio' is not supported on all devices
[39m[39m
[33mWARN: [33m[33mArkTS:WARN File: D:/Walkie/HarmonyOS/entry/src/main/ets/WalkieAudio.ets:275:15
 The system capacity of this api 'audio' is not supported on all devices
[39m[39m
[33mWARN: [33m[33mArkTS:WARN File: D:/Walkie/HarmonyOS/entry/src/main/ets/WalkieTone.ets:299:11
 The system capacity of this api 'audio' is not supported on all devices
[39m[39m
[33mWARN: [33m[33mArkTS:WARN File: D:/Walkie/HarmonyOS/entry/src/main/ets/WalkieTone.ets:302:11
 The system capacity of this api 'audio' is not supported on all devices
[39m[39m
[33mWARN: [33m[33mArkTS:WARN File: D:/Walkie/HarmonyOS/entry/src/main/ets/WalkieTone.ets:305:11
 The system capacity of this api 'audio' is not supported on all devices
[39m[39m
[33mWARN: [33m[33mArkTS:WARN File: D:/Walkie/HarmonyOS/entry/src/main/ets/WalkieTone.ets:308:11
 The system capacity of this api 'audio' is not supported on all devices
[39m[39m
[33mWARN: [33m[33mArkTS:WARN File: D:/Walkie/HarmonyOS/entry/src/main/ets/WalkieTone.ets:321:11
 The system capacity of this api 'audio' is not supported on all devices
[39m[39m
[33mWARN: [33m[33mArkTS:WARN File: D:/Walkie/HarmonyOS/entry/src/main/ets/WalkieTone.ets:327:11
 The system capacity of this api 'audio' is not supported on all devices
[39m[39m
[33mWARN: [33m[33mArkTS:WARN File: D:/Walkie/HarmonyOS/entry/src/main/ets/WalkieTone.ets:354:15
 The system capacity of this api 'audio' is not supported on all devices
[39m[39m
[33mWARN: [33m[33mArkTS:WARN File: D:/Walkie/HarmonyOS/entry/src/main/ets/WalkiePlayback.ets:178:9
 The system capacity of this api 'audio' is not supported on all devices
[39m[39m
[33mWARN: [33m[33mArkTS:WARN File: D:/Walkie/HarmonyOS/entry/src/main/ets/WalkiePlayback.ets:181:9
 The system capacity of this api 'audio' is not supported on all devices
[39m[39m
[33mWARN: [33m[33mArkTS:WARN File: D:/Walkie/HarmonyOS/entry/src/main/ets/WalkiePlayback.ets:184:9
 The system capacity of this api 'audio' is not supported on all devices
[39m[39m
[33mWARN: [33m[33mArkTS:WARN File: D:/Walkie/HarmonyOS/entry/src/main/ets/WalkiePlayback.ets:187:9
 The system capacity of this api 'audio' is not supported on all devices
[39m[39m
[33mWARN: [33m[33mArkTS:WARN File: D:/Walkie/HarmonyOS/entry/src/main/ets/WalkiePlayback.ets:194:9
 The system capacity of this api 'audio' is not supported on all devices
[39m[39m
[33mWARN: [33m[33mArkTS:WARN File: D:/Walkie/HarmonyOS/entry/src/main/ets/WalkiePlayback.ets:200:9
 The system capacity of this api 'audio' is not supported on all devices
[39m[39m
[33mWARN: [33m[33mArkTS:WARN File: D:/Walkie/HarmonyOS/entry/src/main/ets/WalkiePlayback.ets:215:15
 The system capacity of this api 'audio' is not supported on all devices
[39m[39m
[33mWARN: [33m[33mArkTS:WARN File: D:/Walkie/HarmonyOS/entry/src/main/ets/WalkieClient.ets:3401:10
 'decode' has been deprecated.
[39m[39m
[33mWARN: [33m[33mArkTS:WARN File: D:/Walkie/HarmonyOS/entry/src/main/ets/pages/Index.ets:452:10
 The 'fill' API is supported since SDK version 26.0.0. However, the current compatible SDK version is 6.1.1(24).
 It is recommended to use apiAvailable to safeguard API compatibility.
[39m[39m
[33mWARN: [33m[33mArkTS:WARN File: D:/Walkie/HarmonyOS/entry/src/main/ets/pages/Index.ets:495:12
 The 'fill' API is supported since SDK version 26.0.0. However, the current compatible SDK version is 6.1.1(24).
 It is recommended to use apiAvailable to safeguard API compatibility.
[39m[39m
[33mWARN: [33m[33mArkTS:WARN File: D:/Walkie/HarmonyOS/entry/src/main/ets/pages/Index.ets:720:12
 The 'fill' API is supported since SDK version 26.0.0. However, the current compatible SDK version is 6.1.1(24).
 It is recommended to use apiAvailable to safeguard API compatibility.
[39m[39m
[33mWARN: [33m[33mArkTS:WARN File: D:/Walkie/HarmonyOS/entry/src/main/ets/pages/Index.ets:900:10
 The 'fill' API is supported since SDK version 26.0.0. However, the current compatible SDK version is 6.1.1(24).
 It is recommended to use apiAvailable to safeguard API compatibility.
[39m[39m
[33mWARN: [33m[33mArkTS:WARN File: D:/Walkie/HarmonyOS/entry/src/main/ets/pages/Index.ets:1356:10
 The 'fill' API is supported since SDK version 26.0.0. However, the current compatible SDK version is 6.1.1(24).
 It is recommended to use apiAvailable to safeguard API compatibility.
[39m[39m
[33mWARN: [33m[33mArkTS:WARN File: D:/Walkie/HarmonyOS/entry/src/main/ets/pages/Index.ets:1647:16
 The 'fill' API is supported since SDK version 26.0.0. However, the current compatible SDK version is 6.1.1(24).
 It is recommended to use apiAvailable to safeguard API compatibility.
[39m[39m

[2026-09-01T14:24:32.246] [DEBUG] debug-file - Ark compile task finished.finished time is 22228507075900
[2026-09-01T14:24:32.247] [DEBUG] debug-file - worker[1] has one work done.
[2026-09-01T14:24:32.248] [DEBUG] debug-file - default@CompileArkTS work[354] done.
[2026-09-01T14:24:32.251] [INFO] debug-file - Finished :entry:default@CompileArkTS... after 7 s 670 ms 
[2026-09-01T14:24:32.252] [DEBUG] debug-file - Executing task :entry:default@GeneratePkgModuleJson
[2026-09-01T14:24:32.252] [DEBUG] debug-file - File: 'D:\Walkie\HarmonyOS\entry\build\default\intermediates\preload\default\preload.json' from 'preloadSoJsonPath' is not exists, just ignore.
[2026-09-01T14:24:32.252] [DEBUG] debug-file - Error occurs while handling @Input 'shouldDeduplicateHar': The "data" argument must be of type string or an instance of Buffer, TypedArray, or DataView. Received undefined
[2026-09-01T14:24:32.252] [DEBUG] debug-file - Task 'entry:default@GeneratePkgModuleJson' cost while wrapping incremental declarations: 1 ms 
[2026-09-01T14:24:32.253] [DEBUG] debug-file - entry:default@GeneratePkgModuleJson is not up-to-date, since the input file 'D:\Walkie\HarmonyOS\entry\build\default\intermediates\res\default\module.json' has been changed.
[2026-09-01T14:24:32.253] [DEBUG] debug-file - Incremental task entry:default@GeneratePkgModuleJson pre-execution cost: 1 ms .
[2026-09-01T14:24:32.255] [DEBUG] debug-file - entry : default@GeneratePkgModuleJson cost memory 0.15956878662109375
[2026-09-01T14:24:32.255] [DEBUG] debug-file - runTaskFromQueue task cost before running: 21 s 819 ms 
[2026-09-01T14:24:32.255] [INFO] debug-file - Finished :entry:default@GeneratePkgModuleJson... after 4 ms 
[2026-09-01T14:24:32.256] [DEBUG] debug-file - Executing task :entry:default@ProcessCompiledResources
[2026-09-01T14:24:32.256] [DEBUG] debug-file - File: 'D:\Walkie\HarmonyOS\entry\build\default\intermediates\preload\default\preload.json' from 'preloadSoJsonPath' is not exists, just ignore.
[2026-09-01T14:24:32.256] [DEBUG] debug-file - Task 'entry:default@ProcessCompiledResources' cost while wrapping incremental declarations: 1 ms 
[2026-09-01T14:24:32.257] [DEBUG] debug-file - entry : default@ProcessCompiledResources cost memory 0.048431396484375
[2026-09-01T14:24:32.257] [DEBUG] debug-file - runTaskFromQueue task cost before running: 21 s 821 ms 
[2026-09-01T14:24:32.257] [INFO] debug-file - Finished :entry:default@ProcessCompiledResources... after 1 ms 
[2026-09-01T14:24:32.258] [DEBUG] debug-file - Executing task :entry:default@PackageHap
[2026-09-01T14:24:32.264] [DEBUG] debug-file - entry:default@PackageHap is not up-to-date, since the input file 'D:\Walkie\HarmonyOS\entry\build\default\outputs\default\pack.info' has been changed.
[2026-09-01T14:24:32.264] [DEBUG] debug-file - Incremental task entry:default@PackageHap pre-execution cost: 3 ms .
[2026-09-01T14:24:32.264] [DEBUG] debug-file - Use tool [G:\DevEco Studio\sdk\default\openharmony\toolchains\lib\app_packing_tool.jar]
 [
  'java',
  '-Dfile.encoding=GBK',
  '-jar',
  'G:\\DevEco Studio\\sdk\\default\\openharmony\\toolchains\\lib\\app_packing_tool.jar',
  '--mode',
  'hap',
  '--force',
  'true',
  '--lib-path',
  'D:\\Walkie\\HarmonyOS\\entry\\build\\default\\intermediates\\stripped_native_libs\\default',
  '--json-path',
  'D:\\Walkie\\HarmonyOS\\entry\\build\\default\\intermediates\\package\\default\\module.json',
  '--resources-path',
  'D:\\Walkie\\HarmonyOS\\entry\\build\\default\\intermediates\\res\\default\\resources',
  '--index-path',
  'D:\\Walkie\\HarmonyOS\\entry\\build\\default\\intermediates\\res\\default\\resources.index',
  '--pack-info-path',
  'D:\\Walkie\\HarmonyOS\\entry\\build\\default\\outputs\\default\\pack.info',
  '--out-path',
  'D:\\Walkie\\HarmonyOS\\entry\\build\\default\\outputs\\default\\entry-default-unsigned.hap',
  '--ets-path',
  'D:\\Walkie\\HarmonyOS\\entry\\build\\default\\intermediates\\loader_out\\default\\ets',
  '--pkg-context-path',
  'D:\\Walkie\\HarmonyOS\\entry\\build\\default\\intermediates\\loader\\default\\pkgContextInfo.json'
]
[2026-09-01T14:24:32.265] [DEBUG] debug-file - default@PackageHap work[358] is submitted.
[2026-09-01T14:24:32.265] [DEBUG] debug-file - default@PackageHap work[358] is pushed to ready queue.
[2026-09-01T14:24:32.265] [DEBUG] debug-file - default@PackageHap work[358] is not dispatched.
[2026-09-01T14:24:32.269] [DEBUG] debug-file - entry : default@PackageHap cost memory 0.2087860107421875
[2026-09-01T14:24:32.348] [DEBUG] debug-file - default@PackageHap work[358] has been dispatched to worker[1].
[2026-09-01T14:24:32.351] [DEBUG] debug-file - current process  memoryUsage: {
  rss: 722526208,
  heapTotal: 340598784,
  heapUsed: 301098768,
  external: 11836624,
  arrayBuffers: 6654611
} os memoryUsage :8.497276306152344
[2026-09-01T14:24:32.379] [DEBUG] debug-file - A work dispatched to worker[3] failed because unable to get work from ready queue.
[2026-09-01T14:24:32.380] [DEBUG] debug-file - A work dispatched to worker[2] failed because unable to get work from ready queue.
[2026-09-01T14:24:32.380] [DEBUG] debug-file - A work dispatched to worker[1] failed because of worker busy.
[2026-09-01T14:24:32.380] [DEBUG] debug-file - A work dispatched to worker[0] failed because unable to get work from ready queue.
[2026-09-01T14:24:32.980] [DEBUG] debug-file - worker[1] has one work done.
[2026-09-01T14:24:32.981] [DEBUG] debug-file - default@PackageHap work[358] done.
[2026-09-01T14:24:32.981] [DEBUG] debug-file - A work dispatched to worker[1] failed because unable to get work from ready queue.
[2026-09-01T14:24:32.982] [INFO] debug-file - Finished :entry:default@PackageHap... after 643 ms 
[2026-09-01T14:24:32.983] [DEBUG] debug-file - Executing task :entry:default@PackingCheck
[2026-09-01T14:24:32.987] [DEBUG] debug-file - entry : default@PackingCheck cost memory 0.273284912109375
[2026-09-01T14:24:32.987] [DEBUG] debug-file - runTaskFromQueue task cost before running: 22 s 551 ms 
[2026-09-01T14:24:32.987] [INFO] debug-file - Finished :entry:default@PackingCheck... after 4 ms 
[2026-09-01T14:24:32.988] [DEBUG] debug-file - Executing task :entry:default@SignHap
[2026-09-01T14:24:32.990] [DEBUG] debug-file - entry:default@SignHap is not up-to-date, since the input file 'D:\Walkie\HarmonyOS\entry\build\default\outputs\default\entry-default-unsigned.hap' has been changed.
[2026-09-01T14:24:32.990] [DEBUG] debug-file - Incremental task entry:default@SignHap pre-execution cost: 2 ms .
[2026-09-01T14:24:33.036] [DEBUG] debug-file - java daemon socket received message:{"code":0,"message":"verify profile success"}
[2026-09-01T14:24:33.040] [DEBUG] debug-file - java daemon socket close code:1000 reason:close by user
[2026-09-01T14:24:33.205] [DEBUG] debug-file - java daemon socket received message:{"code":0,"message":"sign app success"}
[2026-09-01T14:24:33.205] [DEBUG] debug-file - entry : default@SignHap cost memory 0.40077972412109375
[2026-09-01T14:24:33.206] [DEBUG] debug-file - runTaskFromQueue task cost before running: 22 s 770 ms 
[2026-09-01T14:24:33.207] [INFO] debug-file - Finished :entry:default@SignHap... after 218 ms 
[2026-09-01T14:24:33.208] [DEBUG] debug-file - Executing task :entry:default@CollectDebugSymbol
[2026-09-01T14:24:33.209] [DEBUG] debug-file - entry : default@CollectDebugSymbol cost memory 0.06976318359375
[2026-09-01T14:24:33.209] [DEBUG] debug-file - runTaskFromQueue task cost before running: 22 s 773 ms 
[2026-09-01T14:24:33.209] [INFO] debug-file - Finished :entry:default@CollectDebugSymbol... after 2 ms 
[2026-09-01T14:24:33.209] [DEBUG] debug-file - Executing task :entry:assembleHap
[2026-09-01T14:24:33.209] [DEBUG] debug-file - entry : assembleHap cost memory 0.01331329345703125
[2026-09-01T14:24:33.209] [DEBUG] debug-file - runTaskFromQueue task cost before running: 22 s 774 ms 
[2026-09-01T14:24:33.210] [INFO] debug-file - Finished :entry:assembleHap... after 1 ms 
[2026-09-01T14:24:33.210] [INFO] debug-file - BUILD SUCCESSFUL in 22 s 774 ms 
[2026-09-01T14:24:33.210] [DEBUG] debug-file - There is no need to refresh cache, since the incremental task entry:default@PreBuild is up-to-date.
[2026-09-01T14:24:33.210] [DEBUG] debug-file - Update task entry:default@CreateModuleInfo output file:D:\Walkie\HarmonyOS\entry\build\default\generated\profile\default\ModuleInfo.ts cache.
[2026-09-01T14:24:33.211] [DEBUG] debug-file - Incremental task entry:default@CreateModuleInfo post-execution cost:1 ms .
[2026-09-01T14:24:33.211] [DEBUG] debug-file - Update task entry:default@GenerateMetadata input file:D:\Walkie\HarmonyOS\entry\src\main\module.json5 cache by regenerate.
[2026-09-01T14:24:33.211] [DEBUG] debug-file - Update task entry:default@GenerateMetadata output file:D:\Walkie\HarmonyOS\entry\build\default\intermediates\hap_metadata\default\output_metadata.json cache.
[2026-09-01T14:24:33.211] [DEBUG] debug-file - Incremental task entry:default@GenerateMetadata post-execution cost:1 ms .
[2026-09-01T14:24:33.212] [DEBUG] debug-file - Update task entry:default@MergeProfile input file:D:\Walkie\HarmonyOS\AppScope\app.json5 cache by regenerate.
[2026-09-01T14:24:33.212] [DEBUG] debug-file - Update task entry:default@MergeProfile input file:D:\Walkie\HarmonyOS\build-profile.json5 cache by regenerate.
[2026-09-01T14:24:33.212] [DEBUG] debug-file - Update task entry:default@MergeProfile input file:D:\Walkie\HarmonyOS\entry\src\main\module.json5 cache by regenerate.
[2026-09-01T14:24:33.212] [DEBUG] debug-file - Update task entry:default@MergeProfile output file:D:\Walkie\HarmonyOS\entry\build\default\intermediates\merge_profile\default\module.json cache.
[2026-09-01T14:24:33.213] [DEBUG] debug-file - Incremental task entry:default@MergeProfile post-execution cost:2 ms .
[2026-09-01T14:24:33.213] [DEBUG] debug-file - Update task entry:default@CreateBuildProfile input file:D:\Walkie\HarmonyOS\AppScope\app.json5 cache by regenerate.
[2026-09-01T14:24:33.213] [DEBUG] debug-file - Update task entry:default@CreateBuildProfile input file:D:\Walkie\HarmonyOS\build-profile.json5 cache by regenerate.
[2026-09-01T14:24:33.213] [DEBUG] debug-file - Update task entry:default@CreateBuildProfile output file:D:\Walkie\HarmonyOS\entry\build\default\generated\profile\default\BuildProfile.ets cache.
[2026-09-01T14:24:33.213] [DEBUG] debug-file - Incremental task entry:default@CreateBuildProfile post-execution cost:1 ms .
[2026-09-01T14:24:33.214] [DEBUG] debug-file - Update task entry:default@GeneratePkgSdkInfo output file:D:\Walkie\HarmonyOS\entry\build\default\intermediates\loader\default\pkgSdkInfo.json cache.
[2026-09-01T14:24:33.214] [DEBUG] debug-file - Incremental task entry:default@GeneratePkgSdkInfo post-execution cost:1 ms .
[2026-09-01T14:24:33.214] [DEBUG] debug-file - Update task entry:default@ProcessIntegratedHsp output file:D:\Walkie\HarmonyOS\build\cache\default\integrated_hsp\integratedHspCache.json cache.
[2026-09-01T14:24:33.214] [DEBUG] debug-file - Incremental task entry:default@ProcessIntegratedHsp post-execution cost:1 ms .
[2026-09-01T14:24:33.214] [DEBUG] debug-file - Update task entry:default@MakePackInfo input file:D:\Walkie\HarmonyOS\AppScope\app.json5 cache by regenerate.
[2026-09-01T14:24:33.215] [DEBUG] debug-file - Update task entry:default@MakePackInfo input file:D:\Walkie\HarmonyOS\entry\src\main\module.json5 cache by regenerate.
[2026-09-01T14:24:33.215] [DEBUG] debug-file - Update task entry:default@MakePackInfo input file:D:\Walkie\HarmonyOS\build-profile.json5 cache by regenerate.
[2026-09-01T14:24:33.215] [DEBUG] debug-file - Update task entry:default@MakePackInfo input file:D:\Walkie\HarmonyOS\entry\src\main\resources\base\profile\backup_config.json cache by regenerate.
[2026-09-01T14:24:33.216] [DEBUG] debug-file - Update task entry:default@MakePackInfo output file:D:\Walkie\HarmonyOS\entry\build\default\outputs\default\pack.info cache.
[2026-09-01T14:24:33.216] [DEBUG] debug-file - Incremental task entry:default@MakePackInfo post-execution cost:2 ms .
[2026-09-01T14:24:33.216] [DEBUG] debug-file - Update task entry:default@SyscapTransform input file:G:\DevEco Studio\sdk\default\openharmony\toolchains\syscap_tool.exe cache by regenerate.
[2026-09-01T14:24:33.216] [DEBUG] debug-file - Update task entry:default@SyscapTransform input file:G:\DevEco Studio\sdk\default\openharmony\ets\api\device-define cache by regenerate.
[2026-09-01T14:24:33.217] [DEBUG] debug-file - Update task entry:default@SyscapTransform output file:D:\Walkie\HarmonyOS\entry\build\default\intermediates\syscap\default\rpcid.sc cache.
[2026-09-01T14:24:33.217] [DEBUG] debug-file - Incremental task entry:default@SyscapTransform post-execution cost:2 ms .
[2026-09-01T14:24:33.217] [DEBUG] debug-file - Update task entry:default@GeneratePkgContextInfo output file:D:\Walkie\HarmonyOS\entry\build\default\intermediates\loader\default\pkgContextInfo.json cache.
[2026-09-01T14:24:33.218] [DEBUG] debug-file - Incremental task entry:default@GeneratePkgContextInfo post-execution cost:1 ms .
[2026-09-01T14:24:33.218] [DEBUG] debug-file - Update task entry:default@ProcessProfile input file:D:\Walkie\HarmonyOS\entry\build\default\intermediates\merge_profile\default\module.json cache from map.
[2026-09-01T14:24:33.218] [DEBUG] debug-file - Update task entry:default@ProcessProfile output file:D:\Walkie\HarmonyOS\entry\build\default\intermediates\process_profile\default\module.json cache.
[2026-09-01T14:24:33.218] [DEBUG] debug-file - Incremental task entry:default@ProcessProfile post-execution cost:1 ms .
[2026-09-01T14:24:33.218] [DEBUG] debug-file - Update task entry:default@ProcessRouterMap input file:D:\Walkie\HarmonyOS\entry\oh-package.json5 cache by regenerate.
[2026-09-01T14:24:33.219] [DEBUG] debug-file - Update task entry:default@ProcessRouterMap input file:D:\Walkie\HarmonyOS\oh-package.json5 cache by regenerate.
[2026-09-01T14:24:33.219] [DEBUG] debug-file - Update task entry:default@ProcessRouterMap input file:D:\Walkie\HarmonyOS\entry\src\main\module.json5 cache by regenerate.
[2026-09-01T14:24:33.219] [DEBUG] debug-file - Update task entry:default@ProcessRouterMap input file:D:\Walkie\HarmonyOS\entry\build\default\intermediates\loader\default\pkgContextInfo.json cache from map.
[2026-09-01T14:24:33.219] [DEBUG] debug-file - Update task entry:default@ProcessRouterMap output file:D:\Walkie\HarmonyOS\entry\build\default\intermediates\router_map\default\temp-router-map.json cache.
[2026-09-01T14:24:33.220] [DEBUG] debug-file - Update task entry:default@ProcessRouterMap output file:D:\Walkie\HarmonyOS\entry\build\default\intermediates\router_map\default\loader-router-map.json cache.
[2026-09-01T14:24:33.220] [DEBUG] debug-file - Incremental task entry:default@ProcessRouterMap post-execution cost:2 ms .
[2026-09-01T14:24:33.220] [DEBUG] debug-file - Update task entry:default@ProcessShareConfig input file:D:\Walkie\HarmonyOS\entry\oh-package.json5 cache by regenerate.
[2026-09-01T14:24:33.221] [DEBUG] debug-file - Update task entry:default@ProcessShareConfig input file:D:\Walkie\HarmonyOS\oh-package.json5 cache by regenerate.
[2026-09-01T14:24:33.221] [DEBUG] debug-file - Update task entry:default@ProcessShareConfig input file:D:\Walkie\HarmonyOS\entry\src\main\module.json5 cache by regenerate.
[2026-09-01T14:24:33.221] [DEBUG] debug-file - Update task entry:default@ProcessShareConfig input file:D:\Walkie\HarmonyOS\entry\build\default\intermediates\loader\default\pkgContextInfo.json cache from map.
[2026-09-01T14:24:33.221] [DEBUG] debug-file - Update task entry:default@ProcessShareConfig output file:D:\Walkie\HarmonyOS\entry\build\default\intermediates\share_config\default\temp-share-config.json cache.
[2026-09-01T14:24:33.222] [DEBUG] debug-file - Incremental task entry:default@ProcessShareConfig post-execution cost:2 ms .
[2026-09-01T14:24:33.222] [DEBUG] debug-file - Update task entry:default@ProcessStartupConfig input file:D:\Walkie\HarmonyOS\entry\build\default\intermediates\loader\default\pkgContextInfo.json cache from map.
[2026-09-01T14:24:33.222] [DEBUG] debug-file - Update task entry:default@ProcessStartupConfig output file:D:\Walkie\HarmonyOS\entry\build\default\intermediates\startup\default\startup_config.json cache.
[2026-09-01T14:24:33.222] [DEBUG] debug-file - Incremental task entry:default@ProcessStartupConfig post-execution cost:1 ms .
[2026-09-01T14:24:33.222] [DEBUG] debug-file - Update task entry:default@ProcessResource output file:D:\Walkie\HarmonyOS\entry\build\default\intermediates\res\default\resConfig.json cache.
[2026-09-01T14:24:33.222] [DEBUG] debug-file - Update task entry:default@ProcessResource output file:D:\Walkie\HarmonyOS\entry\build\default\intermediates\res\default\opt-compression.json cache.
[2026-09-01T14:24:33.223] [DEBUG] debug-file - Incremental task entry:default@ProcessResource post-execution cost:1 ms .
[2026-09-01T14:24:33.224] [DEBUG] debug-file - Update task entry:default@GenerateLoaderJson input file:D:\Walkie\HarmonyOS\entry\src\mock\mock-config.json5 cache by regenerate.
[2026-09-01T14:24:33.224] [DEBUG] debug-file - Update task entry:default@GenerateLoaderJson input file:D:\Walkie\HarmonyOS\entry\build\default\intermediates\loader\default\pkgContextInfo.json cache from map.
[2026-09-01T14:24:33.224] [DEBUG] debug-file - Update task entry:default@GenerateLoaderJson input file:D:\Walkie\HarmonyOS\entry\build\default\intermediates\router_map\default\temp-router-map.json cache by regenerate.
[2026-09-01T14:24:33.224] [DEBUG] debug-file - Update task entry:default@GenerateLoaderJson output file:D:\Walkie\HarmonyOS\entry\build\default\intermediates\loader\default\loader.json cache.
[2026-09-01T14:24:33.225] [DEBUG] debug-file - Incremental task entry:default@GenerateLoaderJson post-execution cost:2 ms .
[2026-09-01T14:24:33.225] [DEBUG] debug-file - Update task entry:default@CompileResource input file:D:\Walkie\HarmonyOS\entry\src\main\resources cache by regenerate.
[2026-09-01T14:24:33.230] [DEBUG] debug-file - Update task entry:default@CompileResource input file:D:\Walkie\HarmonyOS\AppScope\resources cache by regenerate.
[2026-09-01T14:24:33.232] [DEBUG] debug-file - Update task entry:default@CompileResource input file:D:\Walkie\HarmonyOS\entry\build\default\intermediates\process_profile\default\module.json cache from map.
[2026-09-01T14:24:33.232] [DEBUG] debug-file - Update task entry:default@CompileResource input file:D:\Walkie\HarmonyOS\entry\build\default\intermediates\res\default\resConfig.json cache by regenerate.
[2026-09-01T14:24:33.233] [DEBUG] debug-file - Update task entry:default@CompileResource output file:D:\Walkie\HarmonyOS\entry\build\default\intermediates\res\default cache.
[2026-09-01T14:24:33.239] [DEBUG] debug-file - Update task entry:default@CompileResource output file:D:\Walkie\HarmonyOS\entry\build\default\generated\r\default\ResourceTable.h cache.
[2026-09-01T14:24:33.240] [DEBUG] debug-file - Update task entry:default@CompileResource output file:D:\Walkie\HarmonyOS\entry\build\default\generated\r\default\ResourceTable.ts cache.
[2026-09-01T14:24:33.240] [DEBUG] debug-file - Update task entry:default@CompileResource output file:D:\Walkie\HarmonyOS\entry\build\default\generated\r\default cache.
[2026-09-01T14:24:33.241] [DEBUG] debug-file - Incremental task entry:default@CompileResource post-execution cost:16 ms .
[2026-09-01T14:24:33.242] [DEBUG] debug-file - Update task entry:default@CompileArkTS input file:D:\Walkie\HarmonyOS\entry\build\default\intermediates\loader\default cache from map.
[2026-09-01T14:24:33.243] [DEBUG] debug-file - Update task entry:default@CompileArkTS input file:D:\Walkie\HarmonyOS\entry\build\default\intermediates\res\default\resources\rawfile cache by regenerate.
[2026-09-01T14:24:33.243] [DEBUG] debug-file - Update task entry:default@CompileArkTS input file:D:\Walkie\HarmonyOS\entry\build\default\intermediates\res\default\ResourceTable.txt cache by regenerate.
[2026-09-01T14:24:33.243] [DEBUG] debug-file - Update task entry:default@CompileArkTS input file:D:\Walkie\HarmonyOS\entry\build\default\intermediates\res\default\ark_module.json cache by regenerate.
[2026-09-01T14:24:33.244] [DEBUG] debug-file - Update task entry:default@CompileArkTS input file:D:\Walkie\HarmonyOS\entry\build\default\intermediates\res\default\resources\base\profile cache by regenerate.
[2026-09-01T14:24:33.244] [DEBUG] debug-file - Update task entry:default@CompileArkTS input file:D:\Walkie\HarmonyOS\entry\src\main\ets cache by regenerate.
[2026-09-01T14:24:33.249] [DEBUG] debug-file - Update task entry:default@CompileArkTS input file:D:\Walkie\HarmonyOS\entry\build\default\intermediates\loader\default\pkgContextInfo.json cache by regenerate.
[2026-09-01T14:24:33.249] [DEBUG] debug-file - Update task entry:default@CompileArkTS input file:D:\Walkie\HarmonyOS\entry\build\default\generated\profile\default\BuildProfile.ets cache by regenerate.
[2026-09-01T14:24:33.250] [DEBUG] debug-file - Update task entry:default@CompileArkTS input file:D:\Walkie\HarmonyOS\entry\src\main\cpp\types cache by regenerate.
[2026-09-01T14:24:33.251] [DEBUG] debug-file - Update task entry:default@CompileArkTS input file:D:\Walkie\HarmonyOS\entry\src\mock\mock-config.json5 cache by regenerate.
[2026-09-01T14:24:33.251] [DEBUG] debug-file - Update task entry:default@CompileArkTS output file:D:\Walkie\HarmonyOS\entry\build\default\intermediates\loader_out\default\ets cache.
[2026-09-01T14:24:33.252] [DEBUG] debug-file - Incremental task entry:default@CompileArkTS post-execution cost:11 ms .
[2026-09-01T14:24:33.253] [DEBUG] debug-file - Update task entry:default@BuildJS input file:D:\Walkie\HarmonyOS\entry\build\default\intermediates\loader\default cache by regenerate.
[2026-09-01T14:24:33.254] [DEBUG] debug-file - Update task entry:default@BuildJS input file:D:\Walkie\HarmonyOS\entry\build\default\intermediates\res\default\resources\rawfile cache by regenerate.
[2026-09-01T14:24:33.254] [DEBUG] debug-file - Update task entry:default@BuildJS input file:D:\Walkie\HarmonyOS\entry\build\default\intermediates\res\default\ResourceTable.txt cache by regenerate.
[2026-09-01T14:24:33.255] [DEBUG] debug-file - Update task entry:default@BuildJS input file:D:\Walkie\HarmonyOS\entry\build\default\intermediates\res\default\ark_module.json cache by regenerate.
[2026-09-01T14:24:33.255] [DEBUG] debug-file - Update task entry:default@BuildJS input file:D:\Walkie\HarmonyOS\entry\build\default\intermediates\res\default\resources\base\profile cache by regenerate.
[2026-09-01T14:24:33.256] [DEBUG] debug-file - Update task entry:default@BuildJS input file:D:\Walkie\HarmonyOS\entry\build\default\intermediates\loader\default\pkgContextInfo.json cache by regenerate.
[2026-09-01T14:24:33.256] [DEBUG] debug-file - Update task entry:default@BuildJS output file:D:\Walkie\HarmonyOS\entry\build\default\intermediates\loader_out\default\js cache.
[2026-09-01T14:24:33.256] [DEBUG] debug-file - Incremental task entry:default@BuildJS post-execution cost:5 ms .
[2026-09-01T14:24:33.257] [DEBUG] debug-file - Update task entry:default@ProcessLibs input file:D:\Walkie\HarmonyOS\build-profile.json5 cache by regenerate.
[2026-09-01T14:24:33.257] [DEBUG] debug-file - Update task entry:default@ProcessLibs input file:D:\Walkie\HarmonyOS\entry\build-profile.json5 cache by regenerate.
[2026-09-01T14:24:33.257] [DEBUG] debug-file - Update task entry:default@ProcessLibs output file:D:\Walkie\HarmonyOS\entry\build\default\intermediates\libs\default cache.
[2026-09-01T14:24:33.259] [DEBUG] debug-file - Incremental task entry:default@ProcessLibs post-execution cost:3 ms .
[2026-09-01T14:24:33.259] [DEBUG] debug-file - Update task entry:default@DoNativeStrip input file:D:\Walkie\HarmonyOS\entry\build\default\intermediates\libs\default cache from map.
[2026-09-01T14:24:33.259] [DEBUG] debug-file - Update task entry:default@DoNativeStrip output file:D:\Walkie\HarmonyOS\entry\build\default\intermediates\stripped_native_libs\default cache.
[2026-09-01T14:24:33.260] [DEBUG] debug-file - Incremental task entry:default@DoNativeStrip post-execution cost:2 ms .
[2026-09-01T14:24:33.260] [DEBUG] debug-file - Update task entry:default@CacheNativeLibs input file:D:\Walkie\HarmonyOS\entry\build\default\intermediates\stripped_native_libs\default cache from map.
[2026-09-01T14:24:33.261] [DEBUG] debug-file - Update task entry:default@CacheNativeLibs input file:D:\Walkie\HarmonyOS\entry\build\default\intermediates\libs\default cache by regenerate.
[2026-09-01T14:24:33.262] [DEBUG] debug-file - Update task entry:default@CacheNativeLibs output file:D:\Walkie\HarmonyOS\entry\build\default\intermediates\patch\default\base_native_libs.json cache.
[2026-09-01T14:24:33.262] [DEBUG] debug-file - Update task entry:default@CacheNativeLibs output file:D:\Walkie\HarmonyOS\entry\build\default\intermediates\patch\default\binxo_native_libs.json cache.
[2026-09-01T14:24:33.263] [DEBUG] debug-file - Incremental task entry:default@CacheNativeLibs post-execution cost:3 ms .
[2026-09-01T14:24:33.263] [DEBUG] debug-file - Update task entry:default@GeneratePkgModuleJson input file:D:\Walkie\HarmonyOS\entry\build\default\intermediates\res\default\module.json cache from map.
[2026-09-01T14:24:33.263] [DEBUG] debug-file - Update task entry:default@GeneratePkgModuleJson output file:D:\Walkie\HarmonyOS\entry\build\default\intermediates\package\default\module.json cache.
[2026-09-01T14:24:33.263] [DEBUG] debug-file - Incremental task entry:default@GeneratePkgModuleJson post-execution cost:1 ms .
[2026-09-01T14:24:33.263] [DEBUG] debug-file - Incremental task entry:default@ProcessCompiledResources post-execution cost:1 ms .
[2026-09-01T14:24:33.264] [DEBUG] debug-file - Update task entry:default@PackageHap input file:D:\Walkie\HarmonyOS\entry\build\default\outputs\default\pack.info cache from map.
[2026-09-01T14:24:33.264] [DEBUG] debug-file - Update task entry:default@PackageHap input file:D:\Walkie\HarmonyOS\entry\build\default\intermediates\stripped_native_libs\default cache by regenerate.
[2026-09-01T14:24:33.265] [DEBUG] debug-file - Update task entry:default@PackageHap input file:D:\Walkie\HarmonyOS\entry\build\default\intermediates\res\default\module.json cache by regenerate.
[2026-09-01T14:24:33.266] [DEBUG] debug-file - Update task entry:default@PackageHap input file:D:\Walkie\HarmonyOS\entry\build\default\intermediates\res\default\resources cache by regenerate.
[2026-09-01T14:24:33.269] [DEBUG] debug-file - Update task entry:default@PackageHap input file:D:\Walkie\HarmonyOS\entry\build\default\intermediates\res\default\resources.index cache by regenerate.
[2026-09-01T14:24:33.269] [DEBUG] debug-file - Update task entry:default@PackageHap input file:D:\Walkie\HarmonyOS\entry\build\default\intermediates\loader_out\default\ets cache by regenerate.
[2026-09-01T14:24:33.270] [DEBUG] debug-file - Update task entry:default@PackageHap input file:D:\Walkie\HarmonyOS\entry\build\default\intermediates\loader\default\pkgContextInfo.json cache by regenerate.
[2026-09-01T14:24:33.270] [DEBUG] debug-file - Update task entry:default@PackageHap input file:D:\Walkie\HarmonyOS\entry\build\default\intermediates\package\default\module.json cache by regenerate.
[2026-09-01T14:24:33.270] [DEBUG] debug-file - Update task entry:default@PackageHap input file:D:\Walkie\HarmonyOS\entry\build\default\intermediates\loader_out\default\ets\sourceMaps.map cache by regenerate.
[2026-09-01T14:24:33.271] [DEBUG] debug-file - Update task entry:default@PackageHap input file:D:\Walkie\HarmonyOS\entry\build\default\generated\profile\default\BuildProfile.ets cache by regenerate.
[2026-09-01T14:24:33.271] [DEBUG] debug-file - Update task entry:default@PackageHap output file:D:\Walkie\HarmonyOS\entry\build\default\outputs\default\entry-default-unsigned.hap cache.
[2026-09-01T14:24:33.271] [DEBUG] debug-file - Update task entry:default@PackageHap output file:D:\Walkie\HarmonyOS\entry\build\default\intermediates\source_map\default\sourceMaps.map cache.
[2026-09-01T14:24:33.272] [DEBUG] debug-file - Update task entry:default@PackageHap output file:D:\Walkie\HarmonyOS\entry\build\default\outputs\default\mapping\sourceMaps.map cache.
[2026-09-01T14:24:33.272] [DEBUG] debug-file - Incremental task entry:default@PackageHap post-execution cost:9 ms .
[2026-09-01T14:24:33.272] [DEBUG] debug-file - Update task entry:default@SignHap input file:C:\Users\tb\.ohos\config\default_HarmonyOS_cqBYNafk3_phZ9F6rEdI_k71hUI1bFwG99ZIiTHW4hk=.cer cache by regenerate.
[2026-09-01T14:24:33.273] [DEBUG] debug-file - Update task entry:default@SignHap input file:C:\Users\tb\.ohos\config\default_HarmonyOS_cqBYNafk3_phZ9F6rEdI_k71hUI1bFwG99ZIiTHW4hk=.p7b cache by regenerate.
[2026-09-01T14:24:33.273] [DEBUG] debug-file - Update task entry:default@SignHap input file:C:\Users\tb\.ohos\config\default_HarmonyOS_cqBYNafk3_phZ9F6rEdI_k71hUI1bFwG99ZIiTHW4hk=.p12 cache by regenerate.
[2026-09-01T14:24:33.274] [DEBUG] debug-file - Update task entry:default@SignHap input file:D:\Walkie\HarmonyOS\entry\build\default\outputs\default\entry-default-unsigned.hap cache from map.
[2026-09-01T14:24:33.274] [DEBUG] debug-file - Update task entry:default@SignHap output file:D:\Walkie\HarmonyOS\entry\build\default\outputs\default\entry-default-signed.hap cache.
[2026-09-01T14:24:33.274] [DEBUG] debug-file - Incremental task entry:default@SignHap post-execution cost:3 ms .
[2026-09-01T14:24:33.275] [DEBUG] debug-file - Update task entry:default@CollectDebugSymbol input file:D:\Walkie\HarmonyOS\entry\build\default\intermediates\loader_out\default\ets\sourceMaps.map cache by regenerate.
[2026-09-01T14:24:33.275] [DEBUG] debug-file - Update task entry:default@CollectDebugSymbol input file:D:\Walkie\HarmonyOS\entry\build\default\intermediates\libs\default cache by regenerate.
[2026-09-01T14:24:33.276] [DEBUG] debug-file - Update task entry:default@CollectDebugSymbol output file:D:\Walkie\HarmonyOS\entry\build\default\outputs\default\symbol cache.
[2026-09-01T14:24:33.276] [DEBUG] debug-file - Incremental task entry:default@CollectDebugSymbol post-execution cost:3 ms .
[2026-09-01T14:24:33.329] [DEBUG] debug-file - hvigor build process will be closed.
[2026-09-01T14:24:33.329] [DEBUG] debug-file - java daemon socket close code:1000 reason:close by user
[2026-09-01T14:24:33.399] [DEBUG] debug-file - session manager: send message to worker process. WorkerThreadId: 0, data: {"type":"hvigor_failed","reason":"Server has disconnected."}
[2026-09-01T14:24:33.400] [DEBUG] debug-file - session manager: send message to worker process. WorkerThreadId: 0, data: {"type":"CloseWatch","reason":"Server has disconnected."}
[2026-09-01T14:24:33.400] [DEBUG] debug-file - watch worker: worker id should be larger than 0. Nothing will be sent to any worker thread.
[2026-09-01T14:24:33.400] [DEBUG] debug-file - ABORT_WORK sent to workers.
[2026-09-01T14:24:33.400] [DEBUG] debug-file - watch worker: worker id should be larger than 0. Nothing will be sent to any worker thread.
[2026-09-01T14:24:41.019] [DEBUG] debug-file - session manager: set active socket. socketId=-2u0l0WF3SrFV85-AAFb
[2026-09-01T14:24:41.059] [DEBUG] debug-file - watch worker: worker id should be larger than 0. Nothing will be sent to any worker thread.
[2026-09-01T14:24:41.064] [DEBUG] debug-file - Workers' log level updated to INFO
[2026-09-01T14:24:41.066] [DEBUG] debug-file - Hvigor init with startParameters:{
  hvigorfileTypeCheck: false,
  parallelExecution: true,
  incrementalExecution: true,
  printStackTrace: false,
  daemon: true,
  analyze: 0,
  logLevel: Level { level: 20000, levelStr: 'INFO', colour: 'green' },
  optimizationStrategy: 'memory',
  hotCompile: undefined,
  hotReloadBuild: undefined,
  customizedParam: undefined
}
[2026-09-01T14:24:41.071] [DEBUG] debug-file - Cache service initialization finished in 5 ms 
[2026-09-01T14:24:41.072] [DEBUG] debug-file - hvigorfile, resolving D:\Walkie\HarmonyOS\hvigorfile.ts
[2026-09-01T14:24:41.076] [DEBUG] debug-file - hvigorfile, require result:  { default: { plugins: [] } }
[2026-09-01T14:24:41.076] [DEBUG] debug-file - hvigorfile, binding system plugins null
[2026-09-01T14:24:41.076] [DEBUG] debug-file - Starting plugin build process
[2026-09-01T14:24:41.076] [DEBUG] debug-file - App plugin prepare start...
[2026-09-01T14:24:41.076] [DEBUG] debug-file - App plugin prepare end...
[2026-09-01T14:24:41.076] [DEBUG] debug-file - App plugin creating...
[2026-09-01T14:24:41.084] [DEBUG] debug-file - App plugin register hook start...
[2026-09-01T14:24:41.084] [DEBUG] debug-file - App plugin register hook end...
[2026-09-01T14:24:41.084] [DEBUG] debug-file - Plugin build process completed
[2026-09-01T14:24:41.084] [DEBUG] debug-file - Start initialize project's product build option map with build mode debug.
[2026-09-01T14:24:41.084] [DEBUG] debug-file - Picking option from product 'default' with build mode 'debug'.
[2026-09-01T14:24:41.084] [DEBUG] debug-file - Product 'default' build option initialized
[2026-09-01T14:24:41.085] [DEBUG] debug-file - End initialize project's product build option map with build mode 'debug'.
[2026-09-01T14:24:41.085] [DEBUG] debug-file - Obtain build option for product 'default'in this build.
[2026-09-01T14:24:41.086] [DEBUG] debug-file - D:\Walkie\HarmonyOS\build\cache\default\remote_hsp\remoteHspCache.json not exists.
[2026-09-01T14:24:41.087] [DEBUG] debug-file - Start recording SDK configuration permission data.
[2026-09-01T14:24:41.219] [DEBUG] debug-file - Sdk init in 133 ms 
[2026-09-01T14:24:41.224] [DEBUG] debug-file - Project task initialization takes 4 ms 
[2026-09-01T14:24:41.224] [DEBUG] debug-file - hvigorfile, begin to bind custom plugins...
[2026-09-01T14:24:41.224] [DEBUG] debug-file - hvigorfile, no custom plugins were found in D:\Walkie\HarmonyOS\hvigorfile.ts
[2026-09-01T14:24:41.224] [DEBUG] debug-file - hvigorfile, resolve finished D:\Walkie\HarmonyOS\hvigorfile.ts
[2026-09-01T14:24:41.224] [DEBUG] debug-file - hvigorfile, resolving D:\Walkie\HarmonyOS\entry\hvigorfile.ts
[2026-09-01T14:24:41.250] [DEBUG] debug-file - hvigorfile, require result:  { default: { plugins: [] } }
[2026-09-01T14:24:41.251] [DEBUG] debug-file - hvigorfile, binding system plugins null
[2026-09-01T14:24:41.251] [DEBUG] debug-file - Starting plugin build process
[2026-09-01T14:24:41.251] [DEBUG] debug-file - Hap plugin creating...
[2026-09-01T14:24:41.252] [DEBUG] debug-file - failed to load cangjie to dynamically generate schemas: Error: Cannot find module '@ohos/cangjie-build-support/index'
Require stack:
- G:\DevEco Studio\tools\hvigor\hvigor-ohos-plugin\src\plugin\hooks\cangjie-register.js
- G:\DevEco Studio\tools\hvigor\hvigor-ohos-plugin\src\plugin\strategy\stage-init-strategy.js
- G:\DevEco Studio\tools\hvigor\hvigor-ohos-plugin\src\plugin\builder\abstract-plugin-builder.js
- G:\DevEco Studio\tools\hvigor\hvigor-ohos-plugin\src\plugin\builder\app-plugin-builder.js
- G:\DevEco Studio\tools\hvigor\hvigor-ohos-plugin\src\plugin\factory\plugin-factory.js
- G:\DevEco Studio\tools\hvigor\hvigor-ohos-plugin\index.js
- D:\Walkie\HarmonyOS\hvigorfile.ts
- G:\DevEco Studio\tools\hvigor\hvigor\src\base\internal\lifecycle\configuration.js
- G:\DevEco Studio\tools\hvigor\hvigor\src\base\boot\index.js
- G:\DevEco Studio\tools\hvigor\hvigor\src\base\daemon\cluster\worker-process-lifecycle.js
- G:\DevEco Studio\tools\hvigor\hvigor\src\base\daemon\process\daemon-process-boot-script.js
[2026-09-01T14:24:41.255] [DEBUG] debug-file - Start initialize module-target build option map, moduleName=entry, buildMode=debug
[2026-09-01T14:24:41.256] [DEBUG] debug-file - Target 'default' config initialized
[2026-09-01T14:24:41.256] [DEBUG] debug-file - Module 'entry' target 'default' build option initialized
[2026-09-01T14:24:41.256] [DEBUG] debug-file - End initialize module-target build option map, moduleName=entry
[2026-09-01T14:24:41.256] [DEBUG] debug-file - Start initialize module-target build option map, moduleName=entry, buildMode=release
[2026-09-01T14:24:41.257] [DEBUG] debug-file - Target 'default' config initialized
[2026-09-01T14:24:41.257] [DEBUG] debug-file - Module 'entry' target 'default' build option initialized
[2026-09-01T14:24:41.258] [DEBUG] debug-file - End initialize module-target build option map, moduleName=entry
[2026-09-01T14:24:41.258] [DEBUG] debug-file - Start initialize module-target build option map, moduleName=entry, buildMode=debug
[2026-09-01T14:24:41.258] [DEBUG] debug-file - Target 'default' config initialized
[2026-09-01T14:24:41.259] [DEBUG] debug-file - Module 'entry' target 'default' build option initialized
[2026-09-01T14:24:41.260] [DEBUG] debug-file - End initialize module-target build option map, moduleName=entry
[2026-09-01T14:24:41.260] [DEBUG] debug-file - Obtain build option for module 'entry' target 'default'in this build.
[2026-09-01T14:24:41.263] [DEBUG] debug-file - Module entry task initialization takes 2 ms 
[2026-09-01T14:24:41.263] [DEBUG] debug-file - Hap plugin register hook start...
[2026-09-01T14:24:41.264] [DEBUG] debug-file - Hap plugin register hook end...
[2026-09-01T14:24:41.264] [DEBUG] debug-file - Plugin build process completed
[2026-09-01T14:24:41.264] [DEBUG] debug-file - hvigorfile, begin to bind custom plugins...
[2026-09-01T14:24:41.264] [DEBUG] debug-file - hvigorfile, no custom plugins were found in D:\Walkie\HarmonyOS\entry\hvigorfile.ts
[2026-09-01T14:24:41.264] [DEBUG] debug-file - hvigorfile, resolve finished D:\Walkie\HarmonyOS\entry\hvigorfile.ts
[2026-09-01T14:24:41.338] [DEBUG] debug-file - hvigorfile, resolve hvigorfile dependencies in 74 ms 
[2026-09-01T14:24:41.338] [DEBUG] debug-file - project has submodules:entry
[2026-09-01T14:24:41.340] [DEBUG] debug-file - start to load updatedOhPackageInfo to the disk
[2026-09-01T14:24:41.343] [DEBUG] debug-file - load to the disk finished
[2026-09-01T14:24:41.344] [DEBUG] debug-file - Start to initialize dependency information.
[2026-09-01T14:24:41.351] [DEBUG] debug-file - Module HarmonyOS Collected Dependency: 
[2026-09-01T14:24:41.351] [DEBUG] debug-file - Module HarmonyOS's total dependency: 0
[2026-09-01T14:24:41.351] [DEBUG] debug-file - Start to initialize dependency information.
[2026-09-01T14:24:41.359] [DEBUG] debug-file - Module entry Collected Dependency: D:\Walkie\HarmonyOS\entry\src\main\cpp\types\libwalkieopus
[2026-09-01T14:24:41.359] [DEBUG] debug-file - Module entry's total dependency: 1
[2026-09-01T14:24:41.360] [DEBUG] debug-file - Configuration phase cost:289 ms 
[2026-09-01T14:24:41.361] [DEBUG] debug-file - Configuration task cost before running: 297 ms 
[2026-09-01T14:24:41.365] [DEBUG] debug-file - Executing task :entry:default@PreBuild
[2026-09-01T14:24:41.368] [DEBUG] debug-file - Task 'entry:default@PreBuild' cost while wrapping incremental declarations: 1 ms 
[2026-09-01T14:24:41.381] [DEBUG] debug-file - entry:default@PreBuild is not up-to-date, since the task snapshots are different.
[2026-09-01T14:24:41.381] [DEBUG] debug-file - Incremental task entry:default@PreBuild pre-execution cost: 10 ms .
[2026-09-01T14:24:41.633] [DEBUG] debug-file - current product is not Atomic service.
[2026-09-01T14:24:41.634] [DEBUG] debug-file - Use tool [win32: JAVA_HOME, CLASSPATH]
 [ { JAVA_HOME: 'G:\\DevEco Studio\\jbr' }, { CLASSPATH: undefined } ]
[2026-09-01T14:24:41.634] [DEBUG] debug-file - Use tool [win32: NODE_HOME]
 [ { NODE_HOME: 'G:\\DevEco Studio\\tools\\node' } ]
[2026-09-01T14:24:41.635] [DEBUG] debug-file - entry : default@PreBuild cost memory 15.685821533203125
[2026-09-01T14:24:41.635] [DEBUG] debug-file - runTaskFromQueue task cost before running: 571 ms 
[2026-09-01T14:24:41.638] [INFO] debug-file - Finished :entry:default@PreBuild... after 270 ms 
[2026-09-01T14:24:41.639] [DEBUG] debug-file - Executing task :entry:default@CreateModuleInfo
[2026-09-01T14:24:41.639] [DEBUG] debug-file - Task 'entry:default@CreateModuleInfo' cost while wrapping incremental declarations: 1 ms 
[2026-09-01T14:24:41.640] [DEBUG] debug-file - entry : default@CreateModuleInfo cost memory 0.03667449951171875
[2026-09-01T14:24:41.640] [DEBUG] debug-file - runTaskFromQueue task cost before running: 576 ms 
[2026-09-01T14:24:41.640] [INFO] debug-file - Finished :entry:default@CreateModuleInfo... after 1 ms 
[2026-09-01T14:24:41.645] [DEBUG] debug-file - Executing task :entry:default@GenerateMetadata
[2026-09-01T14:24:41.646] [DEBUG] debug-file - Task 'entry:default@GenerateMetadata' cost while wrapping incremental declarations: 1 ms 
[2026-09-01T14:24:41.650] [DEBUG] debug-file - Incremental task entry:default@GenerateMetadata pre-execution cost: 4 ms .
[2026-09-01T14:24:41.650] [DEBUG] debug-file - entry : default@GenerateMetadata cost memory 0.08554840087890625
[2026-09-01T14:24:41.650] [INFO] debug-file - UP-TO-DATE :entry:default@GenerateMetadata...  
[2026-09-01T14:24:41.653] [DEBUG] debug-file - Executing task :entry:default@ConfigureCmake
[2026-09-01T14:24:41.700] [DEBUG] debug-file - entry : default@ConfigureCmake cost memory -22.006698608398438
[2026-09-01T14:24:41.700] [DEBUG] debug-file - runTaskFromQueue task cost before running: 636 ms 
[2026-09-01T14:24:41.702] [INFO] debug-file - Finished :entry:default@ConfigureCmake... after 48 ms 
[2026-09-01T14:24:41.704] [DEBUG] debug-file - Executing task :entry:default@MergeProfile
[2026-09-01T14:24:41.704] [DEBUG] debug-file - Task 'entry:default@MergeProfile' cost while wrapping incremental declarations: 1 ms 
[2026-09-01T14:24:41.706] [DEBUG] debug-file - Incremental task entry:default@MergeProfile pre-execution cost: 2 ms .
[2026-09-01T14:24:41.707] [DEBUG] debug-file - entry : default@MergeProfile cost memory 0.09600830078125
[2026-09-01T14:24:41.708] [INFO] debug-file - UP-TO-DATE :entry:default@MergeProfile...  
[2026-09-01T14:24:41.709] [DEBUG] debug-file - Executing task :entry:default@CreateBuildProfile
[2026-09-01T14:24:41.710] [DEBUG] debug-file - Task 'entry:default@CreateBuildProfile' cost while wrapping incremental declarations: 1 ms 
[2026-09-01T14:24:41.711] [DEBUG] debug-file - Incremental task entry:default@CreateBuildProfile pre-execution cost: 2 ms .
[2026-09-01T14:24:41.712] [DEBUG] debug-file - entry : default@CreateBuildProfile cost memory 0.0790863037109375
[2026-09-01T14:24:41.712] [INFO] debug-file - UP-TO-DATE :entry:default@CreateBuildProfile...  
[2026-09-01T14:24:41.713] [DEBUG] debug-file - Executing task :entry:default@PreCheckSyscap
[2026-09-01T14:24:41.713] [DEBUG] debug-file - entry : default@PreCheckSyscap cost memory 0.0138397216796875
[2026-09-01T14:24:41.713] [DEBUG] debug-file - runTaskFromQueue task cost before running: 649 ms 
[2026-09-01T14:24:41.713] [INFO] debug-file - Finished :entry:default@PreCheckSyscap... after 1 ms 
[2026-09-01T14:24:41.714] [DEBUG] debug-file - Executing task :entry:default@GeneratePkgSdkInfo
[2026-09-01T14:24:41.719] [DEBUG] debug-file - Task 'entry:default@GeneratePkgSdkInfo' cost while wrapping incremental declarations: 1 ms 
[2026-09-01T14:24:41.719] [DEBUG] debug-file - entry : default@GeneratePkgSdkInfo cost memory 0.1216888427734375
[2026-09-01T14:24:41.719] [DEBUG] debug-file - runTaskFromQueue task cost before running: 655 ms 
[2026-09-01T14:24:41.719] [INFO] debug-file - Finished :entry:default@GeneratePkgSdkInfo... after 5 ms 
[2026-09-01T14:24:41.724] [DEBUG] debug-file - Executing task :entry:default@ProcessIntegratedHsp
[2026-09-01T14:24:41.724] [DEBUG] debug-file - entry:default@ProcessIntegratedHsp is not up-to-date, since the output file 'D:\Walkie\HarmonyOS\build\cache\default\integrated_hsp\integratedHspCache.json' does not exist.
[2026-09-01T14:24:41.725] [DEBUG] debug-file - Incremental task entry:default@ProcessIntegratedHsp pre-execution cost: 1 ms .
[2026-09-01T14:24:41.725] [DEBUG] debug-file - entry : default@ProcessIntegratedHsp cost memory 0.04659271240234375
[2026-09-01T14:24:41.725] [DEBUG] debug-file - runTaskFromQueue task cost before running: 661 ms 
[2026-09-01T14:24:41.725] [INFO] debug-file - Finished :entry:default@ProcessIntegratedHsp... after 1 ms 
[2026-09-01T14:24:41.727] [DEBUG] debug-file - Executing task :entry:default@BuildNativeWithCmake
[2026-09-01T14:24:41.729] [DEBUG] debug-file - Use tool [Cmake]
 [
  'G:\\DevEco Studio\\sdk\\default\\openharmony\\native\\build-tools\\cmake\\bin\\cmake.exe',
  '-HD:\\Walkie\\HarmonyOS\\entry\\src\\main\\cpp',
  '-BD:\\Walkie\\HarmonyOS\\entry\\.cxx\\default\\default\\debug\\arm64-v8a',
  '-DOHOS_ARCH=arm64-v8a',
  '-DCMAKE_LIBRARY_OUTPUT_DIRECTORY=D:\\Walkie\\HarmonyOS\\entry\\build\\default\\intermediates\\cmake\\default\\obj\\arm64-v8a',
  '-DCMAKE_BUILD_TYPE=Debug',
  '-DOHOS_SDK_NATIVE=G:\\DevEco Studio\\sdk\\default\\openharmony\\native',
  '-DCMAKE_SYSTEM_NAME=OHOS',
  '-DCMAKE_OHOS_ARCH_ABI=arm64-v8a',
  '-DCMAKE_EXPORT_COMPILE_COMMANDS=ON',
  '-DCMAKE_TOOLCHAIN_FILE=G:\\DevEco Studio\\sdk\\default\\hms\\native\\build\\cmake\\hmos.toolchain.cmake',
  '-GNinja',
  '-DCMAKE_MAKE_PROGRAM=G:\\DevEco Studio\\sdk\\default\\openharmony\\native\\build-tools\\cmake\\bin\\ninja.exe',
  '-DCMAKE_FIND_ROOT_PATH=D:\\Walkie\\HarmonyOS\\entry\\.cxx\\default\\default\\debug\\hvigor\\arm64-v8a',
  '-DPACKAGE_FIND_FILE=D:\\Walkie\\HarmonyOS\\entry\\.cxx\\default\\default\\debug\\hvigor\\arm64-v8a\\summary.cmake',
  '--no-warn-unused-cli',
  '-DHMOS_SDK_NATIVE=G:\\DevEco Studio\\sdk\\default\\hms\\native'
]
[2026-09-01T14:24:41.744] [DEBUG] debug-file - CMake configuration was up-to-date
[2026-09-01T14:24:41.747] [DEBUG] debug-file - entry : default@BuildNativeWithCmake cost memory 0.18573760986328125
[2026-09-01T14:24:41.748] [DEBUG] debug-file - runTaskFromQueue task cost before running: 684 ms 
[2026-09-01T14:24:41.748] [INFO] debug-file - Finished :entry:default@BuildNativeWithCmake... after 22 ms 
[2026-09-01T14:24:41.749] [DEBUG] debug-file - Executing task :entry:default@MakePackInfo
[2026-09-01T14:24:41.753] [DEBUG] debug-file - Incremental task entry:default@MakePackInfo pre-execution cost: 3 ms .
[2026-09-01T14:24:41.753] [DEBUG] debug-file - entry : default@MakePackInfo cost memory 0.08705902099609375
[2026-09-01T14:24:41.754] [INFO] debug-file - UP-TO-DATE :entry:default@MakePackInfo...  
[2026-09-01T14:24:41.755] [DEBUG] debug-file - Executing task :entry:default@SyscapTransform
[2026-09-01T14:24:41.756] [DEBUG] debug-file - File: 'D:\Walkie\HarmonyOS\entry\src\main\syscap.json' from 'sysCapJsonPath' is not exists, just ignore.
[2026-09-01T14:24:41.756] [DEBUG] debug-file - Task 'entry:default@SyscapTransform' cost while wrapping incremental declarations: 1 ms 
[2026-09-01T14:24:41.757] [DEBUG] debug-file - entry:default@SyscapTransform is not up-to-date, since the output file 'D:\Walkie\HarmonyOS\entry\build\default\intermediates\syscap\default\rpcid.sc' does not exist.
[2026-09-01T14:24:41.757] [DEBUG] debug-file - Incremental task entry:default@SyscapTransform pre-execution cost: 2 ms .
[2026-09-01T14:24:41.757] [DEBUG] debug-file - entry : default@SyscapTransform cost memory 0.10253143310546875
[2026-09-01T14:24:41.757] [DEBUG] debug-file - runTaskFromQueue task cost before running: 694 ms 
[2026-09-01T14:24:41.758] [INFO] debug-file - Finished :entry:default@SyscapTransform... after 3 ms 
[2026-09-01T14:24:41.759] [DEBUG] debug-file - Executing task :entry:default@BuildNativeWithNinja
[2026-09-01T14:24:41.761] [DEBUG] debug-file - Use tool [Ninja]
 [
  'G:\\DevEco Studio\\sdk\\default\\openharmony\\native\\build-tools\\cmake\\bin\\ninja.exe',
  '-C',
  'D:\\Walkie\\HarmonyOS\\entry\\.cxx\\default\\default\\debug\\arm64-v8a'
]
[2026-09-01T14:24:41.761] [DEBUG] debug-file - default@BuildNativeWithNinja work[359] is submitted.
[2026-09-01T14:24:41.761] [DEBUG] debug-file - default@BuildNativeWithNinja work[359] is pushed to ready queue.
[2026-09-01T14:24:41.761] [DEBUG] debug-file - default@BuildNativeWithNinja work[359] is not dispatched.
[2026-09-01T14:24:41.771] [DEBUG] debug-file - OHOS_STL is c++_shared
[2026-09-01T14:24:41.771] [DEBUG] debug-file - Copy STL libc++_shared.so to D:\Walkie\HarmonyOS\entry\build\default\intermediates\cmake\default\obj\arm64-v8a due to OHOS_STL is 'c++_shared'
[2026-09-01T14:24:41.772] [DEBUG] debug-file - entry : default@BuildNativeWithNinja cost memory 1.7554779052734375
[2026-09-01T14:24:41.773] [DEBUG] debug-file - Executing task :entry:default@GeneratePkgContextInfo
[2026-09-01T14:24:41.791] [DEBUG] debug-file - Task 'entry:default@GeneratePkgContextInfo' cost while wrapping incremental declarations: 1 ms 
[2026-09-01T14:24:41.792] [DEBUG] debug-file - Incremental task entry:default@GeneratePkgContextInfo pre-execution cost: 1 ms .
[2026-09-01T14:24:41.792] [DEBUG] debug-file - entry : default@GeneratePkgContextInfo cost memory 1.9922409057617188
[2026-09-01T14:24:41.792] [INFO] debug-file - UP-TO-DATE :entry:default@GeneratePkgContextInfo...  
[2026-09-01T14:24:41.795] [DEBUG] debug-file - Executing task :entry:default@ProcessProfile
[2026-09-01T14:24:41.797] [DEBUG] debug-file - Task 'entry:default@ProcessProfile' cost while wrapping incremental declarations: 1 ms 
[2026-09-01T14:24:41.799] [DEBUG] debug-file - Incremental task entry:default@ProcessProfile pre-execution cost: 1 ms .
[2026-09-01T14:24:41.799] [DEBUG] debug-file - entry : default@ProcessProfile cost memory 0.12516021728515625
[2026-09-01T14:24:41.799] [INFO] debug-file - UP-TO-DATE :entry:default@ProcessProfile...  
[2026-09-01T14:24:41.800] [DEBUG] debug-file - Executing task :entry:default@ProcessRouterMap
[2026-09-01T14:24:41.804] [DEBUG] debug-file - Incremental task entry:default@ProcessRouterMap pre-execution cost: 3 ms .
[2026-09-01T14:24:41.804] [DEBUG] debug-file - entry : default@ProcessRouterMap cost memory 0.10402679443359375
[2026-09-01T14:24:41.805] [INFO] debug-file - UP-TO-DATE :entry:default@ProcessRouterMap...  
[2026-09-01T14:24:41.806] [DEBUG] debug-file - Executing task :entry:default@ProcessShareConfig
[2026-09-01T14:24:41.809] [DEBUG] debug-file - Incremental task entry:default@ProcessShareConfig pre-execution cost: 3 ms .
[2026-09-01T14:24:41.809] [DEBUG] debug-file - entry : default@ProcessShareConfig cost memory 0.09090423583984375
[2026-09-01T14:24:41.810] [INFO] debug-file - UP-TO-DATE :entry:default@ProcessShareConfig...  
[2026-09-01T14:24:41.810] [DEBUG] debug-file - Executing task :entry:default@ProcessStartupConfig
[2026-09-01T14:24:41.810] [DEBUG] debug-file - Task 'entry:default@ProcessStartupConfig' cost while wrapping incremental declarations: 1 ms 
[2026-09-01T14:24:41.812] [DEBUG] debug-file - entry:default@ProcessStartupConfig is not up-to-date, since the output file 'D:\Walkie\HarmonyOS\entry\build\default\intermediates\startup\default\startup_config.json' does not exist.
[2026-09-01T14:24:41.812] [DEBUG] debug-file - Incremental task entry:default@ProcessStartupConfig pre-execution cost: 1 ms .
[2026-09-01T14:24:41.812] [DEBUG] debug-file - entry : default@ProcessStartupConfig cost memory 0.11075592041015625
[2026-09-01T14:24:41.812] [DEBUG] debug-file - runTaskFromQueue task cost before running: 748 ms 
[2026-09-01T14:24:41.813] [INFO] debug-file - Finished :entry:default@ProcessStartupConfig... after 2 ms 
[2026-09-01T14:24:41.814] [DEBUG] debug-file - restool module names: entry; moduleName=entry, taskName=default@ProcessResource
[2026-09-01T14:24:41.815] [DEBUG] debug-file - Executing task :entry:default@ProcessResource
[2026-09-01T14:24:41.815] [DEBUG] debug-file - Task 'entry:default@ProcessResource' cost while wrapping incremental declarations: 1 ms 
[2026-09-01T14:24:41.816] [DEBUG] debug-file - Incremental task entry:default@ProcessResource pre-execution cost: 1 ms .
[2026-09-01T14:24:41.816] [DEBUG] debug-file - entry : default@ProcessResource cost memory 0.096221923828125
[2026-09-01T14:24:41.817] [INFO] debug-file - UP-TO-DATE :entry:default@ProcessResource...  
[2026-09-01T14:24:41.818] [DEBUG] debug-file - Executing task :entry:default@GenerateLoaderJson
[2026-09-01T14:24:41.819] [DEBUG] debug-file - Task 'entry:default@GenerateLoaderJson' cost while wrapping incremental declarations: 1 ms 
[2026-09-01T14:24:41.829] [DEBUG] debug-file - entry:default@GenerateLoaderJson is not up-to-date, since the task snapshots are different.
[2026-09-01T14:24:41.830] [DEBUG] debug-file - Incremental task entry:default@GenerateLoaderJson pre-execution cost: 7 ms .
[2026-09-01T14:24:41.832] [DEBUG] debug-file - entry : default@GenerateLoaderJson cost memory 0.4627838134765625
[2026-09-01T14:24:41.832] [DEBUG] debug-file - runTaskFromQueue task cost before running: 768 ms 
[2026-09-01T14:24:41.837] [INFO] debug-file - Finished :entry:default@GenerateLoaderJson... after 14 ms 
[2026-09-01T14:24:41.839] [DEBUG] debug-file - restool module names: entry; moduleName=entry, taskName=default@CompileResource
[2026-09-01T14:24:41.839] [DEBUG] debug-file - Executing task :entry:default@CompileResource
[2026-09-01T14:24:41.898] [DEBUG] debug-file - Incremental task entry:default@CompileResource pre-execution cost: 58 ms .
[2026-09-01T14:24:41.898] [DEBUG] debug-file - entry : default@CompileResource cost memory 0.4033050537109375
[2026-09-01T14:24:41.900] [INFO] debug-file - UP-TO-DATE :entry:default@CompileResource...  
[2026-09-01T14:24:41.903] [DEBUG] debug-file - Executing task :entry:default@CompileArkTS
[2026-09-01T14:24:41.903] [DEBUG] debug-file - obfuscationOptions: undefined
[2026-09-01T14:24:41.908] [DEBUG] debug-file - Task 'entry:default@CompileArkTS' cost while wrapping incremental declarations: 1 ms 
[2026-09-01T14:24:41.916] [DEBUG] debug-file - entry:default@CompileArkTS is not up-to-date, since the input file 'D:\Walkie\HarmonyOS\entry\build\default\intermediates\loader\default' has been changed.
[2026-09-01T14:24:41.916] [DEBUG] debug-file - Incremental task entry:default@CompileArkTS pre-execution cost: 6 ms .
[2026-09-01T14:24:41.930] [DEBUG] debug-file - build config:
[2026-09-01T14:24:41.931] [DEBUG] debug-file - {
  moduleType: 'entry',
  perf: 0,
  targetName: '.default',
  packageManagerType: 'ohpm',
  localPropertiesPath: 'D:\\Walkie\\HarmonyOS\\local.properties',
  isPreview: false,
  isOhosTest: false,
  isLocalTest: false,
  buildMode: 'Debug',
  hotReloadBuild: undefined,
  watchMode: 'false',
  aceProfilePath: 'D:\\Walkie\\HarmonyOS\\entry\\build\\default\\intermediates\\res\\default\\resources\\base\\profile',
  etsLoaderPath: 'G:\\DevEco Studio\\sdk\\default\\openharmony\\ets\\build-tools\\ets-loader',
  modulePath: 'D:\\Walkie\\HarmonyOS\\entry',
  testFrameworkPar: {
    testMode: undefined,
    coveragePathFilter: undefined,
    coverageMode: undefined
  },
  needCoverageInsert: false,
  debugLine: false,
  projectTopDir: 'D:\\Walkie\\HarmonyOS',
  compileSdkVersion: 26,
  compatibleSdkVersion: 24,
  originCompatibleSdkVersion: '6.1.1(24)',
  compatibleSdkVersionStage: undefined,
  bundleName: 'c***s',
  etsLoaderVersion: '26.0.0.105',
  etsLoaderReleaseType: 'Release',
  aotCompileMode: 'type',
  apPath: 'D:\\Walkie\\HarmonyOS\\entry\\modules.ap',
  entryModuleName: 'entry',
  entryModuleVersion: '1.0.0',
  entryPackageName: 'entry',
  allModuleNameHash: 'a8fd18c035955df3504313cc77096cc5eebe701cea4ff96683a97a1834bc7dac',
  externalApiPaths: [ 'G:\\DevEco Studio\\sdk\\default\\hms\\ets' ],
  compilerTypes: [],
  isCrossplatform: false,
  hvigorPluginFile: undefined,
  compilePluginPath: undefined,
  buildGeneratedProfilePath: 'D:\\Walkie\\HarmonyOS\\entry\\build\\default\\generated\\profile\\default',
  bundleType: 'app',
  arkTSVersion: undefined,
  apiVersion: 26,
  needCompleteSourcesMap: false,
  isFaMode: false,
  buildDir: 'D:\\Walkie\\HarmonyOS\\entry\\build',
  buildCacheProjectDir: 'D:\\Walkie\\HarmonyOS',
  deviceTypes: [ 'phone' ],
  pkgContextInfo: {
    'libwalkieopus.so': {
      packageName: 'libwalkieopus.so',
      bundleName: '*****',
      moduleName: '',
      version: '',
      entryPath: 'Index',
      isSO: true,
      dependencyAlias: ''
    },
    '@ohos/hypium': {
      packageName: '@ohos/hypium',
      bundleName: '*****',
      moduleName: '',
      version: '1.0.25',
      entryPath: 'index.js',
      isSO: false,
      dependencyAlias: ''
    },
    '@ohos/hamock': {
      packageName: '@ohos/hamock',
      bundleName: '*****',
      moduleName: '',
      version: '1.0.0',
      entryPath: 'index.ets',
      isSO: false,
      dependencyAlias: ''
    },
    entry: {
      packageName: 'entry',
      bundleName: '*****',
      moduleName: '',
      version: '',
      entryPath: 'src/main/',
      isSO: false,
      dependencyAlias: ''
    },
    'libopus.a': {
      packageName: 'libopus.a',
      bundleName: '*****',
      moduleName: '',
      version: '',
      entryPath: '',
      isSO: true,
      dependencyAlias: ''
    }
  },
  ohPackagePathMap: {},
  dependencyAliasMap: {},
  permission: {
    requestPermissions: [ [Object], [Object], [Object] ],
    definePermissions: undefined
  },
  useGetCurrentBundleName: false,
  projectArkOption: undefined,
  sourceMapDir: undefined,
  branchElimination: false,
  transformLib: undefined,
  tsImportSendable: false,
  resolveConflictMode: true,
  depName2RootPath: {},
  depName2DepInfo: {},
  depName2OhExports: {},
  rootPathSet: [ 'D:\\Walkie\\HarmonyOS' ],
  useNativeResolver: true,
  shouldEmitJs: true,
  useUnifiedAst: false,
  useTscResolve: false,
  singleFileEmit: false,
  userProjectConfig: {
    autoLazyImport: false,
    allowEmptyBundleName: false,
    reExportCheckMode: 'noCheck',
    executionMode: 'memory',
    usePathPlaceholder: false,
    writeRollupCache: true,
    isExpandImportEnabled: false,
    expandImportExclude: '',
    lazyImportExclude: '',
    lazyImportInclude: '',
    ignoreCrossplatformCheck: false,
    isHarDeduplicateEnabled: false,
    skipOhModulesLint: false,
    enableStrictCheckOHModule: false,
    disableSendableCheckRules: [],
    useDeclarationFileSignature: false,
    customizedOptions: undefined,
    integratedHsp: false,
    tsImportSoCheck: false,
    isPreloadSoEnabled: false
  },
  executionMode: 'memory',
  arkCompileCachePath: 'D:\\Walkie\\HarmonyOS\\entry\\build\\default\\cache\\default\\default@CompileArkTS\\esmodule',
  autoLazyFilter: undefined,
  isHarDeduplicateEnabled: false,
  intermediateHarDuplicateDirPath: 'D:\\Walkie\\HarmonyOS\\entry\\build\\default\\intermediates\\har_duplicate\\default',
  autoLazyImport: false,
  allowEmptyBundleName: false,
  reExportCheckMode: 'noCheck',
  usePathPlaceholder: false,
  writeRollupCache: true,
  isExpandImportEnabled: false,
  expandImportExclude: '',
  lazyImportExclude: '',
  lazyImportInclude: '',
  ignoreCrossplatformCheck: false,
  skipOhModulesLint: false,
  enableStrictCheckOHModule: false,
  disableSendableCheckRules: [],
  useDeclarationFileSignature: false,
  customizedOptions: undefined,
  integratedHsp: false,
  tsImportSoCheck: false,
  isPreloadSoEnabled: false,
  strictMode: {
    caseSensitiveCheck: true,
    useNormalizedOHMUrl: true,
    noExternalImportByPath: true
  },
  useNormalizedOHMUrl: true,
  caseSensitiveCheck: true,
  strictCheckerOnly: false,
  aceModuleJsonPath: 'D:\\Walkie\\HarmonyOS\\entry\\build\\default\\intermediates\\res\\default\\ark_module.json',
  appResource: 'D:\\Walkie\\HarmonyOS\\entry\\build\\default\\intermediates\\res\\default\\ResourceTable.txt',
  rawFileResource: 'D:\\Walkie\\HarmonyOS\\entry\\build\\default\\intermediates\\res\\default\\resources\\rawfile',
  resourceTableHash: 'fae0125d63a47f1b42603ade6089d7cdc79e91eb696362cc088354972df05f3d',
  runtimeOS: 'HarmonyOS',
  sdkInfo: 'false:26:26.0.0.105:Release',
  aceModuleRoot: 'D:\\Walkie\\HarmonyOS\\entry\\src\\main\\ets',
  compileMode: 'esmodule',
  aceSuperVisualPath: 'D:\\Walkie\\HarmonyOS\\entry\\src\\main\\supervisual',
  aceBuildJson: 'D:\\Walkie\\HarmonyOS\\entry\\build\\default\\intermediates\\loader\\default\\loader.json',
  cachePath: 'D:\\Walkie\\HarmonyOS\\entry\\build\\default\\cache\\default\\default@CompileArkTS\\esmodule\\debug',
  aceModuleBuild: 'D:\\Walkie\\HarmonyOS\\entry\\build\\default\\intermediates\\loader_out\\default\\ets',
  supportChunks: true,
  declaredFilesPath: undefined,
  shouldCollectDirectImportees: false,
  isByteCodeHarOptimize: false,
  expandImportPath: undefined,
  resourceTableTs: 'D:\\Walkie\\HarmonyOS\\entry\\build\\default\\generated\\r\\default\\ResourceTable.ts',
  moduleMetaInfoFiles: [
    {
      filePath: 'D:\\Walkie\\HarmonyOS\\entry\\build\\default\\generated\\r\\default\\ResourceTable.ts',
      ohmurl: '&entry/build/generated/r/ResourceTable&'
    }
  ],
  pkgNameToPkgBriefInfo: {
    entry: {
      pkgRoot: 'D:\\Walkie\\HarmonyOS\\entry',
      originalSourceRoots: undefined,
      sourceRoots: [Array],
      pkgName: 'entry'
    }
  },
  projectModel: {
    'D:\\Walkie\\HarmonyOS\\entry\\src\\main': {
      moduleName: 'entry',
      modulePkgPath: 'D:\\Walkie\\HarmonyOS\\entry',
      belongProjectPath: 'D:\\Walkie\\HarmonyOS'
    },
    'D:\\Walkie\\HarmonyOS\\entry': {
      moduleName: 'entry',
      modulePkgPath: 'D:\\Walkie\\HarmonyOS\\entry',
      belongProjectPath: 'D:\\Walkie\\HarmonyOS'
    },
    'D:\\Walkie\\HarmonyOS': {
      moduleName: 'HarmonyOS',
      modulePkgPath: 'D:\\Walkie\\HarmonyOS',
      belongProjectPath: 'D:\\Walkie\\HarmonyOS'
    }
  },
  pkgJsonFileHash: '31009a1b1f5fc6d0fc14fddbbb73cb6da7cef12b41ca288f873fad459761e3af',
  allModulePaths: [ 'D:\\Walkie\\HarmonyOS\\entry' ],
  routerMap: {},
  obfuscationOptions: undefined,
  byteCodeHarToDependencyKeys: undefined,
  compileBlockPkg: [],
  mockParams: {
    decorator: '@MockSetup',
    packageName: '@ohos/hamock',
    etsSourceRootPath: 'src/main/ets',
    mockConfigPath: 'D:\\Walkie\\HarmonyOS\\entry\\src\\mock\\mock-config.json5',
    mockConfigKey2ModuleInfo: {},
    source2ModuleIdMap: {}
  },
  copyCodeResourceEnable: true,
  copyCodeResourceExcludes: [],
  copyCodeResourceIncludes: undefined,
  uiTransformOptimization: false,
  sdkPath: 'G:/DevEco Studio/sdk',
  needPreloadSoFileSet: {},
  preloadSoFilePath: 'D:\\Walkie\\HarmonyOS\\entry\\build\\default\\intermediates\\preload\\default\\preload.json',
  useSourceHash: false,
  localModuleParamMap: {},
  otherPaths: {
    'entry/*': [
      '..\\*',
      '..\\..\\..\\build\\default\\generated\\profile\\default\\*'
    ]
  },
  collectImportersConfig: undefined
}
[2026-09-01T14:24:41.931] [DEBUG] debug-file - Compile arkts with external api path: G:\DevEco Studio\sdk\default\hms\ets
[2026-09-01T14:24:41.932] [DEBUG] debug-file - before submitting ArkTS compile task to worker pool, config.buildDir: D:\Walkie\HarmonyOS\entry\build
[2026-09-01T14:24:41.932] [DEBUG] debug-file - default@CompileArkTS work[360] is submitted.
[2026-09-01T14:24:41.932] [DEBUG] debug-file - default@CompileArkTS work[360] is pushed to ready queue.
[2026-09-01T14:24:41.932] [DEBUG] debug-file - default@CompileArkTS work[360] is not dispatched.
[2026-09-01T14:24:41.932] [DEBUG] debug-file - CopyResources startTime: 22238193140300
[2026-09-01T14:24:41.932] [DEBUG] debug-file - default@CompileArkTS work[361] is submitted.
[2026-09-01T14:24:41.932] [DEBUG] debug-file - default@CompileArkTS work[361] is pushed to ready queue.
[2026-09-01T14:24:41.932] [DEBUG] debug-file - default@CompileArkTS work[361] is not dispatched.
[2026-09-01T14:24:41.932] [DEBUG] debug-file - entry : default@CompileArkTS cost memory 1.0196075439453125
[2026-09-01T14:24:41.934] [DEBUG] debug-file - Executing task :entry:default@BuildJS
[2026-09-01T14:24:41.934] [DEBUG] debug-file - Task 'entry:default@BuildJS' cost while wrapping incremental declarations: 1 ms 
[2026-09-01T14:24:41.937] [DEBUG] debug-file - entry : default@BuildJS cost memory 0.121490478515625
[2026-09-01T14:24:41.937] [DEBUG] debug-file - runTaskFromQueue task cost before running: 873 ms 
[2026-09-01T14:24:41.937] [INFO] debug-file - Finished :entry:default@BuildJS... after 4 ms 
[2026-09-01T14:24:42.040] [DEBUG] debug-file - A work dispatched to worker[3] failed because unable to get work from ready queue.
[2026-09-01T14:24:42.040] [DEBUG] debug-file - default@BuildNativeWithNinja work[359] has been dispatched to worker[2].
[2026-09-01T14:24:42.100] [DEBUG] debug-file - ninja: Entering directory `D:\Walkie\HarmonyOS\entry\.cxx\default\default\debug\arm64-v8a'
ninja: no work to do.

[2026-09-01T14:24:42.105] [DEBUG] debug-file - worker[2] has one work done.
[2026-09-01T14:24:42.116] [DEBUG] debug-file - default@BuildNativeWithNinja work[359] done.
[2026-09-01T14:24:42.116] [DEBUG] debug-file - default@CompileArkTS work[361] has been dispatched to worker[2].
[2026-09-01T14:24:42.117] [INFO] debug-file - Finished :entry:default@BuildNativeWithNinja... after 78 ms 
[2026-09-01T14:24:42.118] [DEBUG] debug-file - Executing task :entry:default@ProcessLibs
[2026-09-01T14:24:42.129] [DEBUG] debug-file - Check content hash for D:\Walkie\HarmonyOS\entry\build\default\intermediates\cmake\default\obj\arm64-v8a\libwalkieopus.so
[2026-09-01T14:24:42.129] [DEBUG] debug-file - worker[2] has one work done.
[2026-09-01T14:24:42.129] [DEBUG] debug-file - CopyResources is end, endTime: 22238390558400
[2026-09-01T14:24:42.129] [DEBUG] debug-file - default@CompileArkTS work[361] done.
[2026-09-01T14:24:42.129] [DEBUG] debug-file - A work dispatched to worker[2] failed because unable to get work from ready queue.
[2026-09-01T14:24:42.136] [DEBUG] debug-file - Check content hash for D:\Walkie\HarmonyOS\entry\build\default\intermediates\cmake\default\obj\arm64-v8a\libopus.a
[2026-09-01T14:24:42.140] [DEBUG] debug-file - A work dispatched to worker[3] failed because unable to get work from ready queue.
[2026-09-01T14:24:42.140] [DEBUG] debug-file - A work dispatched to worker[2] failed because unable to get work from ready queue.
[2026-09-01T14:24:42.140] [DEBUG] debug-file - default@CompileArkTS work[360] has been dispatched to worker[1].
[2026-09-01T14:24:42.140] [DEBUG] debug-file - A work dispatched to worker[3] failed because unable to get work from ready queue.
[2026-09-01T14:24:42.140] [DEBUG] debug-file - A work dispatched to worker[2] failed because unable to get work from ready queue.
[2026-09-01T14:24:42.140] [DEBUG] debug-file - A work dispatched to worker[1] failed because of worker busy.
[2026-09-01T14:24:42.140] [DEBUG] debug-file - A work dispatched to worker[0] failed because unable to get work from ready queue.
[2026-09-01T14:24:42.149] [DEBUG] debug-file - Check content hash for D:\Walkie\HarmonyOS\entry\build\default\intermediates\cmake\default\obj\arm64-v8a\libc++_shared.so
[2026-09-01T14:24:42.155] [DEBUG] debug-file - Task 'entry:default@ProcessLibs' cost while wrapping incremental declarations: 1 ms 
[2026-09-01T14:24:42.159] [DEBUG] debug-file - Incremental task entry:default@ProcessLibs pre-execution cost: 3 ms .
[2026-09-01T14:24:42.159] [DEBUG] debug-file - entry : default@ProcessLibs cost memory -9.042739868164062
[2026-09-01T14:24:42.159] [INFO] debug-file - UP-TO-DATE :entry:default@ProcessLibs...  
[2026-09-01T14:24:42.160] [DEBUG] debug-file - Executing task :entry:default@DoNativeStrip
[2026-09-01T14:24:42.160] [DEBUG] debug-file - File: 'D:\Walkie\HarmonyOS\entry\build\default\intermediates\binxo\default' from 'doBinxoNativeLibs' is not exists, just ignore.
[2026-09-01T14:24:42.160] [DEBUG] debug-file - Task 'entry:default@DoNativeStrip' cost while wrapping incremental declarations: 1 ms 
[2026-09-01T14:24:42.163] [DEBUG] debug-file - Incremental task entry:default@DoNativeStrip pre-execution cost: 3 ms .
[2026-09-01T14:24:42.163] [DEBUG] debug-file - entry : default@DoNativeStrip cost memory 0.1028594970703125
[2026-09-01T14:24:42.163] [INFO] debug-file - UP-TO-DATE :entry:default@DoNativeStrip...  
[2026-09-01T14:24:42.164] [DEBUG] debug-file - Executing task :entry:default@CacheNativeLibs
[2026-09-01T14:24:42.164] [DEBUG] debug-file - File: 'D:\Walkie\HarmonyOS\entry\build\default\intermediates\binxo\default' from 'cacheBinxoNativeLibs' is not exists, just ignore.
[2026-09-01T14:24:42.164] [DEBUG] debug-file - Task 'entry:default@CacheNativeLibs' cost while wrapping incremental declarations: 1 ms 
[2026-09-01T14:24:42.169] [DEBUG] debug-file - Incremental task entry:default@CacheNativeLibs pre-execution cost: 4 ms .
[2026-09-01T14:24:42.169] [DEBUG] debug-file - entry : default@CacheNativeLibs cost memory 0.11266326904296875
[2026-09-01T14:24:42.169] [INFO] debug-file - UP-TO-DATE :entry:default@CacheNativeLibs...  
[2026-09-01T14:24:43.389] [WARN] debug-file - [33mWARN: [33m[33mArkTS:WARN File: D:/Walkie/HarmonyOS/entry/src/main/ets/WalkieUdp.ets:248:15
 Function may throw exceptions. Special handling is required.
[39m[39m
[33mWARN: [33m[33mArkTS:WARN File: D:/Walkie/HarmonyOS/entry/src/main/ets/WalkieUdp.ets:289:15
 Function may throw exceptions. Special handling is required.
[39m[39m
[33mWARN: [33m[33mArkTS:WARN File: D:/Walkie/HarmonyOS/entry/src/main/ets/WalkieAudio.ets:241:11
 The system capacity of this api 'audio' is not supported on all devices
[39m[39m
[33mWARN: [33m[33mArkTS:WARN File: D:/Walkie/HarmonyOS/entry/src/main/ets/WalkieAudio.ets:244:11
 The system capacity of this api 'audio' is not supported on all devices
[39m[39m
[33mWARN: [33m[33mArkTS:WARN File: D:/Walkie/HarmonyOS/entry/src/main/ets/WalkieAudio.ets:247:11
 The system capacity of this api 'audio' is not supported on all devices
[39m[39m
[33mWARN: [33m[33mArkTS:WARN File: D:/Walkie/HarmonyOS/entry/src/main/ets/WalkieAudio.ets:250:11
 The system capacity of this api 'audio' is not supported on all devices
[39m[39m
[33mWARN: [33m[33mArkTS:WARN File: D:/Walkie/HarmonyOS/entry/src/main/ets/WalkieAudio.ets:256:11
 The system capacity of this api 'audio' is not supported on all devices
[39m[39m
[33mWARN: [33m[33mArkTS:WARN File: D:/Walkie/HarmonyOS/entry/src/main/ets/WalkieAudio.ets:275:15
 The system capacity of this api 'audio' is not supported on all devices
[39m[39m
[33mWARN: [33m[33mArkTS:WARN File: D:/Walkie/HarmonyOS/entry/src/main/ets/WalkieTone.ets:299:11
 The system capacity of this api 'audio' is not supported on all devices
[39m[39m
[33mWARN: [33m[33mArkTS:WARN File: D:/Walkie/HarmonyOS/entry/src/main/ets/WalkieTone.ets:302:11
 The system capacity of this api 'audio' is not supported on all devices
[39m[39m
[33mWARN: [33m[33mArkTS:WARN File: D:/Walkie/HarmonyOS/entry/src/main/ets/WalkieTone.ets:305:11
 The system capacity of this api 'audio' is not supported on all devices
[39m[39m
[33mWARN: [33m[33mArkTS:WARN File: D:/Walkie/HarmonyOS/entry/src/main/ets/WalkieTone.ets:308:11
 The system capacity of this api 'audio' is not supported on all devices
[39m[39m
[33mWARN: [33m[33mArkTS:WARN File: D:/Walkie/HarmonyOS/entry/src/main/ets/WalkieTone.ets:321:11
 The system capacity of this api 'audio' is not supported on all devices
[39m[39m
[33mWARN: [33m[33mArkTS:WARN File: D:/Walkie/HarmonyOS/entry/src/main/ets/WalkieTone.ets:327:11
 The system capacity of this api 'audio' is not supported on all devices
[39m[39m
[33mWARN: [33m[33mArkTS:WARN File: D:/Walkie/HarmonyOS/entry/src/main/ets/WalkieTone.ets:354:15
 The system capacity of this api 'audio' is not supported on all devices
[39m[39m
[33mWARN: [33m[33mArkTS:WARN File: D:/Walkie/HarmonyOS/entry/src/main/ets/WalkiePlayback.ets:178:9
 The system capacity of this api 'audio' is not supported on all devices
[39m[39m
[33mWARN: [33m[33mArkTS:WARN File: D:/Walkie/HarmonyOS/entry/src/main/ets/WalkiePlayback.ets:181:9
 The system capacity of this api 'audio' is not supported on all devices
[39m[39m
[33mWARN: [33m[33mArkTS:WARN File: D:/Walkie/HarmonyOS/entry/src/main/ets/WalkiePlayback.ets:184:9
 The system capacity of this api 'audio' is not supported on all devices
[39m[39m
[33mWARN: [33m[33mArkTS:WARN File: D:/Walkie/HarmonyOS/entry/src/main/ets/WalkiePlayback.ets:187:9
 The system capacity of this api 'audio' is not supported on all devices
[39m[39m
[33mWARN: [33m[33mArkTS:WARN File: D:/Walkie/HarmonyOS/entry/src/main/ets/WalkiePlayback.ets:194:9
 The system capacity of this api 'audio' is not supported on all devices
[39m[39m
[33mWARN: [33m[33mArkTS:WARN File: D:/Walkie/HarmonyOS/entry/src/main/ets/WalkiePlayback.ets:200:9
 The system capacity of this api 'audio' is not supported on all devices
[39m[39m
[33mWARN: [33m[33mArkTS:WARN File: D:/Walkie/HarmonyOS/entry/src/main/ets/WalkiePlayback.ets:215:15
 The system capacity of this api 'audio' is not supported on all devices
[39m[39m
[33mWARN: [33m[33mArkTS:WARN File: D:/Walkie/HarmonyOS/entry/src/main/ets/WalkieClient.ets:3401:10
 'decode' has been deprecated.
[39m[39m
[33mWARN: [33m[33mArkTS:WARN File: D:/Walkie/HarmonyOS/entry/src/main/ets/pages/Index.ets:452:10
 The 'fill' API is supported since SDK version 26.0.0. However, the current compatible SDK version is 6.1.1(24).
 It is recommended to use apiAvailable to safeguard API compatibility.
[39m[39m
[33mWARN: [33m[33mArkTS:WARN File: D:/Walkie/HarmonyOS/entry/src/main/ets/pages/Index.ets:495:12
 The 'fill' API is supported since SDK version 26.0.0. However, the current compatible SDK version is 6.1.1(24).
 It is recommended to use apiAvailable to safeguard API compatibility.
[39m[39m
[33mWARN: [33m[33mArkTS:WARN File: D:/Walkie/HarmonyOS/entry/src/main/ets/pages/Index.ets:720:12
 The 'fill' API is supported since SDK version 26.0.0. However, the current compatible SDK version is 6.1.1(24).
 It is recommended to use apiAvailable to safeguard API compatibility.
[39m[39m
[33mWARN: [33m[33mArkTS:WARN File: D:/Walkie/HarmonyOS/entry/src/main/ets/pages/Index.ets:900:10
 The 'fill' API is supported since SDK version 26.0.0. However, the current compatible SDK version is 6.1.1(24).
 It is recommended to use apiAvailable to safeguard API compatibility.
[39m[39m
[33mWARN: [33m[33mArkTS:WARN File: D:/Walkie/HarmonyOS/entry/src/main/ets/pages/Index.ets:1356:10
 The 'fill' API is supported since SDK version 26.0.0. However, the current compatible SDK version is 6.1.1(24).
 It is recommended to use apiAvailable to safeguard API compatibility.
[39m[39m
[33mWARN: [33m[33mArkTS:WARN File: D:/Walkie/HarmonyOS/entry/src/main/ets/pages/Index.ets:1647:16
 The 'fill' API is supported since SDK version 26.0.0. However, the current compatible SDK version is 6.1.1(24).
 It is recommended to use apiAvailable to safeguard API compatibility.
[39m[39m

[2026-09-01T14:24:43.389] [DEBUG] debug-file - Ark compile task finished.finished time is 22239650232400
[2026-09-01T14:24:43.391] [DEBUG] debug-file - worker[1] has one work done.
[2026-09-01T14:24:43.392] [DEBUG] debug-file - default@CompileArkTS work[360] done.
[2026-09-01T14:24:43.397] [INFO] debug-file - Finished :entry:default@CompileArkTS... after 1 s 283 ms 
[2026-09-01T14:24:43.398] [DEBUG] debug-file - Executing task :entry:default@GeneratePkgModuleJson
[2026-09-01T14:24:43.398] [DEBUG] debug-file - File: 'D:\Walkie\HarmonyOS\entry\build\default\intermediates\preload\default\preload.json' from 'preloadSoJsonPath' is not exists, just ignore.
[2026-09-01T14:24:43.399] [DEBUG] debug-file - Error occurs while handling @Input 'shouldDeduplicateHar': The "data" argument must be of type string or an instance of Buffer, TypedArray, or DataView. Received undefined
[2026-09-01T14:24:43.399] [DEBUG] debug-file - Task 'entry:default@GeneratePkgModuleJson' cost while wrapping incremental declarations: 1 ms 
[2026-09-01T14:24:43.400] [DEBUG] debug-file - Incremental task entry:default@GeneratePkgModuleJson pre-execution cost: 2 ms .
[2026-09-01T14:24:43.401] [DEBUG] debug-file - entry : default@GeneratePkgModuleJson cost memory 0.07759857177734375
[2026-09-01T14:24:43.401] [INFO] debug-file - UP-TO-DATE :entry:default@GeneratePkgModuleJson...  
[2026-09-01T14:24:43.403] [DEBUG] debug-file - Executing task :entry:default@ProcessCompiledResources
[2026-09-01T14:24:43.403] [DEBUG] debug-file - File: 'D:\Walkie\HarmonyOS\entry\build\default\intermediates\preload\default\preload.json' from 'preloadSoJsonPath' is not exists, just ignore.
[2026-09-01T14:24:43.403] [DEBUG] debug-file - Task 'entry:default@ProcessCompiledResources' cost while wrapping incremental declarations: 1 ms 
[2026-09-01T14:24:43.404] [DEBUG] debug-file - entry : default@ProcessCompiledResources cost memory 0.048431396484375
[2026-09-01T14:24:43.404] [DEBUG] debug-file - runTaskFromQueue task cost before running: 2 s 340 ms 
[2026-09-01T14:24:43.404] [INFO] debug-file - Finished :entry:default@ProcessCompiledResources... after 1 ms 
[2026-09-01T14:24:43.405] [DEBUG] debug-file - Executing task :entry:default@PackageHap
[2026-09-01T14:24:43.416] [DEBUG] debug-file - entry:default@PackageHap is not up-to-date, since the input file 'D:\Walkie\HarmonyOS\entry\build\default\intermediates\loader_out\default\ets' has been changed.
[2026-09-01T14:24:43.416] [DEBUG] debug-file - Incremental task entry:default@PackageHap pre-execution cost: 10 ms .
[2026-09-01T14:24:43.417] [DEBUG] debug-file - Use tool [G:\DevEco Studio\sdk\default\openharmony\toolchains\lib\app_packing_tool.jar]
 [
  'java',
  '-Dfile.encoding=GBK',
  '-jar',
  'G:\\DevEco Studio\\sdk\\default\\openharmony\\toolchains\\lib\\app_packing_tool.jar',
  '--mode',
  'hap',
  '--force',
  'true',
  '--lib-path',
  'D:\\Walkie\\HarmonyOS\\entry\\build\\default\\intermediates\\stripped_native_libs\\default',
  '--json-path',
  'D:\\Walkie\\HarmonyOS\\entry\\build\\default\\intermediates\\package\\default\\module.json',
  '--resources-path',
  'D:\\Walkie\\HarmonyOS\\entry\\build\\default\\intermediates\\res\\default\\resources',
  '--index-path',
  'D:\\Walkie\\HarmonyOS\\entry\\build\\default\\intermediates\\res\\default\\resources.index',
  '--pack-info-path',
  'D:\\Walkie\\HarmonyOS\\entry\\build\\default\\outputs\\default\\pack.info',
  '--out-path',
  'D:\\Walkie\\HarmonyOS\\entry\\build\\default\\outputs\\default\\entry-default-unsigned.hap',
  '--ets-path',
  'D:\\Walkie\\HarmonyOS\\entry\\build\\default\\intermediates\\loader_out\\default\\ets',
  '--pkg-context-path',
  'D:\\Walkie\\HarmonyOS\\entry\\build\\default\\intermediates\\loader\\default\\pkgContextInfo.json'
]
[2026-09-01T14:24:43.417] [DEBUG] debug-file - default@PackageHap work[362] is submitted.
[2026-09-01T14:24:43.417] [DEBUG] debug-file - default@PackageHap work[362] is pushed to ready queue.
[2026-09-01T14:24:43.417] [DEBUG] debug-file - A work dispatched to worker[3] failed because unable to get work from ready queue.
[2026-09-01T14:24:43.417] [DEBUG] debug-file - default@PackageHap work[362] has been dispatched to worker[2].
[2026-09-01T14:24:43.417] [DEBUG] debug-file - default@PackageHap work[362] is dispatched.
[2026-09-01T14:24:43.420] [DEBUG] debug-file - entry : default@PackageHap cost memory 0.3393096923828125
[2026-09-01T14:24:43.419] [DEBUG] debug-file - current process  memoryUsage: {
  rss: 670859264,
  heapTotal: 60153856,
  heapUsed: 56478992,
  external: 5368276,
  arrayBuffers: 170091
} os memoryUsage :8.365959167480469
[2026-09-01T14:24:44.044] [DEBUG] debug-file - worker[2] has one work done.
[2026-09-01T14:24:44.044] [DEBUG] debug-file - default@PackageHap work[362] done.
[2026-09-01T14:24:44.044] [DEBUG] debug-file - A work dispatched to worker[2] failed because unable to get work from ready queue.
[2026-09-01T14:24:44.046] [INFO] debug-file - Finished :entry:default@PackageHap... after 639 ms 
[2026-09-01T14:24:44.048] [DEBUG] debug-file - Executing task :entry:default@PackingCheck
[2026-09-01T14:24:44.052] [DEBUG] debug-file - entry : default@PackingCheck cost memory 0.27339935302734375
[2026-09-01T14:24:44.052] [DEBUG] debug-file - runTaskFromQueue task cost before running: 2 s 988 ms 
[2026-09-01T14:24:44.052] [INFO] debug-file - Finished :entry:default@PackingCheck... after 5 ms 
[2026-09-01T14:24:44.054] [DEBUG] debug-file - Executing task :entry:default@SignHap
[2026-09-01T14:24:44.056] [DEBUG] debug-file - entry:default@SignHap is not up-to-date, since the input file 'D:\Walkie\HarmonyOS\entry\build\default\outputs\default\entry-default-unsigned.hap' has been changed.
[2026-09-01T14:24:44.056] [DEBUG] debug-file - Incremental task entry:default@SignHap pre-execution cost: 2 ms .
[2026-09-01T14:24:44.094] [DEBUG] debug-file - java daemon socket received message:{"code":0,"message":"verify profile success"}
[2026-09-01T14:24:44.098] [DEBUG] debug-file - java daemon socket close code:1000 reason:close by user
[2026-09-01T14:24:44.273] [DEBUG] debug-file - java daemon socket received message:{"code":0,"message":"sign app success"}
[2026-09-01T14:24:44.274] [DEBUG] debug-file - entry : default@SignHap cost memory 0.39948272705078125
[2026-09-01T14:24:44.274] [DEBUG] debug-file - runTaskFromQueue task cost before running: 3 s 210 ms 
[2026-09-01T14:24:44.275] [INFO] debug-file - Finished :entry:default@SignHap... after 221 ms 
[2026-09-01T14:24:44.276] [DEBUG] debug-file - Executing task :entry:default@CollectDebugSymbol
[2026-09-01T14:24:44.277] [DEBUG] debug-file - entry : default@CollectDebugSymbol cost memory 0.0698089599609375
[2026-09-01T14:24:44.278] [DEBUG] debug-file - runTaskFromQueue task cost before running: 3 s 214 ms 
[2026-09-01T14:24:44.278] [INFO] debug-file - Finished :entry:default@CollectDebugSymbol... after 2 ms 
[2026-09-01T14:24:44.278] [DEBUG] debug-file - Executing task :entry:assembleHap
[2026-09-01T14:24:44.278] [DEBUG] debug-file - entry : assembleHap cost memory 0.01331329345703125
[2026-09-01T14:24:44.278] [DEBUG] debug-file - runTaskFromQueue task cost before running: 3 s 214 ms 
[2026-09-01T14:24:44.278] [INFO] debug-file - Finished :entry:assembleHap... after 1 ms 
[2026-09-01T14:24:44.279] [INFO] debug-file - BUILD SUCCESSFUL in 3 s 215 ms 
[2026-09-01T14:24:44.280] [DEBUG] debug-file - Update task entry:default@PreBuild input file:D:\Walkie\HarmonyOS\AppScope\app.json5 cache by regenerate.
[2026-09-01T14:24:44.281] [DEBUG] debug-file - Update task entry:default@PreBuild input file:D:\Walkie\HarmonyOS\entry\src\main\module.json5 cache by regenerate.
[2026-09-01T14:24:44.281] [DEBUG] debug-file - Update task entry:default@PreBuild input file:D:\Walkie\HarmonyOS\build-profile.json5 cache by regenerate.
[2026-09-01T14:24:44.281] [DEBUG] debug-file - Update task entry:default@PreBuild input file:D:\Walkie\HarmonyOS\entry\build-profile.json5 cache by regenerate.
[2026-09-01T14:24:44.281] [DEBUG] debug-file - Update task entry:default@PreBuild input file:D:\Walkie\HarmonyOS\entry\src\main\resources\base\profile\main_pages.json cache by regenerate.
[2026-09-01T14:24:44.282] [DEBUG] debug-file - Update task entry:default@PreBuild input file:D:\Walkie\HarmonyOS\hvigor\hvigor-config.json5 cache by regenerate.
[2026-09-01T14:24:44.282] [DEBUG] debug-file - Update task entry:default@PreBuild input file:D:\Walkie\HarmonyOS\entry\src\mock\mock-config.json5 cache by regenerate.
[2026-09-01T14:24:44.282] [DEBUG] debug-file - Update task entry:default@PreBuild input file:D:\Walkie\HarmonyOS\entry\oh-package.json5 cache by regenerate.
[2026-09-01T14:24:44.282] [DEBUG] debug-file - Update task entry:default@PreBuild input file:D:\Walkie\HarmonyOS\oh-package.json5 cache by regenerate.
[2026-09-01T14:24:44.283] [DEBUG] debug-file - Incremental task entry:default@PreBuild post-execution cost:4 ms .
[2026-09-01T14:24:44.283] [DEBUG] debug-file - Update task entry:default@CreateModuleInfo output file:D:\Walkie\HarmonyOS\entry\build\default\generated\profile\default\ModuleInfo.ts cache.
[2026-09-01T14:24:44.283] [DEBUG] debug-file - Incremental task entry:default@CreateModuleInfo post-execution cost:1 ms .
[2026-09-01T14:24:44.283] [DEBUG] debug-file - There is no need to refresh cache, since the incremental task entry:default@GenerateMetadata is up-to-date.
[2026-09-01T14:24:44.283] [DEBUG] debug-file - There is no need to refresh cache, since the incremental task entry:default@MergeProfile is up-to-date.
[2026-09-01T14:24:44.283] [DEBUG] debug-file - There is no need to refresh cache, since the incremental task entry:default@CreateBuildProfile is up-to-date.
[2026-09-01T14:24:44.283] [DEBUG] debug-file - Update task entry:default@GeneratePkgSdkInfo output file:D:\Walkie\HarmonyOS\entry\build\default\intermediates\loader\default\pkgSdkInfo.json cache.
[2026-09-01T14:24:44.283] [DEBUG] debug-file - Incremental task entry:default@GeneratePkgSdkInfo post-execution cost:1 ms .
[2026-09-01T14:24:44.284] [DEBUG] debug-file - Update task entry:default@ProcessIntegratedHsp output file:D:\Walkie\HarmonyOS\build\cache\default\integrated_hsp\integratedHspCache.json cache.
[2026-09-01T14:24:44.284] [DEBUG] debug-file - Incremental task entry:default@ProcessIntegratedHsp post-execution cost:1 ms .
[2026-09-01T14:24:44.284] [DEBUG] debug-file - There is no need to refresh cache, since the incremental task entry:default@MakePackInfo is up-to-date.
[2026-09-01T14:24:44.284] [DEBUG] debug-file - Update task entry:default@SyscapTransform input file:G:\DevEco Studio\sdk\default\openharmony\toolchains\syscap_tool.exe cache by regenerate.
[2026-09-01T14:24:44.284] [DEBUG] debug-file - Update task entry:default@SyscapTransform input file:G:\DevEco Studio\sdk\default\openharmony\ets\api\device-define cache by regenerate.
[2026-09-01T14:24:44.285] [DEBUG] debug-file - Update task entry:default@SyscapTransform output file:D:\Walkie\HarmonyOS\entry\build\default\intermediates\syscap\default\rpcid.sc cache.
[2026-09-01T14:24:44.285] [DEBUG] debug-file - Incremental task entry:default@SyscapTransform post-execution cost:2 ms .
[2026-09-01T14:24:44.285] [DEBUG] debug-file - There is no need to refresh cache, since the incremental task entry:default@GeneratePkgContextInfo is up-to-date.
[2026-09-01T14:24:44.285] [DEBUG] debug-file - There is no need to refresh cache, since the incremental task entry:default@ProcessProfile is up-to-date.
[2026-09-01T14:24:44.285] [DEBUG] debug-file - There is no need to refresh cache, since the incremental task entry:default@ProcessRouterMap is up-to-date.
[2026-09-01T14:24:44.285] [DEBUG] debug-file - There is no need to refresh cache, since the incremental task entry:default@ProcessShareConfig is up-to-date.
[2026-09-01T14:24:44.285] [DEBUG] debug-file - Update task entry:default@ProcessStartupConfig input file:D:\Walkie\HarmonyOS\entry\build\default\intermediates\loader\default\pkgContextInfo.json cache by regenerate.
[2026-09-01T14:24:44.286] [DEBUG] debug-file - Update task entry:default@ProcessStartupConfig output file:D:\Walkie\HarmonyOS\entry\build\default\intermediates\startup\default\startup_config.json cache.
[2026-09-01T14:24:44.286] [DEBUG] debug-file - Incremental task entry:default@ProcessStartupConfig post-execution cost:1 ms .
[2026-09-01T14:24:44.286] [DEBUG] debug-file - There is no need to refresh cache, since the incremental task entry:default@ProcessResource is up-to-date.
[2026-09-01T14:24:44.287] [DEBUG] debug-file - Update task entry:default@GenerateLoaderJson input file:D:\Walkie\HarmonyOS\entry\src\mock\mock-config.json5 cache by regenerate.
[2026-09-01T14:24:44.287] [DEBUG] debug-file - Update task entry:default@GenerateLoaderJson input file:D:\Walkie\HarmonyOS\entry\build\default\intermediates\loader\default\pkgContextInfo.json cache by regenerate.
[2026-09-01T14:24:44.287] [DEBUG] debug-file - Update task entry:default@GenerateLoaderJson input file:D:\Walkie\HarmonyOS\entry\build\default\intermediates\router_map\default\temp-router-map.json cache by regenerate.
[2026-09-01T14:24:44.288] [DEBUG] debug-file - Update task entry:default@GenerateLoaderJson output file:D:\Walkie\HarmonyOS\entry\build\default\intermediates\loader\default\loader.json cache.
[2026-09-01T14:24:44.288] [DEBUG] debug-file - Incremental task entry:default@GenerateLoaderJson post-execution cost:3 ms .
[2026-09-01T14:24:44.288] [DEBUG] debug-file - There is no need to refresh cache, since the incremental task entry:default@CompileResource is up-to-date.
[2026-09-01T14:24:44.290] [DEBUG] debug-file - Update task entry:default@CompileArkTS input file:D:\Walkie\HarmonyOS\entry\build\default\intermediates\loader\default cache from map.
[2026-09-01T14:24:44.290] [DEBUG] debug-file - Update task entry:default@CompileArkTS input file:D:\Walkie\HarmonyOS\entry\build\default\intermediates\res\default\resources\rawfile cache by regenerate.
[2026-09-01T14:24:44.291] [DEBUG] debug-file - Update task entry:default@CompileArkTS input file:D:\Walkie\HarmonyOS\entry\build\default\intermediates\res\default\ResourceTable.txt cache by regenerate.
[2026-09-01T14:24:44.291] [DEBUG] debug-file - Update task entry:default@CompileArkTS input file:D:\Walkie\HarmonyOS\entry\build\default\intermediates\res\default\ark_module.json cache by regenerate.
[2026-09-01T14:24:44.292] [DEBUG] debug-file - Update task entry:default@CompileArkTS input file:D:\Walkie\HarmonyOS\entry\build\default\intermediates\res\default\resources\base\profile cache by regenerate.
[2026-09-01T14:24:44.292] [DEBUG] debug-file - Update task entry:default@CompileArkTS input file:D:\Walkie\HarmonyOS\entry\src\main\ets cache by regenerate.
[2026-09-01T14:24:44.296] [DEBUG] debug-file - Update task entry:default@CompileArkTS input file:D:\Walkie\HarmonyOS\entry\build\default\intermediates\loader\default\pkgContextInfo.json cache by regenerate.
[2026-09-01T14:24:44.297] [DEBUG] debug-file - Update task entry:default@CompileArkTS input file:D:\Walkie\HarmonyOS\entry\build\default\generated\profile\default\BuildProfile.ets cache by regenerate.
[2026-09-01T14:24:44.297] [DEBUG] debug-file - Update task entry:default@CompileArkTS input file:D:\Walkie\HarmonyOS\entry\src\main\cpp\types cache by regenerate.
[2026-09-01T14:24:44.298] [DEBUG] debug-file - Update task entry:default@CompileArkTS input file:D:\Walkie\HarmonyOS\entry\src\mock\mock-config.json5 cache by regenerate.
[2026-09-01T14:24:44.298] [DEBUG] debug-file - Update task entry:default@CompileArkTS output file:D:\Walkie\HarmonyOS\entry\build\default\intermediates\loader_out\default\ets cache.
[2026-09-01T14:24:44.299] [DEBUG] debug-file - Incremental task entry:default@CompileArkTS post-execution cost:11 ms .
[2026-09-01T14:24:44.301] [DEBUG] debug-file - Update task entry:default@BuildJS input file:D:\Walkie\HarmonyOS\entry\build\default\intermediates\loader\default cache by regenerate.
[2026-09-01T14:24:44.302] [DEBUG] debug-file - Update task entry:default@BuildJS input file:D:\Walkie\HarmonyOS\entry\build\default\intermediates\res\default\resources\rawfile cache by regenerate.
[2026-09-01T14:24:44.303] [DEBUG] debug-file - Update task entry:default@BuildJS input file:D:\Walkie\HarmonyOS\entry\build\default\intermediates\res\default\ResourceTable.txt cache by regenerate.
[2026-09-01T14:24:44.303] [DEBUG] debug-file - Update task entry:default@BuildJS input file:D:\Walkie\HarmonyOS\entry\build\default\intermediates\res\default\ark_module.json cache by regenerate.
[2026-09-01T14:24:44.303] [DEBUG] debug-file - Update task entry:default@BuildJS input file:D:\Walkie\HarmonyOS\entry\build\default\intermediates\res\default\resources\base\profile cache by regenerate.
[2026-09-01T14:24:44.304] [DEBUG] debug-file - Update task entry:default@BuildJS input file:D:\Walkie\HarmonyOS\entry\build\default\intermediates\loader\default\pkgContextInfo.json cache by regenerate.
[2026-09-01T14:24:44.305] [DEBUG] debug-file - Update task entry:default@BuildJS output file:D:\Walkie\HarmonyOS\entry\build\default\intermediates\loader_out\default\js cache.
[2026-09-01T14:24:44.305] [DEBUG] debug-file - Incremental task entry:default@BuildJS post-execution cost:6 ms .
[2026-09-01T14:24:44.305] [DEBUG] debug-file - There is no need to refresh cache, since the incremental task entry:default@ProcessLibs is up-to-date.
[2026-09-01T14:24:44.305] [DEBUG] debug-file - There is no need to refresh cache, since the incremental task entry:default@DoNativeStrip is up-to-date.
[2026-09-01T14:24:44.305] [DEBUG] debug-file - There is no need to refresh cache, since the incremental task entry:default@CacheNativeLibs is up-to-date.
[2026-09-01T14:24:44.305] [DEBUG] debug-file - There is no need to refresh cache, since the incremental task entry:default@GeneratePkgModuleJson is up-to-date.
[2026-09-01T14:24:44.305] [DEBUG] debug-file - Incremental task entry:default@ProcessCompiledResources post-execution cost:1 ms .
[2026-09-01T14:24:44.306] [DEBUG] debug-file - Update task entry:default@PackageHap input file:D:\Walkie\HarmonyOS\entry\build\default\outputs\default\pack.info cache by regenerate.
[2026-09-01T14:24:44.307] [DEBUG] debug-file - Update task entry:default@PackageHap input file:D:\Walkie\HarmonyOS\entry\build\default\intermediates\stripped_native_libs\default cache by regenerate.
[2026-09-01T14:24:44.308] [DEBUG] debug-file - Update task entry:default@PackageHap input file:D:\Walkie\HarmonyOS\entry\build\default\intermediates\res\default\module.json cache by regenerate.
[2026-09-01T14:24:44.308] [DEBUG] debug-file - Update task entry:default@PackageHap input file:D:\Walkie\HarmonyOS\entry\build\default\intermediates\res\default\resources cache by regenerate.
[2026-09-01T14:24:44.311] [DEBUG] debug-file - Update task entry:default@PackageHap input file:D:\Walkie\HarmonyOS\entry\build\default\intermediates\res\default\resources.index cache by regenerate.
[2026-09-01T14:24:44.311] [DEBUG] debug-file - Update task entry:default@PackageHap input file:D:\Walkie\HarmonyOS\entry\build\default\intermediates\loader_out\default\ets cache from map.
[2026-09-01T14:24:44.311] [DEBUG] debug-file - Update task entry:default@PackageHap input file:D:\Walkie\HarmonyOS\entry\build\default\intermediates\loader\default\pkgContextInfo.json cache by regenerate.
[2026-09-01T14:24:44.312] [DEBUG] debug-file - Update task entry:default@PackageHap input file:D:\Walkie\HarmonyOS\entry\build\default\intermediates\package\default\module.json cache by regenerate.
[2026-09-01T14:24:44.312] [DEBUG] debug-file - Update task entry:default@PackageHap input file:D:\Walkie\HarmonyOS\entry\build\default\intermediates\loader_out\default\ets\sourceMaps.map cache by regenerate.
[2026-09-01T14:24:44.312] [DEBUG] debug-file - Update task entry:default@PackageHap input file:D:\Walkie\HarmonyOS\entry\build\default\generated\profile\default\BuildProfile.ets cache by regenerate.
[2026-09-01T14:24:44.313] [DEBUG] debug-file - Update task entry:default@PackageHap output file:D:\Walkie\HarmonyOS\entry\build\default\outputs\default\entry-default-unsigned.hap cache.
[2026-09-01T14:24:44.313] [DEBUG] debug-file - Update task entry:default@PackageHap output file:D:\Walkie\HarmonyOS\entry\build\default\intermediates\source_map\default\sourceMaps.map cache.
[2026-09-01T14:24:44.313] [DEBUG] debug-file - Update task entry:default@PackageHap output file:D:\Walkie\HarmonyOS\entry\build\default\outputs\default\mapping\sourceMaps.map cache.
[2026-09-01T14:24:44.313] [DEBUG] debug-file - Incremental task entry:default@PackageHap post-execution cost:9 ms .
[2026-09-01T14:24:44.314] [DEBUG] debug-file - Update task entry:default@SignHap input file:C:\Users\tb\.ohos\config\default_HarmonyOS_cqBYNafk3_phZ9F6rEdI_k71hUI1bFwG99ZIiTHW4hk=.cer cache by regenerate.
[2026-09-01T14:24:44.314] [DEBUG] debug-file - Update task entry:default@SignHap input file:C:\Users\tb\.ohos\config\default_HarmonyOS_cqBYNafk3_phZ9F6rEdI_k71hUI1bFwG99ZIiTHW4hk=.p7b cache by regenerate.
[2026-09-01T14:24:44.314] [DEBUG] debug-file - Update task entry:default@SignHap input file:C:\Users\tb\.ohos\config\default_HarmonyOS_cqBYNafk3_phZ9F6rEdI_k71hUI1bFwG99ZIiTHW4hk=.p12 cache by regenerate.
[2026-09-01T14:24:44.314] [DEBUG] debug-file - Update task entry:default@SignHap input file:D:\Walkie\HarmonyOS\entry\build\default\outputs\default\entry-default-unsigned.hap cache from map.
[2026-09-01T14:24:44.314] [DEBUG] debug-file - Update task entry:default@SignHap output file:D:\Walkie\HarmonyOS\entry\build\default\outputs\default\entry-default-signed.hap cache.
[2026-09-01T14:24:44.315] [DEBUG] debug-file - Incremental task entry:default@SignHap post-execution cost:2 ms .
[2026-09-01T14:24:44.315] [DEBUG] debug-file - Update task entry:default@CollectDebugSymbol input file:D:\Walkie\HarmonyOS\entry\build\default\intermediates\loader_out\default\ets\sourceMaps.map cache by regenerate.
[2026-09-01T14:24:44.316] [DEBUG] debug-file - Update task entry:default@CollectDebugSymbol input file:D:\Walkie\HarmonyOS\entry\build\default\intermediates\libs\default cache by regenerate.
[2026-09-01T14:24:44.317] [DEBUG] debug-file - Update task entry:default@CollectDebugSymbol output file:D:\Walkie\HarmonyOS\entry\build\default\outputs\default\symbol cache.
[2026-09-01T14:24:44.317] [DEBUG] debug-file - Incremental task entry:default@CollectDebugSymbol post-execution cost:2 ms .
[2026-09-01T14:24:44.327] [DEBUG] debug-file - hvigor build process will be closed.
[2026-09-01T14:24:44.327] [DEBUG] debug-file - java daemon socket close code:1000 reason:close by user
[2026-09-01T14:24:44.344] [DEBUG] debug-file - session manager: send message to worker process. WorkerThreadId: 0, data: {"type":"hvigor_failed","reason":"Server has disconnected."}
[2026-09-01T14:24:44.344] [DEBUG] debug-file - session manager: send message to worker process. WorkerThreadId: 0, data: {"type":"CloseWatch","reason":"Server has disconnected."}
[2026-09-01T14:24:44.344] [DEBUG] debug-file - watch worker: worker id should be larger than 0. Nothing will be sent to any worker thread.
[2026-09-01T14:24:44.345] [DEBUG] debug-file - ABORT_WORK sent to workers.
[2026-09-01T14:24:44.345] [DEBUG] debug-file - watch worker: worker id should be larger than 0. Nothing will be sent to any worker thread.
[2026-09-01T14:34:03.006] [DEBUG] debug-file - session manager: set active socket. socketId=S3YrWWZLYhxzYkBAAAFd
[2026-09-01T14:34:03.017] [DEBUG] debug-file - watch worker: worker id should be larger than 0. Nothing will be sent to any worker thread.
[2026-09-01T14:34:03.021] [DEBUG] debug-file - Workers' log level updated to INFO
[2026-09-01T14:34:03.024] [DEBUG] debug-file - Hvigor init with startParameters:{
  hvigorfileTypeCheck: false,
  parallelExecution: true,
  incrementalExecution: true,
  printStackTrace: false,
  daemon: true,
  analyze: 0,
  logLevel: Level { level: 20000, levelStr: 'INFO', colour: 'green' },
  optimizationStrategy: 'memory',
  hotCompile: undefined,
  hotReloadBuild: undefined,
  customizedParam: undefined
}
[2026-09-01T14:34:03.029] [DEBUG] debug-file - Cache service initialization finished in 5 ms 
[2026-09-01T14:34:03.029] [DEBUG] debug-file - hvigorfile, resolving D:\Walkie\HarmonyOS\hvigorfile.ts
[2026-09-01T14:34:03.033] [DEBUG] debug-file - hvigorfile, require result:  { default: { plugins: [] } }
[2026-09-01T14:34:03.033] [DEBUG] debug-file - hvigorfile, binding system plugins null
[2026-09-01T14:34:03.033] [DEBUG] debug-file - Starting plugin build process
[2026-09-01T14:34:03.033] [DEBUG] debug-file - App plugin prepare start...
[2026-09-01T14:34:03.033] [DEBUG] debug-file - App plugin prepare end...
[2026-09-01T14:34:03.034] [DEBUG] debug-file - App plugin creating...
[2026-09-01T14:34:03.038] [DEBUG] debug-file - App plugin register hook start...
[2026-09-01T14:34:03.038] [DEBUG] debug-file - App plugin register hook end...
[2026-09-01T14:34:03.038] [DEBUG] debug-file - Plugin build process completed
[2026-09-01T14:34:03.038] [DEBUG] debug-file - Start initialize project's product build option map with build mode debug.
[2026-09-01T14:34:03.038] [DEBUG] debug-file - Picking option from product 'default' with build mode 'debug'.
[2026-09-01T14:34:03.038] [DEBUG] debug-file - Product 'default' build option initialized
[2026-09-01T14:34:03.038] [DEBUG] debug-file - End initialize project's product build option map with build mode 'debug'.
[2026-09-01T14:34:03.039] [DEBUG] debug-file - Obtain build option for product 'default'in this build.
[2026-09-01T14:34:03.040] [DEBUG] debug-file - D:\Walkie\HarmonyOS\build\cache\default\remote_hsp\remoteHspCache.json not exists.
[2026-09-01T14:34:03.041] [DEBUG] debug-file - Start recording SDK configuration permission data.
[2026-09-01T14:34:03.073] [DEBUG] debug-file - Sdk init in 34 ms 
[2026-09-01T14:34:03.075] [DEBUG] debug-file - Project task initialization takes 2 ms 
[2026-09-01T14:34:03.076] [DEBUG] debug-file - hvigorfile, begin to bind custom plugins...
[2026-09-01T14:34:03.076] [DEBUG] debug-file - hvigorfile, no custom plugins were found in D:\Walkie\HarmonyOS\hvigorfile.ts
[2026-09-01T14:34:03.076] [DEBUG] debug-file - hvigorfile, resolve finished D:\Walkie\HarmonyOS\hvigorfile.ts
[2026-09-01T14:34:03.076] [DEBUG] debug-file - hvigorfile, resolving D:\Walkie\HarmonyOS\entry\hvigorfile.ts
[2026-09-01T14:34:03.079] [DEBUG] debug-file - hvigorfile, require result:  { default: { plugins: [] } }
[2026-09-01T14:34:03.079] [DEBUG] debug-file - hvigorfile, binding system plugins null
[2026-09-01T14:34:03.079] [DEBUG] debug-file - Starting plugin build process
[2026-09-01T14:34:03.079] [DEBUG] debug-file - Hap plugin creating...
[2026-09-01T14:34:03.080] [DEBUG] debug-file - failed to load cangjie to dynamically generate schemas: Error: Cannot find module '@ohos/cangjie-build-support/index'
Require stack:
- G:\DevEco Studio\tools\hvigor\hvigor-ohos-plugin\src\plugin\hooks\cangjie-register.js
- G:\DevEco Studio\tools\hvigor\hvigor-ohos-plugin\src\plugin\strategy\stage-init-strategy.js
- G:\DevEco Studio\tools\hvigor\hvigor-ohos-plugin\src\plugin\builder\abstract-plugin-builder.js
- G:\DevEco Studio\tools\hvigor\hvigor-ohos-plugin\src\plugin\builder\app-plugin-builder.js
- G:\DevEco Studio\tools\hvigor\hvigor-ohos-plugin\src\plugin\factory\plugin-factory.js
- G:\DevEco Studio\tools\hvigor\hvigor-ohos-plugin\index.js
- D:\Walkie\HarmonyOS\hvigorfile.ts
- G:\DevEco Studio\tools\hvigor\hvigor\src\base\internal\lifecycle\configuration.js
- G:\DevEco Studio\tools\hvigor\hvigor\src\base\boot\index.js
- G:\DevEco Studio\tools\hvigor\hvigor\src\base\daemon\cluster\worker-process-lifecycle.js
- G:\DevEco Studio\tools\hvigor\hvigor\src\base\daemon\process\daemon-process-boot-script.js
[2026-09-01T14:34:03.082] [DEBUG] debug-file - Start initialize module-target build option map, moduleName=entry, buildMode=debug
[2026-09-01T14:34:03.082] [DEBUG] debug-file - Target 'default' config initialized
[2026-09-01T14:34:03.083] [DEBUG] debug-file - Module 'entry' target 'default' build option initialized
[2026-09-01T14:34:03.083] [DEBUG] debug-file - End initialize module-target build option map, moduleName=entry
[2026-09-01T14:34:03.083] [DEBUG] debug-file - Start initialize module-target build option map, moduleName=entry, buildMode=release
[2026-09-01T14:34:03.083] [DEBUG] debug-file - Target 'default' config initialized
[2026-09-01T14:34:03.083] [DEBUG] debug-file - Module 'entry' target 'default' build option initialized
[2026-09-01T14:34:03.083] [DEBUG] debug-file - End initialize module-target build option map, moduleName=entry
[2026-09-01T14:34:03.083] [DEBUG] debug-file - Start initialize module-target build option map, moduleName=entry, buildMode=debug
[2026-09-01T14:34:03.083] [DEBUG] debug-file - Target 'default' config initialized
[2026-09-01T14:34:03.083] [DEBUG] debug-file - Module 'entry' target 'default' build option initialized
[2026-09-01T14:34:03.083] [DEBUG] debug-file - End initialize module-target build option map, moduleName=entry
[2026-09-01T14:34:03.083] [DEBUG] debug-file - Obtain build option for module 'entry' target 'default'in this build.
[2026-09-01T14:34:03.087] [DEBUG] debug-file - Module entry task initialization takes 2 ms 
[2026-09-01T14:34:03.088] [DEBUG] debug-file - Hap plugin register hook start...
[2026-09-01T14:34:03.088] [DEBUG] debug-file - Hap plugin register hook end...
[2026-09-01T14:34:03.089] [DEBUG] debug-file - Plugin build process completed
[2026-09-01T14:34:03.089] [DEBUG] debug-file - hvigorfile, begin to bind custom plugins...
[2026-09-01T14:34:03.089] [DEBUG] debug-file - hvigorfile, no custom plugins were found in D:\Walkie\HarmonyOS\entry\hvigorfile.ts
[2026-09-01T14:34:03.089] [DEBUG] debug-file - hvigorfile, resolve finished D:\Walkie\HarmonyOS\entry\hvigorfile.ts
[2026-09-01T14:34:03.149] [DEBUG] debug-file - hvigorfile, resolve hvigorfile dependencies in 60 ms 
[2026-09-01T14:34:03.149] [DEBUG] debug-file - project has submodules:entry
[2026-09-01T14:34:03.150] [DEBUG] debug-file - start to load updatedOhPackageInfo to the disk
[2026-09-01T14:34:03.152] [DEBUG] debug-file - load to the disk finished
[2026-09-01T14:34:03.153] [DEBUG] debug-file - Start to initialize dependency information.
[2026-09-01T14:34:03.159] [DEBUG] debug-file - Module HarmonyOS Collected Dependency: 
[2026-09-01T14:34:03.160] [DEBUG] debug-file - Module HarmonyOS's total dependency: 0
[2026-09-01T14:34:03.160] [DEBUG] debug-file - Start to initialize dependency information.
[2026-09-01T14:34:03.166] [DEBUG] debug-file - Module entry Collected Dependency: D:\Walkie\HarmonyOS\entry\src\main\cpp\types\libwalkieopus
[2026-09-01T14:34:03.166] [DEBUG] debug-file - Module entry's total dependency: 1
[2026-09-01T14:34:03.167] [DEBUG] debug-file - Configuration phase cost:139 ms 
[2026-09-01T14:34:03.168] [DEBUG] debug-file - Configuration task cost before running: 146 ms 
[2026-09-01T14:34:03.168] [DEBUG] debug-file - Executing task :entry:init
[2026-09-01T14:34:03.168] [DEBUG] debug-file - entry : init cost memory 0.01381683349609375
[2026-09-01T14:34:03.169] [DEBUG] debug-file - runTaskFromQueue task cost before running: 147 ms 
[2026-09-01T14:34:03.169] [INFO] debug-file - Finished :entry:init... after 1 ms 
[2026-09-01T14:34:03.169] [DEBUG] debug-file - Executing task ::init
[2026-09-01T14:34:03.169] [DEBUG] debug-file - HarmonyOS : init cost memory 0.01198577880859375
[2026-09-01T14:34:03.169] [DEBUG] debug-file - runTaskFromQueue task cost before running: 148 ms 
[2026-09-01T14:34:03.170] [INFO] debug-file - Finished ::init... after 1 ms 
[2026-09-01T14:34:03.170] [DEBUG] debug-file - Obtain build option for module 'entry' target 'default'in this build.
[2026-09-01T14:34:03.174] [DEBUG] debug-file - hvigor build process will be closed.
[2026-09-01T14:34:03.221] [DEBUG] debug-file - session manager: send message to worker process. WorkerThreadId: 0, data: {"type":"hvigor_failed","reason":"Server has disconnected."}
[2026-09-01T14:34:03.221] [DEBUG] debug-file - session manager: send message to worker process. WorkerThreadId: 0, data: {"type":"CloseWatch","reason":"Server has disconnected."}
[2026-09-01T14:34:03.221] [DEBUG] debug-file - watch worker: worker id should be larger than 0. Nothing will be sent to any worker thread.
[2026-09-01T14:34:03.222] [DEBUG] debug-file - ABORT_WORK sent to workers.
[2026-09-01T14:34:03.222] [DEBUG] debug-file - watch worker: worker id should be larger than 0. Nothing will be sent to any worker thread.
[2026-09-01T14:34:03.498] [DEBUG] debug-file - session manager: set active socket. socketId=YXuW4sMtt7kxkluDAAFf
[2026-09-01T14:34:03.520] [DEBUG] debug-file - watch worker: worker id should be larger than 0. Nothing will be sent to any worker thread.
[2026-09-01T14:34:03.524] [DEBUG] debug-file - Workers' log level updated to INFO
[2026-09-01T14:34:03.526] [DEBUG] debug-file - Hvigor init with startParameters:{
  hvigorfileTypeCheck: false,
  parallelExecution: true,
  incrementalExecution: true,
  printStackTrace: false,
  daemon: true,
  analyze: 0,
  logLevel: Level { level: 20000, levelStr: 'INFO', colour: 'green' },
  optimizationStrategy: 'memory',
  hotCompile: undefined,
  hotReloadBuild: undefined,
  customizedParam: undefined
}
[2026-09-01T14:34:03.532] [DEBUG] debug-file - Cache service initialization finished in 6 ms 
[2026-09-01T14:34:03.532] [DEBUG] debug-file - hvigorfile, resolving D:\Walkie\HarmonyOS\hvigorfile.ts
[2026-09-01T14:34:03.535] [DEBUG] debug-file - hvigorfile, require result:  { default: { plugins: [] } }
[2026-09-01T14:34:03.535] [DEBUG] debug-file - hvigorfile, binding system plugins null
[2026-09-01T14:34:03.535] [DEBUG] debug-file - Starting plugin build process
[2026-09-01T14:34:03.535] [DEBUG] debug-file - App plugin prepare start...
[2026-09-01T14:34:03.535] [DEBUG] debug-file - App plugin prepare end...
[2026-09-01T14:34:03.535] [DEBUG] debug-file - App plugin creating...
[2026-09-01T14:34:03.539] [DEBUG] debug-file - App plugin register hook start...
[2026-09-01T14:34:03.539] [DEBUG] debug-file - App plugin register hook end...
[2026-09-01T14:34:03.539] [DEBUG] debug-file - Plugin build process completed
[2026-09-01T14:34:03.539] [DEBUG] debug-file - Start initialize project's product build option map with build mode debug.
[2026-09-01T14:34:03.539] [DEBUG] debug-file - Picking option from product 'default' with build mode 'debug'.
[2026-09-01T14:34:03.539] [DEBUG] debug-file - Product 'default' build option initialized
[2026-09-01T14:34:03.539] [DEBUG] debug-file - End initialize project's product build option map with build mode 'debug'.
[2026-09-01T14:34:03.540] [DEBUG] debug-file - Obtain build option for product 'default'in this build.
[2026-09-01T14:34:03.541] [DEBUG] debug-file - D:\Walkie\HarmonyOS\build\cache\default\remote_hsp\remoteHspCache.json not exists.
[2026-09-01T14:34:03.542] [DEBUG] debug-file - Start recording SDK configuration permission data.
[2026-09-01T14:34:03.571] [DEBUG] debug-file - Sdk init in 30 ms 
[2026-09-01T14:34:03.574] [DEBUG] debug-file - Project task initialization takes 3 ms 
[2026-09-01T14:34:03.574] [DEBUG] debug-file - hvigorfile, begin to bind custom plugins...
[2026-09-01T14:34:03.574] [DEBUG] debug-file - hvigorfile, no custom plugins were found in D:\Walkie\HarmonyOS\hvigorfile.ts
[2026-09-01T14:34:03.574] [DEBUG] debug-file - hvigorfile, resolve finished D:\Walkie\HarmonyOS\hvigorfile.ts
[2026-09-01T14:34:03.574] [DEBUG] debug-file - hvigorfile, resolving D:\Walkie\HarmonyOS\entry\hvigorfile.ts
[2026-09-01T14:34:03.577] [DEBUG] debug-file - hvigorfile, require result:  { default: { plugins: [] } }
[2026-09-01T14:34:03.578] [DEBUG] debug-file - hvigorfile, binding system plugins null
[2026-09-01T14:34:03.578] [DEBUG] debug-file - Starting plugin build process
[2026-09-01T14:34:03.578] [DEBUG] debug-file - Hap plugin creating...
[2026-09-01T14:34:03.579] [DEBUG] debug-file - failed to load cangjie to dynamically generate schemas: Error: Cannot find module '@ohos/cangjie-build-support/index'
Require stack:
- G:\DevEco Studio\tools\hvigor\hvigor-ohos-plugin\src\plugin\hooks\cangjie-register.js
- G:\DevEco Studio\tools\hvigor\hvigor-ohos-plugin\src\plugin\strategy\stage-init-strategy.js
- G:\DevEco Studio\tools\hvigor\hvigor-ohos-plugin\src\plugin\builder\abstract-plugin-builder.js
- G:\DevEco Studio\tools\hvigor\hvigor-ohos-plugin\src\plugin\builder\app-plugin-builder.js
- G:\DevEco Studio\tools\hvigor\hvigor-ohos-plugin\src\plugin\factory\plugin-factory.js
- G:\DevEco Studio\tools\hvigor\hvigor-ohos-plugin\index.js
- D:\Walkie\HarmonyOS\hvigorfile.ts
- G:\DevEco Studio\tools\hvigor\hvigor\src\base\internal\lifecycle\configuration.js
- G:\DevEco Studio\tools\hvigor\hvigor\src\base\boot\index.js
- G:\DevEco Studio\tools\hvigor\hvigor\src\base\daemon\cluster\worker-process-lifecycle.js
- G:\DevEco Studio\tools\hvigor\hvigor\src\base\daemon\process\daemon-process-boot-script.js
[2026-09-01T14:34:03.580] [DEBUG] debug-file - Start initialize module-target build option map, moduleName=entry, buildMode=debug
[2026-09-01T14:34:03.580] [DEBUG] debug-file - Target 'default' config initialized
[2026-09-01T14:34:03.580] [DEBUG] debug-file - Module 'entry' target 'default' build option initialized
[2026-09-01T14:34:03.580] [DEBUG] debug-file - End initialize module-target build option map, moduleName=entry
[2026-09-01T14:34:03.580] [DEBUG] debug-file - Start initialize module-target build option map, moduleName=entry, buildMode=release
[2026-09-01T14:34:03.580] [DEBUG] debug-file - Target 'default' config initialized
[2026-09-01T14:34:03.581] [DEBUG] debug-file - Module 'entry' target 'default' build option initialized
[2026-09-01T14:34:03.581] [DEBUG] debug-file - End initialize module-target build option map, moduleName=entry
[2026-09-01T14:34:03.581] [DEBUG] debug-file - Start initialize module-target build option map, moduleName=entry, buildMode=debug
[2026-09-01T14:34:03.581] [DEBUG] debug-file - Target 'default' config initialized
[2026-09-01T14:34:03.581] [DEBUG] debug-file - Module 'entry' target 'default' build option initialized
[2026-09-01T14:34:03.581] [DEBUG] debug-file - End initialize module-target build option map, moduleName=entry
[2026-09-01T14:34:03.581] [DEBUG] debug-file - Obtain build option for module 'entry' target 'default'in this build.
[2026-09-01T14:34:03.582] [DEBUG] debug-file - Module entry task initialization takes 1 ms 
[2026-09-01T14:34:03.582] [DEBUG] debug-file - Hap plugin register hook start...
[2026-09-01T14:34:03.582] [DEBUG] debug-file - Hap plugin register hook end...
[2026-09-01T14:34:03.582] [DEBUG] debug-file - Plugin build process completed
[2026-09-01T14:34:03.582] [DEBUG] debug-file - hvigorfile, begin to bind custom plugins...
[2026-09-01T14:34:03.583] [DEBUG] debug-file - hvigorfile, no custom plugins were found in D:\Walkie\HarmonyOS\entry\hvigorfile.ts
[2026-09-01T14:34:03.583] [DEBUG] debug-file - hvigorfile, resolve finished D:\Walkie\HarmonyOS\entry\hvigorfile.ts
[2026-09-01T14:34:03.687] [DEBUG] debug-file - hvigorfile, resolve hvigorfile dependencies in 105 ms 
[2026-09-01T14:34:03.687] [DEBUG] debug-file - project has submodules:entry
[2026-09-01T14:34:03.688] [DEBUG] debug-file - start to load updatedOhPackageInfo to the disk
[2026-09-01T14:34:03.690] [DEBUG] debug-file - load to the disk finished
[2026-09-01T14:34:03.692] [DEBUG] debug-file - Start to initialize dependency information.
[2026-09-01T14:34:03.698] [DEBUG] debug-file - Module HarmonyOS Collected Dependency: 
[2026-09-01T14:34:03.698] [DEBUG] debug-file - Module HarmonyOS's total dependency: 0
[2026-09-01T14:34:03.698] [DEBUG] debug-file - Start to initialize dependency information.
[2026-09-01T14:34:03.702] [DEBUG] debug-file - Module entry Collected Dependency: D:\Walkie\HarmonyOS\entry\src\main\cpp\types\libwalkieopus
[2026-09-01T14:34:03.702] [DEBUG] debug-file - Module entry's total dependency: 1
[2026-09-01T14:34:03.703] [DEBUG] debug-file - Configuration phase cost:172 ms 
[2026-09-01T14:34:03.704] [DEBUG] debug-file - Configuration task cost before running: 180 ms 
[2026-09-01T14:34:03.708] [DEBUG] debug-file - Executing task :entry:default@PreBuild
[2026-09-01T14:34:03.710] [DEBUG] debug-file - Task 'entry:default@PreBuild' cost while wrapping incremental declarations: 1 ms 
[2026-09-01T14:34:03.719] [DEBUG] debug-file - entry:default@PreBuild is not up-to-date, since the task snapshots are different.
[2026-09-01T14:34:03.719] [DEBUG] debug-file - Incremental task entry:default@PreBuild pre-execution cost: 7 ms .
[2026-09-01T14:34:03.725] [DEBUG] debug-file - current product is not Atomic service.
[2026-09-01T14:34:03.726] [DEBUG] debug-file - Use tool [win32: JAVA_HOME, CLASSPATH]
 [ { JAVA_HOME: 'G:\\DevEco Studio\\jbr' }, { CLASSPATH: undefined } ]
[2026-09-01T14:34:03.726] [DEBUG] debug-file - Use tool [win32: NODE_HOME]
 [ { NODE_HOME: 'G:\\DevEco Studio\\tools\\node' } ]
[2026-09-01T14:34:03.726] [DEBUG] debug-file - entry : default@PreBuild cost memory -4.5052490234375
[2026-09-01T14:34:03.726] [DEBUG] debug-file - runTaskFromQueue task cost before running: 202 ms 
[2026-09-01T14:34:03.729] [INFO] debug-file - Finished :entry:default@PreBuild... after 19 ms 
[2026-09-01T14:34:03.730] [DEBUG] debug-file - Executing task :entry:default@ConfigureCmake
[2026-09-01T14:34:03.733] [DEBUG] debug-file - entry : default@ConfigureCmake cost memory 0.02445220947265625
[2026-09-01T14:34:03.733] [DEBUG] debug-file - runTaskFromQueue task cost before running: 209 ms 
[2026-09-01T14:34:03.733] [INFO] debug-file - Finished :entry:default@ConfigureCmake... after 3 ms 
[2026-09-01T14:34:03.734] [DEBUG] debug-file - Executing task :entry:default@BuildNativeWithCmake
[2026-09-01T14:34:03.735] [DEBUG] debug-file - Use tool [Cmake]
 [
  'G:\\DevEco Studio\\sdk\\default\\openharmony\\native\\build-tools\\cmake\\bin\\cmake.exe',
  '-HD:\\Walkie\\HarmonyOS\\entry\\src\\main\\cpp',
  '-BD:\\Walkie\\HarmonyOS\\entry\\.cxx\\default\\default\\debug\\arm64-v8a',
  '-DOHOS_ARCH=arm64-v8a',
  '-DCMAKE_LIBRARY_OUTPUT_DIRECTORY=D:\\Walkie\\HarmonyOS\\entry\\build\\default\\intermediates\\cmake\\default\\obj\\arm64-v8a',
  '-DCMAKE_BUILD_TYPE=Debug',
  '-DOHOS_SDK_NATIVE=G:\\DevEco Studio\\sdk\\default\\openharmony\\native',
  '-DCMAKE_SYSTEM_NAME=OHOS',
  '-DCMAKE_OHOS_ARCH_ABI=arm64-v8a',
  '-DCMAKE_EXPORT_COMPILE_COMMANDS=ON',
  '-DCMAKE_TOOLCHAIN_FILE=G:\\DevEco Studio\\sdk\\default\\hms\\native\\build\\cmake\\hmos.toolchain.cmake',
  '-GNinja',
  '-DCMAKE_MAKE_PROGRAM=G:\\DevEco Studio\\sdk\\default\\openharmony\\native\\build-tools\\cmake\\bin\\ninja.exe',
  '-DCMAKE_FIND_ROOT_PATH=D:\\Walkie\\HarmonyOS\\entry\\.cxx\\default\\default\\debug\\hvigor\\arm64-v8a',
  '-DPACKAGE_FIND_FILE=D:\\Walkie\\HarmonyOS\\entry\\.cxx\\default\\default\\debug\\hvigor\\arm64-v8a\\summary.cmake',
  '--no-warn-unused-cli',
  '-DHMOS_SDK_NATIVE=G:\\DevEco Studio\\sdk\\default\\hms\\native'
]
[2026-09-01T14:34:03.746] [DEBUG] debug-file - CMake configuration was up-to-date
[2026-09-01T14:34:03.750] [DEBUG] debug-file - entry : default@BuildNativeWithCmake cost memory 0.17398834228515625
[2026-09-01T14:34:03.750] [DEBUG] debug-file - runTaskFromQueue task cost before running: 226 ms 
[2026-09-01T14:34:03.751] [INFO] debug-file - Finished :entry:default@BuildNativeWithCmake... after 17 ms 
[2026-09-01T14:34:03.751] [DEBUG] debug-file - Executing task :entry:compileNative
[2026-09-01T14:34:03.751] [DEBUG] debug-file - entry : compileNative cost memory 0.011566162109375
[2026-09-01T14:34:03.751] [DEBUG] debug-file - runTaskFromQueue task cost before running: 227 ms 
[2026-09-01T14:34:03.752] [INFO] debug-file - Finished :entry:compileNative... after 1 ms 
[2026-09-01T14:34:03.752] [INFO] debug-file - BUILD SUCCESSFUL in 228 ms 
[2026-09-01T14:34:03.753] [DEBUG] debug-file - Update task entry:default@PreBuild input file:D:\Walkie\HarmonyOS\AppScope\app.json5 cache by regenerate.
[2026-09-01T14:34:03.753] [DEBUG] debug-file - Update task entry:default@PreBuild input file:D:\Walkie\HarmonyOS\entry\src\main\module.json5 cache by regenerate.
[2026-09-01T14:34:03.754] [DEBUG] debug-file - Update task entry:default@PreBuild input file:D:\Walkie\HarmonyOS\build-profile.json5 cache by regenerate.
[2026-09-01T14:34:03.754] [DEBUG] debug-file - Update task entry:default@PreBuild input file:D:\Walkie\HarmonyOS\entry\build-profile.json5 cache by regenerate.
[2026-09-01T14:34:03.754] [DEBUG] debug-file - Update task entry:default@PreBuild input file:D:\Walkie\HarmonyOS\entry\src\main\resources\base\profile\main_pages.json cache by regenerate.
[2026-09-01T14:34:03.754] [DEBUG] debug-file - Update task entry:default@PreBuild input file:D:\Walkie\HarmonyOS\hvigor\hvigor-config.json5 cache by regenerate.
[2026-09-01T14:34:03.755] [DEBUG] debug-file - Update task entry:default@PreBuild input file:D:\Walkie\HarmonyOS\entry\src\mock\mock-config.json5 cache by regenerate.
[2026-09-01T14:34:03.755] [DEBUG] debug-file - Update task entry:default@PreBuild input file:D:\Walkie\HarmonyOS\entry\oh-package.json5 cache by regenerate.
[2026-09-01T14:34:03.755] [DEBUG] debug-file - Update task entry:default@PreBuild input file:D:\Walkie\HarmonyOS\oh-package.json5 cache by regenerate.
[2026-09-01T14:34:03.756] [DEBUG] debug-file - Incremental task entry:default@PreBuild post-execution cost:4 ms .
[2026-09-01T14:34:03.771] [DEBUG] debug-file - hvigor build process will be closed.
[2026-09-01T14:34:03.851] [DEBUG] debug-file - session manager: send message to worker process. WorkerThreadId: 0, data: {"type":"hvigor_failed","reason":"Server has disconnected."}
[2026-09-01T14:34:03.852] [DEBUG] debug-file - session manager: send message to worker process. WorkerThreadId: 0, data: {"type":"CloseWatch","reason":"Server has disconnected."}
[2026-09-01T14:34:03.852] [DEBUG] debug-file - watch worker: worker id should be larger than 0. Nothing will be sent to any worker thread.
[2026-09-01T14:34:03.852] [DEBUG] debug-file - ABORT_WORK sent to workers.
[2026-09-01T14:34:03.852] [DEBUG] debug-file - watch worker: worker id should be larger than 0. Nothing will be sent to any worker thread.
[2026-09-01T14:34:06.409] [DEBUG] debug-file - session manager: set active socket. socketId=JPEaFNVOzIWzBHYmAAFh
[2026-09-01T14:34:06.438] [DEBUG] debug-file - watch worker: worker id should be larger than 0. Nothing will be sent to any worker thread.
[2026-09-01T14:34:06.443] [DEBUG] debug-file - Workers' log level updated to INFO
[2026-09-01T14:34:06.445] [DEBUG] debug-file - Hvigor init with startParameters:{
  hvigorfileTypeCheck: false,
  parallelExecution: true,
  incrementalExecution: true,
  printStackTrace: false,
  daemon: true,
  analyze: 0,
  logLevel: Level { level: 20000, levelStr: 'INFO', colour: 'green' },
  optimizationStrategy: 'memory',
  hotCompile: undefined,
  hotReloadBuild: undefined,
  customizedParam: undefined
}
[2026-09-01T14:34:06.450] [DEBUG] debug-file - Cache service initialization finished in 5 ms 
[2026-09-01T14:34:06.451] [DEBUG] debug-file - hvigorfile, resolving D:\Walkie\HarmonyOS\hvigorfile.ts
[2026-09-01T14:34:06.454] [DEBUG] debug-file - hvigorfile, require result:  { default: { plugins: [] } }
[2026-09-01T14:34:06.454] [DEBUG] debug-file - hvigorfile, binding system plugins null
[2026-09-01T14:34:06.455] [DEBUG] debug-file - Starting plugin build process
[2026-09-01T14:34:06.455] [DEBUG] debug-file - App plugin prepare start...
[2026-09-01T14:34:06.455] [DEBUG] debug-file - App plugin prepare end...
[2026-09-01T14:34:06.455] [DEBUG] debug-file - App plugin creating...
[2026-09-01T14:34:06.462] [DEBUG] debug-file - App plugin register hook start...
[2026-09-01T14:34:06.462] [DEBUG] debug-file - App plugin register hook end...
[2026-09-01T14:34:06.462] [DEBUG] debug-file - Plugin build process completed
[2026-09-01T14:34:06.462] [DEBUG] debug-file - Start initialize project's product build option map with build mode debug.
[2026-09-01T14:34:06.462] [DEBUG] debug-file - Picking option from product 'default' with build mode 'debug'.
[2026-09-01T14:34:06.462] [DEBUG] debug-file - Product 'default' build option initialized
[2026-09-01T14:34:06.463] [DEBUG] debug-file - End initialize project's product build option map with build mode 'debug'.
[2026-09-01T14:34:06.463] [DEBUG] debug-file - Obtain build option for product 'default'in this build.
[2026-09-01T14:34:06.464] [DEBUG] debug-file - D:\Walkie\HarmonyOS\build\cache\default\remote_hsp\remoteHspCache.json not exists.
[2026-09-01T14:34:06.466] [DEBUG] debug-file - Start recording SDK configuration permission data.
[2026-09-01T14:34:06.504] [DEBUG] debug-file - Sdk init in 39 ms 
[2026-09-01T14:34:06.507] [DEBUG] debug-file - Project task initialization takes 2 ms 
[2026-09-01T14:34:06.507] [DEBUG] debug-file - hvigorfile, begin to bind custom plugins...
[2026-09-01T14:34:06.507] [DEBUG] debug-file - hvigorfile, no custom plugins were found in D:\Walkie\HarmonyOS\hvigorfile.ts
[2026-09-01T14:34:06.507] [DEBUG] debug-file - hvigorfile, resolve finished D:\Walkie\HarmonyOS\hvigorfile.ts
[2026-09-01T14:34:06.508] [DEBUG] debug-file - hvigorfile, resolving D:\Walkie\HarmonyOS\entry\hvigorfile.ts
[2026-09-01T14:34:06.511] [DEBUG] debug-file - hvigorfile, require result:  { default: { plugins: [] } }
[2026-09-01T14:34:06.511] [DEBUG] debug-file - hvigorfile, binding system plugins null
[2026-09-01T14:34:06.511] [DEBUG] debug-file - Starting plugin build process
[2026-09-01T14:34:06.511] [DEBUG] debug-file - Hap plugin creating...
[2026-09-01T14:34:06.512] [DEBUG] debug-file - failed to load cangjie to dynamically generate schemas: Error: Cannot find module '@ohos/cangjie-build-support/index'
Require stack:
- G:\DevEco Studio\tools\hvigor\hvigor-ohos-plugin\src\plugin\hooks\cangjie-register.js
- G:\DevEco Studio\tools\hvigor\hvigor-ohos-plugin\src\plugin\strategy\stage-init-strategy.js
- G:\DevEco Studio\tools\hvigor\hvigor-ohos-plugin\src\plugin\builder\abstract-plugin-builder.js
- G:\DevEco Studio\tools\hvigor\hvigor-ohos-plugin\src\plugin\builder\app-plugin-builder.js
- G:\DevEco Studio\tools\hvigor\hvigor-ohos-plugin\src\plugin\factory\plugin-factory.js
- G:\DevEco Studio\tools\hvigor\hvigor-ohos-plugin\index.js
- D:\Walkie\HarmonyOS\hvigorfile.ts
- G:\DevEco Studio\tools\hvigor\hvigor\src\base\internal\lifecycle\configuration.js
- G:\DevEco Studio\tools\hvigor\hvigor\src\base\boot\index.js
- G:\DevEco Studio\tools\hvigor\hvigor\src\base\daemon\cluster\worker-process-lifecycle.js
- G:\DevEco Studio\tools\hvigor\hvigor\src\base\daemon\process\daemon-process-boot-script.js
[2026-09-01T14:34:06.513] [DEBUG] debug-file - Start initialize module-target build option map, moduleName=entry, buildMode=debug
[2026-09-01T14:34:06.513] [DEBUG] debug-file - Target 'default' config initialized
[2026-09-01T14:34:06.515] [DEBUG] debug-file - Module 'entry' target 'default' build option initialized
[2026-09-01T14:34:06.515] [DEBUG] debug-file - End initialize module-target build option map, moduleName=entry
[2026-09-01T14:34:06.515] [DEBUG] debug-file - Start initialize module-target build option map, moduleName=entry, buildMode=release
[2026-09-01T14:34:06.515] [DEBUG] debug-file - Target 'default' config initialized
[2026-09-01T14:34:06.515] [DEBUG] debug-file - Module 'entry' target 'default' build option initialized
[2026-09-01T14:34:06.515] [DEBUG] debug-file - End initialize module-target build option map, moduleName=entry
[2026-09-01T14:34:06.515] [DEBUG] debug-file - Start initialize module-target build option map, moduleName=entry, buildMode=debug
[2026-09-01T14:34:06.515] [DEBUG] debug-file - Target 'default' config initialized
[2026-09-01T14:34:06.516] [DEBUG] debug-file - Module 'entry' target 'default' build option initialized
[2026-09-01T14:34:06.516] [DEBUG] debug-file - End initialize module-target build option map, moduleName=entry
[2026-09-01T14:34:06.516] [DEBUG] debug-file - Obtain build option for module 'entry' target 'default'in this build.
[2026-09-01T14:34:06.518] [DEBUG] debug-file - Module entry task initialization takes 2 ms 
[2026-09-01T14:34:06.518] [DEBUG] debug-file - Hap plugin register hook start...
[2026-09-01T14:34:06.518] [DEBUG] debug-file - Hap plugin register hook end...
[2026-09-01T14:34:06.518] [DEBUG] debug-file - Plugin build process completed
[2026-09-01T14:34:06.518] [DEBUG] debug-file - hvigorfile, begin to bind custom plugins...
[2026-09-01T14:34:06.518] [DEBUG] debug-file - hvigorfile, no custom plugins were found in D:\Walkie\HarmonyOS\entry\hvigorfile.ts
[2026-09-01T14:34:06.518] [DEBUG] debug-file - hvigorfile, resolve finished D:\Walkie\HarmonyOS\entry\hvigorfile.ts
[2026-09-01T14:34:06.583] [DEBUG] debug-file - hvigorfile, resolve hvigorfile dependencies in 65 ms 
[2026-09-01T14:34:06.583] [DEBUG] debug-file - project has submodules:entry
[2026-09-01T14:34:06.584] [DEBUG] debug-file - Start to initialize dependency information.
[2026-09-01T14:34:06.591] [DEBUG] debug-file - Module HarmonyOS Collected Dependency: 
[2026-09-01T14:34:06.591] [DEBUG] debug-file - Module HarmonyOS's total dependency: 0
[2026-09-01T14:34:06.591] [DEBUG] debug-file - Start to initialize dependency information.
[2026-09-01T14:34:06.596] [DEBUG] debug-file - Module entry Collected Dependency: D:\Walkie\HarmonyOS\entry\src\main\cpp\types\libwalkieopus
[2026-09-01T14:34:06.596] [DEBUG] debug-file - Module entry's total dependency: 1
[2026-09-01T14:34:06.599] [DEBUG] debug-file - Configuration phase cost:149 ms 
[2026-09-01T14:34:06.599] [DEBUG] debug-file - Configuration task cost before running: 156 ms 
[2026-09-01T14:34:06.600] [DEBUG] debug-file - Executing task :entry:clean
[2026-09-01T14:34:06.600] [DEBUG] debug-file - clean: Start terminating worker pool.
[2026-09-01T14:34:06.600] [DEBUG] debug-file - Current worker pool is stopped or closed.
[2026-09-01T14:34:06.600] [DEBUG] debug-file - Clear worker 1.
[2026-09-01T14:34:06.600] [DEBUG] debug-file - Clear worker 2.
[2026-09-01T14:34:06.650] [DEBUG] debug-file - worker[2] exits with exit code 1.
[2026-09-01T14:34:06.651] [DEBUG] debug-file - Worker 2 has been cleared.
[2026-09-01T14:34:06.652] [DEBUG] debug-file - Current idle worker size: 0.
[2026-09-01T14:34:06.652] [DEBUG] debug-file - Current busy worker size: 0.
[2026-09-01T14:34:06.693] [DEBUG] debug-file - worker[1] exits with exit code 1.
[2026-09-01T14:34:06.693] [DEBUG] debug-file - Worker 1 has been cleared.
[2026-09-01T14:34:06.693] [DEBUG] debug-file - Current idle worker size: 0.
[2026-09-01T14:34:06.693] [DEBUG] debug-file - Current busy worker size: 0.
[2026-09-01T14:34:06.700] [DEBUG] debug-file - Current worker pool is terminated.
[2026-09-01T14:34:06.700] [DEBUG] debug-file - Current worker pool is terminated.
[2026-09-01T14:34:06.700] [DEBUG] debug-file - clean: Terminating worker pool finished.
[2026-09-01T14:34:06.809] [DEBUG] debug-file - ninja: Entering directory `D:\Walkie\HarmonyOS\entry\.cxx\default\default\debug\arm64-v8a'
[1/1] Cleaning all built files...
Cleaning... 169 files.

[2026-09-01T14:34:06.901] [DEBUG] debug-file - entry : clean cost memory -12.5130615234375
[2026-09-01T14:34:06.901] [DEBUG] debug-file - runTaskFromQueue task cost before running: 458 ms 
[2026-09-01T14:34:06.901] [INFO] debug-file - Finished :entry:clean... after 302 ms 
[2026-09-01T14:34:06.901] [DEBUG] debug-file - Executing task ::clean
[2026-09-01T14:34:06.901] [DEBUG] debug-file - clean: Worker pool is inactive.
[2026-09-01T14:34:06.901] [DEBUG] debug-file - HarmonyOS : clean cost memory 0.0218505859375
[2026-09-01T14:34:06.902] [DEBUG] debug-file - runTaskFromQueue task cost before running: 459 ms 
[2026-09-01T14:34:06.902] [INFO] debug-file - Finished ::clean... after 1 ms 
[2026-09-01T14:34:06.902] [INFO] debug-file - BUILD SUCCESSFUL in 459 ms 
[2026-09-01T14:34:06.940] [DEBUG] debug-file - Since there is no instance or instance is terminated, create a new worker pool.
[2026-09-01T14:34:06.940] [DEBUG] debug-file - Worker pool is initialized with config:  {
  minPoolNum: 2,
  maxPoolNum: undefined,
  maxCoreSize: undefined,
  cacheCapacity: undefined,
  cacheTtl: undefined
}
[2026-09-01T14:34:06.940] [DEBUG] debug-file - Create  resident worker with id: 0.
[2026-09-01T14:34:06.941] [DEBUG] debug-file - Create  resident worker with id: 1.
[2026-09-01T14:34:06.942] [DEBUG] debug-file - Cleanup worker 0.
[2026-09-01T14:34:06.942] [DEBUG] debug-file - Cleanup worker 1.
[2026-09-01T14:34:06.942] [DEBUG] debug-file - hvigor build process will be closed.
[2026-09-01T14:34:06.984] [DEBUG] debug-file - worker[0] exits with exit code 0.
[2026-09-01T14:34:06.984] [DEBUG] debug-file - worker[1] exits with exit code 0.
[2026-09-01T14:34:06.984] [DEBUG] debug-file - Worker 0 has been cleaned up.
[2026-09-01T14:34:06.984] [DEBUG] debug-file - Current idle worker size: 0.
[2026-09-01T14:34:06.984] [DEBUG] debug-file - Current resident worker size: 0.
[2026-09-01T14:34:06.984] [DEBUG] debug-file - Worker 1 has been cleaned up.
[2026-09-01T14:34:06.984] [DEBUG] debug-file - Current idle worker size: 0.
[2026-09-01T14:34:06.984] [DEBUG] debug-file - Current resident worker size: 0.
[2026-09-01T14:34:07.062] [DEBUG] debug-file - session manager: send message to worker process. WorkerThreadId: 0, data: {"type":"hvigor_failed","reason":"Server has disconnected."}
[2026-09-01T14:34:07.062] [DEBUG] debug-file - session manager: send message to worker process. WorkerThreadId: 0, data: {"type":"CloseWatch","reason":"Server has disconnected."}
[2026-09-01T14:34:07.064] [DEBUG] debug-file - watch worker: worker id should be larger than 0. Nothing will be sent to any worker thread.
[2026-09-01T14:34:07.065] [DEBUG] debug-file - ABORT_WORK sent to workers.
[2026-09-01T14:34:07.065] [DEBUG] debug-file - watch worker: worker id should be larger than 0. Nothing will be sent to any worker thread.
[2026-09-01T14:34:10.242] [DEBUG] debug-file - session manager: set active socket. socketId=6zSolQBVjwadWp1EAAFj
[2026-09-01T14:34:10.255] [DEBUG] debug-file - watch worker: worker id should be larger than 0. Nothing will be sent to any worker thread.
[2026-09-01T14:34:10.259] [DEBUG] debug-file - Workers' log level updated to INFO
[2026-09-01T14:34:10.261] [DEBUG] debug-file - Hvigor init with startParameters:{
  hvigorfileTypeCheck: false,
  parallelExecution: true,
  incrementalExecution: true,
  printStackTrace: false,
  daemon: true,
  analyze: 0,
  logLevel: Level { level: 20000, levelStr: 'INFO', colour: 'green' },
  optimizationStrategy: 'memory',
  hotCompile: undefined,
  hotReloadBuild: undefined,
  customizedParam: undefined
}
[2026-09-01T14:34:10.265] [DEBUG] debug-file - Cache service initialization finished in 4 ms 
[2026-09-01T14:34:10.266] [DEBUG] debug-file - hvigorfile, resolving D:\Walkie\HarmonyOS\hvigorfile.ts
[2026-09-01T14:34:10.270] [DEBUG] debug-file - hvigorfile, require result:  { default: { plugins: [] } }
[2026-09-01T14:34:10.270] [DEBUG] debug-file - hvigorfile, binding system plugins null
[2026-09-01T14:34:10.270] [DEBUG] debug-file - Starting plugin build process
[2026-09-01T14:34:10.270] [DEBUG] debug-file - App plugin prepare start...
[2026-09-01T14:34:10.270] [DEBUG] debug-file - App plugin prepare end...
[2026-09-01T14:34:10.270] [DEBUG] debug-file - App plugin creating...
[2026-09-01T14:34:10.453] [DEBUG] debug-file - App plugin register hook start...
[2026-09-01T14:34:10.453] [DEBUG] debug-file - App plugin register hook end...
[2026-09-01T14:34:10.453] [DEBUG] debug-file - Plugin build process completed
[2026-09-01T14:34:10.453] [DEBUG] debug-file - Start initialize project's product build option map with build mode debug.
[2026-09-01T14:34:10.453] [DEBUG] debug-file - Picking option from product 'default' with build mode 'debug'.
[2026-09-01T14:34:10.454] [DEBUG] debug-file - Product 'default' build option initialized
[2026-09-01T14:34:10.454] [DEBUG] debug-file - End initialize project's product build option map with build mode 'debug'.
[2026-09-01T14:34:10.454] [DEBUG] debug-file - Obtain build option for product 'default'in this build.
[2026-09-01T14:34:10.455] [DEBUG] debug-file - D:\Walkie\HarmonyOS\build\cache\default\remote_hsp\remoteHspCache.json not exists.
[2026-09-01T14:34:10.456] [DEBUG] debug-file - Start recording SDK configuration permission data.
[2026-09-01T14:34:10.499] [DEBUG] debug-file - Sdk init in 44 ms 
[2026-09-01T14:34:10.501] [DEBUG] debug-file - Project task initialization takes 3 ms 
[2026-09-01T14:34:10.502] [DEBUG] debug-file - hvigorfile, begin to bind custom plugins...
[2026-09-01T14:34:10.502] [DEBUG] debug-file - hvigorfile, no custom plugins were found in D:\Walkie\HarmonyOS\hvigorfile.ts
[2026-09-01T14:34:10.502] [DEBUG] debug-file - hvigorfile, resolve finished D:\Walkie\HarmonyOS\hvigorfile.ts
[2026-09-01T14:34:10.502] [DEBUG] debug-file - hvigorfile, resolving D:\Walkie\HarmonyOS\entry\hvigorfile.ts
[2026-09-01T14:34:10.504] [DEBUG] debug-file - hvigorfile, require result:  { default: { plugins: [] } }
[2026-09-01T14:34:10.505] [DEBUG] debug-file - hvigorfile, binding system plugins null
[2026-09-01T14:34:10.505] [DEBUG] debug-file - Starting plugin build process
[2026-09-01T14:34:10.505] [DEBUG] debug-file - Hap plugin creating...
[2026-09-01T14:34:10.506] [DEBUG] debug-file - failed to load cangjie to dynamically generate schemas: Error: Cannot find module '@ohos/cangjie-build-support/index'
Require stack:
- G:\DevEco Studio\tools\hvigor\hvigor-ohos-plugin\src\plugin\hooks\cangjie-register.js
- G:\DevEco Studio\tools\hvigor\hvigor-ohos-plugin\src\plugin\strategy\stage-init-strategy.js
- G:\DevEco Studio\tools\hvigor\hvigor-ohos-plugin\src\plugin\builder\abstract-plugin-builder.js
- G:\DevEco Studio\tools\hvigor\hvigor-ohos-plugin\src\plugin\builder\app-plugin-builder.js
- G:\DevEco Studio\tools\hvigor\hvigor-ohos-plugin\src\plugin\factory\plugin-factory.js
- G:\DevEco Studio\tools\hvigor\hvigor-ohos-plugin\index.js
- D:\Walkie\HarmonyOS\hvigorfile.ts
- G:\DevEco Studio\tools\hvigor\hvigor\src\base\internal\lifecycle\configuration.js
- G:\DevEco Studio\tools\hvigor\hvigor\src\base\boot\index.js
- G:\DevEco Studio\tools\hvigor\hvigor\src\base\daemon\cluster\worker-process-lifecycle.js
- G:\DevEco Studio\tools\hvigor\hvigor\src\base\daemon\process\daemon-process-boot-script.js
[2026-09-01T14:34:10.508] [DEBUG] debug-file - Start initialize module-target build option map, moduleName=entry, buildMode=debug
[2026-09-01T14:34:10.508] [DEBUG] debug-file - Target 'default' config initialized
[2026-09-01T14:34:10.508] [DEBUG] debug-file - Module 'entry' target 'default' build option initialized
[2026-09-01T14:34:10.508] [DEBUG] debug-file - End initialize module-target build option map, moduleName=entry
[2026-09-01T14:34:10.508] [DEBUG] debug-file - Start initialize module-target build option map, moduleName=entry, buildMode=release
[2026-09-01T14:34:10.509] [DEBUG] debug-file - Target 'default' config initialized
[2026-09-01T14:34:10.509] [DEBUG] debug-file - Module 'entry' target 'default' build option initialized
[2026-09-01T14:34:10.509] [DEBUG] debug-file - End initialize module-target build option map, moduleName=entry
[2026-09-01T14:34:10.509] [DEBUG] debug-file - Start initialize module-target build option map, moduleName=entry, buildMode=debug
[2026-09-01T14:34:10.509] [DEBUG] debug-file - Target 'default' config initialized
[2026-09-01T14:34:10.509] [DEBUG] debug-file - Module 'entry' target 'default' build option initialized
[2026-09-01T14:34:10.509] [DEBUG] debug-file - End initialize module-target build option map, moduleName=entry
[2026-09-01T14:34:10.509] [DEBUG] debug-file - Obtain build option for module 'entry' target 'default'in this build.
[2026-09-01T14:34:10.512] [DEBUG] debug-file - Module entry task initialization takes 3 ms 
[2026-09-01T14:34:10.512] [DEBUG] debug-file - Hap plugin register hook start...
[2026-09-01T14:34:10.512] [DEBUG] debug-file - Hap plugin register hook end...
[2026-09-01T14:34:10.512] [DEBUG] debug-file - Plugin build process completed
[2026-09-01T14:34:10.512] [DEBUG] debug-file - hvigorfile, begin to bind custom plugins...
[2026-09-01T14:34:10.512] [DEBUG] debug-file - hvigorfile, no custom plugins were found in D:\Walkie\HarmonyOS\entry\hvigorfile.ts
[2026-09-01T14:34:10.512] [DEBUG] debug-file - hvigorfile, resolve finished D:\Walkie\HarmonyOS\entry\hvigorfile.ts
[2026-09-01T14:34:10.608] [DEBUG] debug-file - hvigorfile, resolve hvigorfile dependencies in 96 ms 
[2026-09-01T14:34:10.609] [DEBUG] debug-file - project has submodules:entry
[2026-09-01T14:34:10.610] [DEBUG] debug-file - start to load updatedOhPackageInfo to the disk
[2026-09-01T14:34:10.612] [DEBUG] debug-file - load to the disk finished
[2026-09-01T14:34:10.613] [DEBUG] debug-file - Start to initialize dependency information.
[2026-09-01T14:34:10.620] [DEBUG] debug-file - Module HarmonyOS Collected Dependency: 
[2026-09-01T14:34:10.620] [DEBUG] debug-file - Module HarmonyOS's total dependency: 0
[2026-09-01T14:34:10.620] [DEBUG] debug-file - Start to initialize dependency information.
[2026-09-01T14:34:10.624] [DEBUG] debug-file - Module entry Collected Dependency: D:\Walkie\HarmonyOS\entry\src\main\cpp\types\libwalkieopus
[2026-09-01T14:34:10.625] [DEBUG] debug-file - Module entry's total dependency: 1
[2026-09-01T14:34:10.629] [DEBUG] debug-file - Configuration phase cost:364 ms 
[2026-09-01T14:34:10.630] [DEBUG] debug-file - Configuration task cost before running: 371 ms 
[2026-09-01T14:34:10.634] [DEBUG] debug-file - Executing task :entry:default@PreBuild
[2026-09-01T14:34:10.636] [DEBUG] debug-file - Task 'entry:default@PreBuild' cost while wrapping incremental declarations: 1 ms 
[2026-09-01T14:34:10.647] [DEBUG] debug-file - Incremental task entry:default@PreBuild pre-execution cost: 8 ms .
[2026-09-01T14:34:10.648] [DEBUG] debug-file - entry : default@PreBuild cost memory 0.5716629028320312
[2026-09-01T14:34:10.654] [INFO] debug-file - UP-TO-DATE :entry:default@PreBuild...  
[2026-09-01T14:34:10.656] [DEBUG] debug-file - Executing task :entry:default@CreateModuleInfo
[2026-09-01T14:34:10.656] [DEBUG] debug-file - Task 'entry:default@CreateModuleInfo' cost while wrapping incremental declarations: 1 ms 
[2026-09-01T14:34:10.656] [DEBUG] debug-file - entry : default@CreateModuleInfo cost memory 0.03685760498046875
[2026-09-01T14:34:10.657] [DEBUG] debug-file - runTaskFromQueue task cost before running: 398 ms 
[2026-09-01T14:34:10.657] [INFO] debug-file - Finished :entry:default@CreateModuleInfo... after 1 ms 
[2026-09-01T14:34:10.661] [DEBUG] debug-file - Executing task :entry:default@GenerateMetadata
[2026-09-01T14:34:10.662] [DEBUG] debug-file - Task 'entry:default@GenerateMetadata' cost while wrapping incremental declarations: 1 ms 
[2026-09-01T14:34:10.664] [DEBUG] debug-file - entry:default@GenerateMetadata is not up-to-date, since the output file 'D:\Walkie\HarmonyOS\entry\build\default\intermediates\hap_metadata\default\output_metadata.json' does not exist.
[2026-09-01T14:34:10.664] [DEBUG] debug-file - Incremental task entry:default@GenerateMetadata pre-execution cost: 2 ms .
[2026-09-01T14:34:10.671] [DEBUG] debug-file - entry : default@GenerateMetadata cost memory 0.077117919921875
[2026-09-01T14:34:10.671] [DEBUG] debug-file - runTaskFromQueue task cost before running: 412 ms 
[2026-09-01T14:34:10.672] [INFO] debug-file - Finished :entry:default@GenerateMetadata... after 11 ms 
[2026-09-01T14:34:10.684] [DEBUG] debug-file - Executing task :entry:default@ConfigureCmake
[2026-09-01T14:34:10.743] [DEBUG] debug-file - entry : default@ConfigureCmake cost memory -23.47649383544922
[2026-09-01T14:34:10.743] [DEBUG] debug-file - runTaskFromQueue task cost before running: 484 ms 
[2026-09-01T14:34:10.743] [INFO] debug-file - Finished :entry:default@ConfigureCmake... after 59 ms 
[2026-09-01T14:34:10.745] [DEBUG] debug-file - Executing task :entry:default@MergeProfile
[2026-09-01T14:34:10.745] [DEBUG] debug-file - Task 'entry:default@MergeProfile' cost while wrapping incremental declarations: 1 ms 
[2026-09-01T14:34:10.747] [DEBUG] debug-file - entry:default@MergeProfile is not up-to-date, since the output file 'D:\Walkie\HarmonyOS\entry\build\default\intermediates\merge_profile\default\module.json' does not exist.
[2026-09-01T14:34:10.747] [DEBUG] debug-file - Incremental task entry:default@MergeProfile pre-execution cost: 2 ms .
[2026-09-01T14:34:10.747] [DEBUG] debug-file - Change app api release type with 'Release'
[2026-09-01T14:34:10.747] [DEBUG] debug-file - Change app compile API version with '26.0.0.105'
[2026-09-01T14:34:10.747] [DEBUG] debug-file - Change app target API version with '260000026'
[2026-09-01T14:34:10.747] [DEBUG] debug-file - Change app minimum API version with '60101024'
[2026-09-01T14:34:10.747] [DEBUG] debug-file - Use cli appEnvironment
[2026-09-01T14:34:10.778] [DEBUG] debug-file - entry : default@MergeProfile cost memory 5.625358581542969
[2026-09-01T14:34:10.779] [DEBUG] debug-file - runTaskFromQueue task cost before running: 520 ms 
[2026-09-01T14:34:10.780] [INFO] debug-file - Finished :entry:default@MergeProfile... after 35 ms 
[2026-09-01T14:34:10.781] [DEBUG] debug-file - Executing task :entry:default@CreateBuildProfile
[2026-09-01T14:34:10.782] [DEBUG] debug-file - Task 'entry:default@CreateBuildProfile' cost while wrapping incremental declarations: 1 ms 
[2026-09-01T14:34:10.783] [DEBUG] debug-file - entry:default@CreateBuildProfile is not up-to-date, since the output file 'D:\Walkie\HarmonyOS\entry\build\default\generated\profile\default\BuildProfile.ets' does not exist.
[2026-09-01T14:34:10.783] [DEBUG] debug-file - Incremental task entry:default@CreateBuildProfile pre-execution cost: 2 ms .
[2026-09-01T14:34:10.785] [DEBUG] debug-file - entry : default@CreateBuildProfile cost memory 0.08304595947265625
[2026-09-01T14:34:10.785] [DEBUG] debug-file - runTaskFromQueue task cost before running: 526 ms 
[2026-09-01T14:34:10.785] [INFO] debug-file - Finished :entry:default@CreateBuildProfile... after 4 ms 
[2026-09-01T14:34:10.786] [DEBUG] debug-file - Executing task :entry:default@PreCheckSyscap
[2026-09-01T14:34:10.786] [DEBUG] debug-file - entry : default@PreCheckSyscap cost memory 0.0138397216796875
[2026-09-01T14:34:10.786] [DEBUG] debug-file - runTaskFromQueue task cost before running: 527 ms 
[2026-09-01T14:34:10.786] [INFO] debug-file - Finished :entry:default@PreCheckSyscap... after 1 ms 
[2026-09-01T14:34:10.787] [DEBUG] debug-file - Executing task :entry:default@GeneratePkgSdkInfo
[2026-09-01T14:34:10.791] [DEBUG] debug-file - Task 'entry:default@GeneratePkgSdkInfo' cost while wrapping incremental declarations: 1 ms 
[2026-09-01T14:34:10.791] [DEBUG] debug-file - entry : default@GeneratePkgSdkInfo cost memory 0.12210845947265625
[2026-09-01T14:34:10.791] [DEBUG] debug-file - runTaskFromQueue task cost before running: 532 ms 
[2026-09-01T14:34:10.791] [INFO] debug-file - Finished :entry:default@GeneratePkgSdkInfo... after 5 ms 
[2026-09-01T14:34:10.796] [DEBUG] debug-file - Executing task :entry:default@ProcessIntegratedHsp
[2026-09-01T14:34:10.796] [DEBUG] debug-file - entry:default@ProcessIntegratedHsp is not up-to-date, since the output file 'D:\Walkie\HarmonyOS\build\cache\default\integrated_hsp\integratedHspCache.json' does not exist.
[2026-09-01T14:34:10.796] [DEBUG] debug-file - Incremental task entry:default@ProcessIntegratedHsp pre-execution cost: 1 ms .
[2026-09-01T14:34:10.796] [DEBUG] debug-file - entry : default@ProcessIntegratedHsp cost memory 0.04657745361328125
[2026-09-01T14:34:10.796] [DEBUG] debug-file - runTaskFromQueue task cost before running: 538 ms 
[2026-09-01T14:34:10.797] [INFO] debug-file - Finished :entry:default@ProcessIntegratedHsp... after 1 ms 
[2026-09-01T14:34:10.798] [DEBUG] debug-file - Executing task :entry:default@BuildNativeWithCmake
[2026-09-01T14:34:10.799] [DEBUG] debug-file - Use tool [Cmake]
 [
  'G:\\DevEco Studio\\sdk\\default\\openharmony\\native\\build-tools\\cmake\\bin\\cmake.exe',
  '-HD:\\Walkie\\HarmonyOS\\entry\\src\\main\\cpp',
  '-BD:\\Walkie\\HarmonyOS\\entry\\.cxx\\default\\default\\debug\\arm64-v8a',
  '-DOHOS_ARCH=arm64-v8a',
  '-DCMAKE_LIBRARY_OUTPUT_DIRECTORY=D:\\Walkie\\HarmonyOS\\entry\\build\\default\\intermediates\\cmake\\default\\obj\\arm64-v8a',
  '-DCMAKE_BUILD_TYPE=Debug',
  '-DOHOS_SDK_NATIVE=G:\\DevEco Studio\\sdk\\default\\openharmony\\native',
  '-DCMAKE_SYSTEM_NAME=OHOS',
  '-DCMAKE_OHOS_ARCH_ABI=arm64-v8a',
  '-DCMAKE_EXPORT_COMPILE_COMMANDS=ON',
  '-DCMAKE_TOOLCHAIN_FILE=G:\\DevEco Studio\\sdk\\default\\hms\\native\\build\\cmake\\hmos.toolchain.cmake',
  '-GNinja',
  '-DCMAKE_MAKE_PROGRAM=G:\\DevEco Studio\\sdk\\default\\openharmony\\native\\build-tools\\cmake\\bin\\ninja.exe',
  '-DCMAKE_FIND_ROOT_PATH=D:\\Walkie\\HarmonyOS\\entry\\.cxx\\default\\default\\debug\\hvigor\\arm64-v8a',
  '-DPACKAGE_FIND_FILE=D:\\Walkie\\HarmonyOS\\entry\\.cxx\\default\\default\\debug\\hvigor\\arm64-v8a\\summary.cmake',
  '--no-warn-unused-cli',
  '-DHMOS_SDK_NATIVE=G:\\DevEco Studio\\sdk\\default\\hms\\native'
]
[2026-09-01T14:34:10.813] [DEBUG] debug-file - - a file changed
[2026-09-01T14:34:10.813] [DEBUG] debug-file -   - D:\Walkie\HarmonyOS\entry\.cxx\default\default\debug\arm64-v8a\CMakeCache.txt (DELETED)
[2026-09-01T14:34:10.814] [DEBUG] debug-file - default@BuildNativeWithCmake work[363] is submitted.
[2026-09-01T14:34:10.814] [DEBUG] debug-file - default@BuildNativeWithCmake work[363] is pushed to ready queue.
[2026-09-01T14:34:10.814] [DEBUG] debug-file - default@BuildNativeWithCmake work[363] is not dispatched.
[2026-09-01T14:34:10.814] [DEBUG] debug-file - entry : default@BuildNativeWithCmake cost memory 0.2187652587890625
[2026-09-01T14:34:10.816] [DEBUG] debug-file - Executing task :entry:default@MakePackInfo
[2026-09-01T14:34:10.820] [DEBUG] debug-file - entry:default@MakePackInfo is not up-to-date, since the output file 'D:\Walkie\HarmonyOS\entry\build\default\outputs\default\pack.info' does not exist.
[2026-09-01T14:34:10.821] [DEBUG] debug-file - Incremental task entry:default@MakePackInfo pre-execution cost: 5 ms .
[2026-09-01T14:34:10.822] [DEBUG] debug-file - Module Pack Info:  {
  summary: {
    app: { bundleName: 'c***s', bundleType: 'app', version: [Object] },
    modules: [ [Object] ]
  },
  packages: [
    {
      deviceType: [Array],
      moduleType: 'entry',
      deliveryWithInstall: true,
      name: 'entry-default'
    }
  ]
}
[2026-09-01T14:34:10.824] [DEBUG] debug-file - entry : default@MakePackInfo cost memory 0.11820220947265625
[2026-09-01T14:34:10.825] [DEBUG] debug-file - runTaskFromQueue task cost before running: 566 ms 
[2026-09-01T14:34:10.826] [INFO] debug-file - Finished :entry:default@MakePackInfo... after 9 ms 
[2026-09-01T14:34:10.829] [DEBUG] debug-file - Executing task :entry:default@SyscapTransform
[2026-09-01T14:34:10.830] [DEBUG] debug-file - File: 'D:\Walkie\HarmonyOS\entry\src\main\syscap.json' from 'sysCapJsonPath' is not exists, just ignore.
[2026-09-01T14:34:10.830] [DEBUG] debug-file - Task 'entry:default@SyscapTransform' cost while wrapping incremental declarations: 1 ms 
[2026-09-01T14:34:10.832] [DEBUG] debug-file - entry:default@SyscapTransform is not up-to-date, since the output file 'D:\Walkie\HarmonyOS\entry\build\default\intermediates\syscap\default\rpcid.sc' does not exist.
[2026-09-01T14:34:10.832] [DEBUG] debug-file - Incremental task entry:default@SyscapTransform pre-execution cost: 2 ms .
[2026-09-01T14:34:10.832] [DEBUG] debug-file - entry : default@SyscapTransform cost memory 0.102569580078125
[2026-09-01T14:34:10.832] [DEBUG] debug-file - runTaskFromQueue task cost before running: 573 ms 
[2026-09-01T14:34:10.832] [INFO] debug-file - Finished :entry:default@SyscapTransform... after 3 ms 
[2026-09-01T14:34:11.032] [DEBUG] debug-file - A work dispatched to worker[3] failed because unable to get work from ready queue.
[2026-09-01T14:34:11.032] [DEBUG] debug-file - Create  resident worker with id: 2.
[2026-09-01T14:34:11.033] [DEBUG] debug-file - default@BuildNativeWithCmake work[363] has been dispatched to worker[2].
[2026-09-01T14:34:12.458] [DEBUG] debug-file - Not searching for unused variables given on the command line.

[2026-09-01T14:34:12.599] [DEBUG] debug-file - -- The C compiler identification is Clang 15.0.4

[2026-09-01T14:34:12.756] [DEBUG] debug-file - -- The CXX compiler identification is Clang 15.0.4

[2026-09-01T14:34:12.881] [DEBUG] debug-file - -- Detecting C compiler ABI info

[2026-09-01T14:34:13.277] [DEBUG] debug-file - -- Detecting C compiler ABI info - done

[2026-09-01T14:34:13.299] [DEBUG] debug-file - -- Check for working C compiler: G:/DevEco Studio/sdk/default/openharmony/native/llvm/bin/clang.exe - skipped

[2026-09-01T14:34:13.300] [DEBUG] debug-file - -- Detecting C compile features

[2026-09-01T14:34:13.301] [DEBUG] debug-file - -- Detecting C compile features - done

[2026-09-01T14:34:13.364] [DEBUG] debug-file - -- Detecting CXX compiler ABI info

[2026-09-01T14:34:13.758] [DEBUG] debug-file - -- Detecting CXX compiler ABI info - done

[2026-09-01T14:34:13.779] [DEBUG] debug-file - -- Check for working CXX compiler: G:/DevEco Studio/sdk/default/openharmony/native/llvm/bin/clang++.exe - skipped

[2026-09-01T14:34:13.780] [DEBUG] debug-file - -- Detecting CXX compile features

[2026-09-01T14:34:13.781] [DEBUG] debug-file - -- Detecting CXX compile features - done

[2026-09-01T14:34:13.789] [DEBUG] debug-file - -- Configuring done (1.3s)

[2026-09-01T14:34:13.895] [DEBUG] debug-file - -- Generating done (0.1s)

[2026-09-01T14:34:14.002] [DEBUG] debug-file - -- Build files have been written to: D:/Walkie/HarmonyOS/entry/.cxx/default/default/debug/arm64-v8a

[2026-09-01T14:34:14.013] [DEBUG] debug-file - worker[2] has one work done.
[2026-09-01T14:34:14.054] [DEBUG] debug-file - default@BuildNativeWithCmake work[363] done.
[2026-09-01T14:34:14.055] [INFO] debug-file - Finished :entry:default@BuildNativeWithCmake... after 1 s 639 ms 
[2026-09-01T14:34:14.056] [DEBUG] debug-file - Executing task :entry:default@BuildNativeWithNinja
[2026-09-01T14:34:14.057] [DEBUG] debug-file - Use tool [Ninja]
 [
  'G:\\DevEco Studio\\sdk\\default\\openharmony\\native\\build-tools\\cmake\\bin\\ninja.exe',
  '-C',
  'D:\\Walkie\\HarmonyOS\\entry\\.cxx\\default\\default\\debug\\arm64-v8a'
]
[2026-09-01T14:34:14.057] [DEBUG] debug-file - default@BuildNativeWithNinja work[364] is submitted.
[2026-09-01T14:34:14.057] [DEBUG] debug-file - default@BuildNativeWithNinja work[364] is pushed to ready queue.
[2026-09-01T14:34:14.057] [DEBUG] debug-file - default@BuildNativeWithNinja work[364] is not dispatched.
[2026-09-01T14:34:14.067] [DEBUG] debug-file - OHOS_STL is c++_shared
[2026-09-01T14:34:14.067] [DEBUG] debug-file - Copy STL libc++_shared.so to D:\Walkie\HarmonyOS\entry\build\default\intermediates\cmake\default\obj\arm64-v8a due to OHOS_STL is 'c++_shared'
[2026-09-01T14:34:14.083] [DEBUG] debug-file - entry : default@BuildNativeWithNinja cost memory -10.275993347167969
[2026-09-01T14:34:14.084] [DEBUG] debug-file - Executing task :entry:default@GeneratePkgContextInfo
[2026-09-01T14:34:14.097] [DEBUG] debug-file - Task 'entry:default@GeneratePkgContextInfo' cost while wrapping incremental declarations: 1 ms 
[2026-09-01T14:34:14.098] [DEBUG] debug-file - entry:default@GeneratePkgContextInfo is not up-to-date, since the output file 'D:\Walkie\HarmonyOS\entry\build\default\intermediates\loader\default\pkgContextInfo.json' does not exist.
[2026-09-01T14:34:14.098] [DEBUG] debug-file - Incremental task entry:default@GeneratePkgContextInfo pre-execution cost: 1 ms .
[2026-09-01T14:34:14.098] [DEBUG] debug-file - entry : default@GeneratePkgContextInfo cost memory 2.0133819580078125
[2026-09-01T14:34:14.098] [DEBUG] debug-file - runTaskFromQueue task cost before running: 3 s 840 ms 
[2026-09-01T14:34:14.099] [INFO] debug-file - Finished :entry:default@GeneratePkgContextInfo... after 15 ms 
[2026-09-01T14:34:14.100] [DEBUG] debug-file - Executing task :entry:default@ProcessProfile
[2026-09-01T14:34:14.114] [DEBUG] debug-file - Task 'entry:default@ProcessProfile' cost while wrapping incremental declarations: 1 ms 
[2026-09-01T14:34:14.115] [DEBUG] debug-file - entry:default@ProcessProfile is not up-to-date, since the input file 'D:\Walkie\HarmonyOS\entry\build\default\intermediates\merge_profile\default\module.json' has been changed.
[2026-09-01T14:34:14.115] [DEBUG] debug-file - Incremental task entry:default@ProcessProfile pre-execution cost: 1 ms .
[2026-09-01T14:34:14.116] [DEBUG] debug-file - [
  'G:\\DevEco Studio\\tools\\node\\node.exe',
  'G:\\DevEco Studio\\sdk\\default\\openharmony\\ets\\build-tools\\ets-loader\\bin\\ark\\ts2abc.js',
  '--target-api-version',
  '24'
]
[2026-09-01T14:34:14.227] [DEBUG] debug-file - 24.0.0.0
[2026-09-01T14:34:14.229] [DEBUG] debug-file - No need to add fake ui ability because of not in preview process.
[2026-09-01T14:34:14.230] [DEBUG] debug-file - entry : default@ProcessProfile cost memory 3.0002288818359375
[2026-09-01T14:34:14.230] [DEBUG] debug-file - runTaskFromQueue task cost before running: 3 s 971 ms 
[2026-09-01T14:34:14.230] [INFO] debug-file - Finished :entry:default@ProcessProfile... after 131 ms 
[2026-09-01T14:34:14.231] [DEBUG] debug-file - Executing task :entry:default@ProcessRouterMap
[2026-09-01T14:34:14.234] [DEBUG] debug-file - entry:default@ProcessRouterMap is not up-to-date, since the input file 'D:\Walkie\HarmonyOS\entry\build\default\intermediates\loader\default\pkgContextInfo.json' has been changed.
[2026-09-01T14:34:14.234] [DEBUG] debug-file - Incremental task entry:default@ProcessRouterMap pre-execution cost: 2 ms .
[2026-09-01T14:34:14.236] [DEBUG] debug-file - entry : default@ProcessRouterMap cost memory 0.09845733642578125
[2026-09-01T14:34:14.236] [DEBUG] debug-file - runTaskFromQueue task cost before running: 3 s 977 ms 
[2026-09-01T14:34:14.237] [INFO] debug-file - Finished :entry:default@ProcessRouterMap... after 5 ms 
[2026-09-01T14:34:14.237] [DEBUG] debug-file - Executing task :entry:default@ProcessShareConfig
[2026-09-01T14:34:14.240] [DEBUG] debug-file - entry:default@ProcessShareConfig is not up-to-date, since the input file 'D:\Walkie\HarmonyOS\entry\build\default\intermediates\loader\default\pkgContextInfo.json' has been changed.
[2026-09-01T14:34:14.240] [DEBUG] debug-file - Incremental task entry:default@ProcessShareConfig pre-execution cost: 2 ms .
[2026-09-01T14:34:14.241] [DEBUG] debug-file - entry : default@ProcessShareConfig cost memory 0.09326171875
[2026-09-01T14:34:14.241] [DEBUG] debug-file - runTaskFromQueue task cost before running: 3 s 983 ms 
[2026-09-01T14:34:14.242] [INFO] debug-file - Finished :entry:default@ProcessShareConfig... after 4 ms 
[2026-09-01T14:34:14.243] [DEBUG] debug-file - Executing task :entry:default@ProcessStartupConfig
[2026-09-01T14:34:14.243] [DEBUG] debug-file - Task 'entry:default@ProcessStartupConfig' cost while wrapping incremental declarations: 1 ms 
[2026-09-01T14:34:14.244] [DEBUG] debug-file - entry:default@ProcessStartupConfig is not up-to-date, since the input file 'D:\Walkie\HarmonyOS\entry\build\default\intermediates\loader\default\pkgContextInfo.json' has been changed.
[2026-09-01T14:34:14.244] [DEBUG] debug-file - Incremental task entry:default@ProcessStartupConfig pre-execution cost: 1 ms .
[2026-09-01T14:34:14.245] [DEBUG] debug-file - entry : default@ProcessStartupConfig cost memory 0.11029052734375
[2026-09-01T14:34:14.245] [DEBUG] debug-file - runTaskFromQueue task cost before running: 3 s 986 ms 
[2026-09-01T14:34:14.245] [INFO] debug-file - Finished :entry:default@ProcessStartupConfig... after 2 ms 
[2026-09-01T14:34:14.246] [DEBUG] debug-file - restool module names: entry; moduleName=entry, taskName=default@ProcessResource
[2026-09-01T14:34:14.247] [DEBUG] debug-file - Executing task :entry:default@ProcessResource
[2026-09-01T14:34:14.247] [DEBUG] debug-file - Task 'entry:default@ProcessResource' cost while wrapping incremental declarations: 1 ms 
[2026-09-01T14:34:14.247] [DEBUG] debug-file - entry:default@ProcessResource is not up-to-date, since the output file 'D:\Walkie\HarmonyOS\entry\build\default\intermediates\res\default\resConfig.json' does not exist.
[2026-09-01T14:34:14.247] [DEBUG] debug-file - Incremental task entry:default@ProcessResource pre-execution cost: 1 ms .
[2026-09-01T14:34:14.249] [DEBUG] debug-file - entry : default@ProcessResource cost memory 0.09726715087890625
[2026-09-01T14:34:14.249] [DEBUG] debug-file - runTaskFromQueue task cost before running: 3 s 990 ms 
[2026-09-01T14:34:14.250] [INFO] debug-file - Finished :entry:default@ProcessResource... after 3 ms 
[2026-09-01T14:34:14.251] [DEBUG] debug-file - Executing task :entry:default@GenerateLoaderJson
[2026-09-01T14:34:14.252] [DEBUG] debug-file - Task 'entry:default@GenerateLoaderJson' cost while wrapping incremental declarations: 1 ms 
[2026-09-01T14:34:14.259] [DEBUG] debug-file - entry:default@GenerateLoaderJson is not up-to-date, since the input file 'D:\Walkie\HarmonyOS\entry\build\default\intermediates\loader\default\pkgContextInfo.json' has been changed.
[2026-09-01T14:34:14.259] [DEBUG] debug-file - Incremental task entry:default@GenerateLoaderJson pre-execution cost: 5 ms .
[2026-09-01T14:34:14.261] [DEBUG] debug-file - entry : default@GenerateLoaderJson cost memory 0.313079833984375
[2026-09-01T14:34:14.262] [DEBUG] debug-file - runTaskFromQueue task cost before running: 4 s 3 ms 
[2026-09-01T14:34:14.271] [INFO] debug-file - Finished :entry:default@GenerateLoaderJson... after 11 ms 
[2026-09-01T14:34:14.273] [DEBUG] debug-file - restool module names: entry; moduleName=entry, taskName=default@CompileResource
[2026-09-01T14:34:14.274] [DEBUG] debug-file - Executing task :entry:default@CompileResource
[2026-09-01T14:34:14.286] [DEBUG] debug-file - entry:default@CompileResource is not up-to-date, since the input file 'D:\Walkie\HarmonyOS\entry\build\default\intermediates\process_profile\default\module.json' has been changed.
[2026-09-01T14:34:14.286] [DEBUG] debug-file - Incremental task entry:default@CompileResource pre-execution cost: 12 ms .
[2026-09-01T14:34:14.288] [DEBUG] debug-file - Use tool [G:\DevEco Studio\sdk\default\openharmony\toolchains\restool.exe]
 [
  'G:\\DevEco Studio\\sdk\\default\\openharmony\\toolchains\\restool.exe',
  '-l',
  'D:\\Walkie\\HarmonyOS\\entry\\build\\default\\intermediates\\res\\default\\resConfig.json'
]
[2026-09-01T14:34:14.290] [DEBUG] debug-file - current process  memoryUsage: {
  rss: 543404032,
  heapTotal: 168865792,
  heapUsed: 131288232,
  external: 4050754,
  arrayBuffers: 115985
} os memoryUsage :8.329689025878906
[2026-09-01T14:34:14.399] [DEBUG] debug-file - A work dispatched to worker[3] failed because unable to get work from ready queue.
[2026-09-01T14:34:14.399] [DEBUG] debug-file - default@BuildNativeWithNinja work[364] has been dispatched to worker[2].
[2026-09-01T14:34:14.648] [DEBUG] debug-file - Info: Pack: normal pack mode

[2026-09-01T14:34:14.831] [DEBUG] debug-file - Info: hardware concurrency count is : 4
Info: thread count is : 4
Info: thread pool is started
Info: GenericCompiler::CompileFiles

[2026-09-01T14:34:14.861] [DEBUG] debug-file - ninja: Entering directory `D:\Walkie\HarmonyOS\entry\.cxx\default\default\debug\arm64-v8a'
[1/169] Building C object CMakeFiles/opus.dir/opus/celt/cwrs.c.o
clang: warning: argument unused during compilation: '--gcc-toolchain=G:/DevEco Studio/sdk/default/openharmony/native/llvm' [-Wunused-command-line-argument]

[2026-09-01T14:34:14.916] [DEBUG] debug-file - [2/169] Building C object CMakeFiles/opus.dir/opus/celt/celt_lpc.c.o
clang: warning: argument unused during compilation: '--gcc-toolchain=G:/DevEco Studio/sdk/default/openharmony/native/llvm' [-Wunused-command-line-argument]

[2026-09-01T14:34:14.934] [DEBUG] debug-file - [3/169] Building C object CMakeFiles/opus.dir/opus/celt/bands.c.o
clang: warning: argument unused during compilation: '--gcc-toolchain=G:/DevEco Studio/sdk/default/openharmony/native/llvm' [-Wunused-command-line-argument]

[2026-09-01T14:34:15.102] [DEBUG] debug-file - [4/169] Building C object CMakeFiles/opus.dir/opus/celt/celt.c.o
clang: warning: argument unused during compilation: '--gcc-toolchain=G:/DevEco Studio/sdk/default/openharmony/native/llvm' [-Wunused-command-line-argument]

[2026-09-01T14:34:15.141] [DEBUG] debug-file - [5/169] Building C object CMakeFiles/opus.dir/opus/celt/entcode.c.o
clang: warning: argument unused during compilation: '--gcc-toolchain=G:/DevEco Studio/sdk/default/openharmony/native/llvm' [-Wunused-command-line-argument]

[2026-09-01T14:34:15.184] [DEBUG] debug-file - [6/169] Building C object CMakeFiles/opus.dir/opus/celt/entdec.c.o
clang: warning: argument unused during compilation: '--gcc-toolchain=G:/DevEco Studio/sdk/default/openharmony/native/llvm' [-Wunused-command-line-argument]

[2026-09-01T14:34:15.203] [DEBUG] debug-file - [7/169] Building C object CMakeFiles/opus.dir/opus/celt/entenc.c.o
clang: warning: argument unused during compilation: '--gcc-toolchain=G:/DevEco Studio/sdk/default/openharmony/native/llvm' [-Wunused-command-line-argument]

[2026-09-01T14:34:15.272] [DEBUG] debug-file - A work dispatched to worker[2] failed because of worker busy.
[2026-09-01T14:34:15.273] [DEBUG] debug-file - Info: GenericCompiler::CompileFiles
Warning: 'D:\Walkie\HarmonyOS\entry\src\main\resources\base\media\background.png' is defined repeatedly.
Warning: 'D:\Walkie\HarmonyOS\entry\src\main\resources\base\media\foreground.png' is defined repeatedly.
Warning: 'D:\Walkie\HarmonyOS\entry\src\main\resources\base\media\layered_image.json' is defined repeatedly.
Info: GenericCompiler::CompileFiles

[2026-09-01T14:34:15.275] [DEBUG] debug-file - [8/169] Building C object CMakeFiles/opus.dir/opus/celt/celt_decoder.c.o
clang: warning: argument unused during compilation: '--gcc-toolchain=G:/DevEco Studio/sdk/default/openharmony/native/llvm' [-Wunused-command-line-argument]

[2026-09-01T14:34:15.329] [DEBUG] debug-file - [9/169] Building C object CMakeFiles/opus.dir/opus/celt/laplace.c.o
clang: warning: argument unused during compilation: '--gcc-toolchain=G:/DevEco Studio/sdk/default/openharmony/native/llvm' [-Wunused-command-line-argument]

[2026-09-01T14:34:15.431] [DEBUG] debug-file - 09-01 14:34:15.409  4120 12072 I C01400/SvgDecodeUtils: SvgDecodeUtils::IsSvgFormat probe svg format, path:D:\Walkie\HarmonyOS\AppScope\resources\base\media\background.png.
09-01 14:34:15.410  4120 12072 E C01400/ImageTranscoderUtils: DecodeToRGBA IN
09-01 14:34:15.410  4120 12072 I C01400/SvgDecodeUtils: SvgDecodeUtils::IsSvgFormat probe svg format, path:D:\Walkie\HarmonyOS\AppScope\resources\base\media\background.png.
09-01 14:34:15.410  4120 12072 E C01400/ImageTranscoderUtils: ImageFilter IN D:\Walkie\HarmonyOS\AppScope\resources\base\media\background.png

[2026-09-01T14:34:15.440] [DEBUG] debug-file - [10/169] Building C object CMakeFiles/opus.dir/opus/celt/kiss_fft.c.o
clang: warning: argument unused during compilation: '--gcc-toolchain=G:/DevEco Studio/sdk/default/openharmony/native/llvm' [-Wunused-command-line-argument]

[2026-09-01T14:34:15.566] [DEBUG] debug-file - [11/169] Building C object CMakeFiles/opus.dir/opus/celt/mdct.c.o
clang: warning: argument unused during compilation: '--gcc-toolchain=G:/DevEco Studio/sdk/default/openharmony/native/llvm' [-Wunused-command-line-argument]

[2026-09-01T14:34:15.604] [DEBUG] debug-file - 09-01 14:34:15.605  4120 12072 I C01400/SvgDecodeUtils: SvgDecodeUtils::IsSvgFormat probe svg format, path:D:\Walkie\HarmonyOS\AppScope\resources\base\media\foreground.png.

[2026-09-01T14:34:15.604] [DEBUG] debug-file - 09-01 14:34:15.605  4120 12072 E C01400/ImageTranscoderUtils: DecodeToRGBA IN
09-01 14:34:15.605  4120 12072 I C01400/SvgDecodeUtils: SvgDecodeUtils::IsSvgFormat probe svg format, path:D:\Walkie\HarmonyOS\AppScope\resources\base\media\foreground.png.
09-01 14:34:15.605  4120 12072 E C01400/ImageTranscoderUtils: ImageFilter IN D:\Walkie\HarmonyOS\AppScope\resources\base\media\foreground.png

[2026-09-01T14:34:15.627] [DEBUG] debug-file - [12/169] Building C object CMakeFiles/opus.dir/opus/celt/celt_encoder.c.o
clang: warning: argument unused during compilation: '--gcc-toolchain=G:/DevEco Studio/sdk/default/openharmony/native/llvm' [-Wunused-command-line-argument]

[2026-09-01T14:34:15.639] [DEBUG] debug-file - [13/169] Building C object CMakeFiles/opus.dir/opus/celt/mini_kfft.c.o
clang: warning: argument unused during compilation: '--gcc-toolchain=G:/DevEco Studio/sdk/default/openharmony/native/llvm' [-Wunused-command-line-argument]

[2026-09-01T14:34:15.675] [DEBUG] debug-file - [14/169] Building C object CMakeFiles/opus.dir/opus/celt/modes.c.o
clang: warning: argument unused during compilation: '--gcc-toolchain=G:/DevEco Studio/sdk/default/openharmony/native/llvm' [-Wunused-command-line-argument]

[2026-09-01T14:34:15.758] [DEBUG] debug-file - Info: can't scale media json file.

[2026-09-01T14:34:15.759] [DEBUG] debug-file - Warning: The width or height of the png file referenced by the icon exceeds the limit (41 pixels)
at D:\Walkie\HarmonyOS\AppScope\resources\base\media\background.png

[2026-09-01T14:34:15.759] [DEBUG] debug-file - Warning: The width or height of the png file referenced by the icon exceeds the limit (41 pixels)
at D:\Walkie\HarmonyOS\AppScope\resources\base\media\foreground.png

[2026-09-01T14:34:15.759] [DEBUG] debug-file - Warning: D:\Walkie\HarmonyOS\AppScope\resources\base\media\layered_image.json is not png format

[2026-09-01T14:34:15.764] [DEBUG] debug-file - Warning: The width or height of the png file referenced by the startWindowIcon exceeds the limit (144 pixels)
at D:\Walkie\HarmonyOS\entry\src\main\resources\base\media\startIcon.png

[2026-09-01T14:34:15.771] [DEBUG] debug-file - [15/169] Building C object CMakeFiles/opus.dir/opus/celt/pitch.c.o
clang: warning: argument unused during compilation: '--gcc-toolchain=G:/DevEco Studio/sdk/default/openharmony/native/llvm' [-Wunused-command-line-argument]

[2026-09-01T14:34:15.805] [DEBUG] debug-file - [16/169] Building C object CMakeFiles/opus.dir/opus/celt/opus_custom_demo.c.o
clang: warning: argument unused during compilation: '--gcc-toolchain=G:/DevEco Studio/sdk/default/openharmony/native/llvm' [-Wunused-command-line-argument]

[2026-09-01T14:34:15.814] [DEBUG] debug-file - [17/169] Building C object CMakeFiles/opus.dir/opus/celt/rate.c.o
clang: warning: argument unused during compilation: '--gcc-toolchain=G:/DevEco Studio/sdk/default/openharmony/native/llvm' [-Wunused-command-line-argument]

[2026-09-01T14:34:15.819] [DEBUG] debug-file - Info: restool resources compile success.

[2026-09-01T14:34:15.820] [DEBUG] debug-file - Info: thread pool is stopped

[2026-09-01T14:34:15.840] [DEBUG] debug-file - [18/169] Building C object CMakeFiles/opus.dir/opus/celt/mathops.c.o
clang: warning: argument unused during compilation: '--gcc-toolchain=G:/DevEco Studio/sdk/default/openharmony/native/llvm' [-Wunused-command-line-argument]

[2026-09-01T14:34:15.905] [DEBUG] debug-file - [19/169] Building C object CMakeFiles/opus.dir/opus/celt/quant_bands.c.o
clang: warning: argument unused during compilation: '--gcc-toolchain=G:/DevEco Studio/sdk/default/openharmony/native/llvm' [-Wunused-command-line-argument]

[2026-09-01T14:34:15.919] [DEBUG] debug-file - [20/169] Building C object CMakeFiles/opus.dir/opus/silk/A2NLSF.c.o
clang: warning: argument unused during compilation: '--gcc-toolchain=G:/DevEco Studio/sdk/default/openharmony/native/llvm' [-Wunused-command-line-argument]

[2026-09-01T14:34:15.941] [DEBUG] debug-file - [21/169] Building C object CMakeFiles/opus.dir/opus/celt/vq.c.o
clang: warning: argument unused during compilation: '--gcc-toolchain=G:/DevEco Studio/sdk/default/openharmony/native/llvm' [-Wunused-command-line-argument]

[2026-09-01T14:34:15.976] [DEBUG] debug-file - entry : default@CompileResource cost memory 0.5360183715820312
[2026-09-01T14:34:15.976] [DEBUG] debug-file - runTaskFromQueue task cost before running: 5 s 717 ms 
[2026-09-01T14:34:15.977] [INFO] debug-file - Finished :entry:default@CompileResource... after 1 s 703 ms 
[2026-09-01T14:34:15.978] [DEBUG] debug-file - Executing task :entry:default@CompileArkTS
[2026-09-01T14:34:15.978] [DEBUG] debug-file - obfuscationOptions: undefined
[2026-09-01T14:34:15.982] [DEBUG] debug-file - Task 'entry:default@CompileArkTS' cost while wrapping incremental declarations: 1 ms 
[2026-09-01T14:34:15.989] [DEBUG] debug-file - entry:default@CompileArkTS is not up-to-date, since the input file 'D:\Walkie\HarmonyOS\entry\build\default\intermediates\loader\default' has been changed.
[2026-09-01T14:34:15.989] [DEBUG] debug-file - Incremental task entry:default@CompileArkTS pre-execution cost: 5 ms .
[2026-09-01T14:34:16.004] [DEBUG] debug-file - build config:
[2026-09-01T14:34:16.004] [DEBUG] debug-file - {
  moduleType: 'entry',
  perf: 0,
  targetName: '.default',
  packageManagerType: 'ohpm',
  localPropertiesPath: 'D:\\Walkie\\HarmonyOS\\local.properties',
  isPreview: false,
  isOhosTest: false,
  isLocalTest: false,
  buildMode: 'Debug',
  hotReloadBuild: undefined,
  watchMode: 'false',
  aceProfilePath: 'D:\\Walkie\\HarmonyOS\\entry\\build\\default\\intermediates\\res\\default\\resources\\base\\profile',
  etsLoaderPath: 'G:\\DevEco Studio\\sdk\\default\\openharmony\\ets\\build-tools\\ets-loader',
  modulePath: 'D:\\Walkie\\HarmonyOS\\entry',
  testFrameworkPar: {
    testMode: undefined,
    coveragePathFilter: undefined,
    coverageMode: undefined
  },
  needCoverageInsert: false,
  debugLine: false,
  projectTopDir: 'D:\\Walkie\\HarmonyOS',
  compileSdkVersion: 26,
  compatibleSdkVersion: 24,
  originCompatibleSdkVersion: '6.1.1(24)',
  compatibleSdkVersionStage: undefined,
  bundleName: 'c***s',
  etsLoaderVersion: '26.0.0.105',
  etsLoaderReleaseType: 'Release',
  aotCompileMode: 'type',
  apPath: 'D:\\Walkie\\HarmonyOS\\entry\\modules.ap',
  entryModuleName: 'entry',
  entryModuleVersion: '1.0.0',
  entryPackageName: 'entry',
  allModuleNameHash: 'a8fd18c035955df3504313cc77096cc5eebe701cea4ff96683a97a1834bc7dac',
  externalApiPaths: [ 'G:\\DevEco Studio\\sdk\\default\\hms\\ets' ],
  compilerTypes: [],
  isCrossplatform: false,
  hvigorPluginFile: undefined,
  compilePluginPath: undefined,
  buildGeneratedProfilePath: 'D:\\Walkie\\HarmonyOS\\entry\\build\\default\\generated\\profile\\default',
  bundleType: 'app',
  arkTSVersion: undefined,
  apiVersion: 26,
  needCompleteSourcesMap: false,
  isFaMode: false,
  buildDir: 'D:\\Walkie\\HarmonyOS\\entry\\build',
  buildCacheProjectDir: 'D:\\Walkie\\HarmonyOS',
  deviceTypes: [ 'phone' ],
  pkgContextInfo: {
    'libwalkieopus.so': {
      packageName: 'libwalkieopus.so',
      bundleName: '*****',
      moduleName: '',
      version: '',
      entryPath: 'Index',
      isSO: true,
      dependencyAlias: ''
    },
    '@ohos/hypium': {
      packageName: '@ohos/hypium',
      bundleName: '*****',
      moduleName: '',
      version: '1.0.25',
      entryPath: 'index.js',
      isSO: false,
      dependencyAlias: ''
    },
    '@ohos/hamock': {
      packageName: '@ohos/hamock',
      bundleName: '*****',
      moduleName: '',
      version: '1.0.0',
      entryPath: 'index.ets',
      isSO: false,
      dependencyAlias: ''
    },
    entry: {
      packageName: 'entry',
      bundleName: '*****',
      moduleName: '',
      version: '',
      entryPath: 'src/main/',
      isSO: false,
      dependencyAlias: ''
    },
    'libopus.a': {
      packageName: 'libopus.a',
      bundleName: '*****',
      moduleName: '',
      version: '',
      entryPath: '',
      isSO: true,
      dependencyAlias: ''
    }
  },
  ohPackagePathMap: {},
  dependencyAliasMap: {},
  permission: {
    requestPermissions: [ [Object], [Object], [Object] ],
    definePermissions: undefined
  },
  useGetCurrentBundleName: false,
  projectArkOption: undefined,
  sourceMapDir: undefined,
  branchElimination: false,
  transformLib: undefined,
  tsImportSendable: false,
  resolveConflictMode: true,
  depName2RootPath: {},
  depName2DepInfo: {},
  depName2OhExports: {},
  rootPathSet: [ 'D:\\Walkie\\HarmonyOS' ],
  useNativeResolver: true,
  shouldEmitJs: true,
  useUnifiedAst: false,
  useTscResolve: false,
  singleFileEmit: false,
  userProjectConfig: {
    autoLazyImport: false,
    allowEmptyBundleName: false,
    reExportCheckMode: 'noCheck',
    executionMode: 'memory',
    usePathPlaceholder: false,
    writeRollupCache: true,
    isExpandImportEnabled: false,
    expandImportExclude: '',
    lazyImportExclude: '',
    lazyImportInclude: '',
    ignoreCrossplatformCheck: false,
    isHarDeduplicateEnabled: false,
    skipOhModulesLint: false,
    enableStrictCheckOHModule: false,
    disableSendableCheckRules: [],
    useDeclarationFileSignature: false,
    customizedOptions: undefined,
    integratedHsp: false,
    tsImportSoCheck: false,
    isPreloadSoEnabled: false
  },
  executionMode: 'memory',
  arkCompileCachePath: 'D:\\Walkie\\HarmonyOS\\entry\\build\\default\\cache\\default\\default@CompileArkTS\\esmodule',
  autoLazyFilter: undefined,
  isHarDeduplicateEnabled: false,
  intermediateHarDuplicateDirPath: 'D:\\Walkie\\HarmonyOS\\entry\\build\\default\\intermediates\\har_duplicate\\default',
  autoLazyImport: false,
  allowEmptyBundleName: false,
  reExportCheckMode: 'noCheck',
  usePathPlaceholder: false,
  writeRollupCache: true,
  isExpandImportEnabled: false,
  expandImportExclude: '',
  lazyImportExclude: '',
  lazyImportInclude: '',
  ignoreCrossplatformCheck: false,
  skipOhModulesLint: false,
  enableStrictCheckOHModule: false,
  disableSendableCheckRules: [],
  useDeclarationFileSignature: false,
  customizedOptions: undefined,
  integratedHsp: false,
  tsImportSoCheck: false,
  isPreloadSoEnabled: false,
  strictMode: {
    caseSensitiveCheck: true,
    useNormalizedOHMUrl: true,
    noExternalImportByPath: true
  },
  useNormalizedOHMUrl: true,
  caseSensitiveCheck: true,
  strictCheckerOnly: false,
  aceModuleJsonPath: 'D:\\Walkie\\HarmonyOS\\entry\\build\\default\\intermediates\\res\\default\\ark_module.json',
  appResource: 'D:\\Walkie\\HarmonyOS\\entry\\build\\default\\intermediates\\res\\default\\ResourceTable.txt',
  rawFileResource: 'D:\\Walkie\\HarmonyOS\\entry\\build\\default\\intermediates\\res\\default\\resources\\rawfile',
  resourceTableHash: 'fae0125d63a47f1b42603ade6089d7cdc79e91eb696362cc088354972df05f3d',
  runtimeOS: 'HarmonyOS',
  sdkInfo: 'false:26:26.0.0.105:Release',
  aceModuleRoot: 'D:\\Walkie\\HarmonyOS\\entry\\src\\main\\ets',
  compileMode: 'esmodule',
  aceSuperVisualPath: 'D:\\Walkie\\HarmonyOS\\entry\\src\\main\\supervisual',
  aceBuildJson: 'D:\\Walkie\\HarmonyOS\\entry\\build\\default\\intermediates\\loader\\default\\loader.json',
  cachePath: 'D:\\Walkie\\HarmonyOS\\entry\\build\\default\\cache\\default\\default@CompileArkTS\\esmodule\\debug',
  aceModuleBuild: 'D:\\Walkie\\HarmonyOS\\entry\\build\\default\\intermediates\\loader_out\\default\\ets',
  supportChunks: true,
  declaredFilesPath: undefined,
  shouldCollectDirectImportees: false,
  isByteCodeHarOptimize: false,
  expandImportPath: undefined,
  resourceTableTs: 'D:\\Walkie\\HarmonyOS\\entry\\build\\default\\generated\\r\\default\\ResourceTable.ts',
  moduleMetaInfoFiles: [
    {
      filePath: 'D:\\Walkie\\HarmonyOS\\entry\\build\\default\\generated\\r\\default\\ResourceTable.ts',
      ohmurl: '&entry/build/generated/r/ResourceTable&'
    }
  ],
  pkgNameToPkgBriefInfo: {
    entry: {
      pkgRoot: 'D:\\Walkie\\HarmonyOS\\entry',
      originalSourceRoots: undefined,
      sourceRoots: [Array],
      pkgName: 'entry'
    }
  },
  projectModel: {
    'D:\\Walkie\\HarmonyOS\\entry\\src\\main': {
      moduleName: 'entry',
      modulePkgPath: 'D:\\Walkie\\HarmonyOS\\entry',
      belongProjectPath: 'D:\\Walkie\\HarmonyOS'
    },
    'D:\\Walkie\\HarmonyOS\\entry': {
      moduleName: 'entry',
      modulePkgPath: 'D:\\Walkie\\HarmonyOS\\entry',
      belongProjectPath: 'D:\\Walkie\\HarmonyOS'
    },
    'D:\\Walkie\\HarmonyOS': {
      moduleName: 'HarmonyOS',
      modulePkgPath: 'D:\\Walkie\\HarmonyOS',
      belongProjectPath: 'D:\\Walkie\\HarmonyOS'
    }
  },
  pkgJsonFileHash: '31009a1b1f5fc6d0fc14fddbbb73cb6da7cef12b41ca288f873fad459761e3af',
  allModulePaths: [ 'D:\\Walkie\\HarmonyOS\\entry' ],
  routerMap: {},
  obfuscationOptions: undefined,
  byteCodeHarToDependencyKeys: undefined,
  compileBlockPkg: [],
  mockParams: {
    decorator: '@MockSetup',
    packageName: '@ohos/hamock',
    etsSourceRootPath: 'src/main/ets',
    mockConfigPath: 'D:\\Walkie\\HarmonyOS\\entry\\src\\mock\\mock-config.json5',
    mockConfigKey2ModuleInfo: {},
    source2ModuleIdMap: {}
  },
  copyCodeResourceEnable: true,
  copyCodeResourceExcludes: [],
  copyCodeResourceIncludes: undefined,
  uiTransformOptimization: false,
  sdkPath: 'G:/DevEco Studio/sdk',
  needPreloadSoFileSet: {},
  preloadSoFilePath: 'D:\\Walkie\\HarmonyOS\\entry\\build\\default\\intermediates\\preload\\default\\preload.json',
  useSourceHash: false,
  localModuleParamMap: {},
  otherPaths: {
    'entry/*': [
      '..\\*',
      '..\\..\\..\\build\\default\\generated\\profile\\default\\*'
    ]
  },
  collectImportersConfig: undefined
}
[2026-09-01T14:34:16.004] [DEBUG] debug-file - Compile arkts with external api path: G:\DevEco Studio\sdk\default\hms\ets
[2026-09-01T14:34:16.005] [DEBUG] debug-file - before submitting ArkTS compile task to worker pool, config.buildDir: D:\Walkie\HarmonyOS\entry\build
[2026-09-01T14:34:16.006] [DEBUG] debug-file - default@CompileArkTS work[365] is submitted.
[2026-09-01T14:34:16.006] [DEBUG] debug-file - default@CompileArkTS work[365] is pushed to ready queue.
[2026-09-01T14:34:16.007] [DEBUG] debug-file - default@CompileArkTS work[365] is not dispatched.
[2026-09-01T14:34:16.007] [DEBUG] debug-file - CopyResources startTime: 22812268308800
[2026-09-01T14:34:16.007] [DEBUG] debug-file - default@CompileArkTS work[366] is submitted.
[2026-09-01T14:34:16.007] [DEBUG] debug-file - default@CompileArkTS work[366] is pushed to ready queue.
[2026-09-01T14:34:16.007] [DEBUG] debug-file - default@CompileArkTS work[366] is not dispatched.
[2026-09-01T14:34:16.007] [DEBUG] debug-file - entry : default@CompileArkTS cost memory 0.983642578125
[2026-09-01T14:34:16.009] [DEBUG] debug-file - Executing task :entry:default@BuildJS
[2026-09-01T14:34:16.009] [DEBUG] debug-file - Task 'entry:default@BuildJS' cost while wrapping incremental declarations: 1 ms 
[2026-09-01T14:34:16.012] [DEBUG] debug-file - entry : default@BuildJS cost memory 0.1215362548828125
[2026-09-01T14:34:16.013] [DEBUG] debug-file - runTaskFromQueue task cost before running: 5 s 754 ms 
[2026-09-01T14:34:16.014] [INFO] debug-file - Finished :entry:default@BuildJS... after 5 ms 
[2026-09-01T14:34:16.018] [DEBUG] debug-file - [22/169] Building C object CMakeFiles/opus.dir/opus/silk/LPC_analysis_filter.c.o
clang: warning: argument unused during compilation: '--gcc-toolchain=G:/DevEco Studio/sdk/default/openharmony/native/llvm' [-Wunused-command-line-argument]

[2026-09-01T14:34:16.063] [DEBUG] debug-file - [23/169] Building C object CMakeFiles/opus.dir/opus/silk/CNG.c.o
clang: warning: argument unused during compilation: '--gcc-toolchain=G:/DevEco Studio/sdk/default/openharmony/native/llvm' [-Wunused-command-line-argument]

[2026-09-01T14:34:16.073] [DEBUG] debug-file - [24/169] Building C object CMakeFiles/opus.dir/opus/silk/LPC_fit.c.o
clang: warning: argument unused during compilation: '--gcc-toolchain=G:/DevEco Studio/sdk/default/openharmony/native/llvm' [-Wunused-command-line-argument]

[2026-09-01T14:34:16.096] [DEBUG] debug-file - [25/169] Building C object CMakeFiles/opus.dir/opus/silk/LPC_inv_pred_gain.c.o
clang: warning: argument unused during compilation: '--gcc-toolchain=G:/DevEco Studio/sdk/default/openharmony/native/llvm' [-Wunused-command-line-argument]

[2026-09-01T14:34:16.212] [DEBUG] debug-file - [26/169] Building C object CMakeFiles/opus.dir/opus/silk/NLSF2A.c.o
clang: warning: argument unused during compilation: '--gcc-toolchain=G:/DevEco Studio/sdk/default/openharmony/native/llvm' [-Wunused-command-line-argument]

[2026-09-01T14:34:16.225] [DEBUG] debug-file - [27/169] Building C object CMakeFiles/opus.dir/opus/silk/LP_variable_cutoff.c.o
clang: warning: argument unused during compilation: '--gcc-toolchain=G:/DevEco Studio/sdk/default/openharmony/native/llvm' [-Wunused-command-line-argument]

[2026-09-01T14:34:16.260] [DEBUG] debug-file - [28/169] Building C object CMakeFiles/opus.dir/opus/silk/NLSF_VQ_weights_laroia.c.o
clang: warning: argument unused during compilation: '--gcc-toolchain=G:/DevEco Studio/sdk/default/openharmony/native/llvm' [-Wunused-command-line-argument]

[2026-09-01T14:34:16.269] [DEBUG] debug-file - [29/169] Building C object CMakeFiles/opus.dir/opus/silk/NLSF_decode.c.o
clang: warning: argument unused during compilation: '--gcc-toolchain=G:/DevEco Studio/sdk/default/openharmony/native/llvm' [-Wunused-command-line-argument]

[2026-09-01T14:34:16.278] [DEBUG] debug-file - A work dispatched to worker[3] failed because unable to get work from ready queue.
[2026-09-01T14:34:16.279] [DEBUG] debug-file - A work dispatched to worker[2] failed because of worker busy.
[2026-09-01T14:34:16.279] [DEBUG] debug-file - Create  resident worker with id: 1.
[2026-09-01T14:34:16.280] [DEBUG] debug-file - default@CompileArkTS work[366] has been dispatched to worker[1].
[2026-09-01T14:34:16.291] [DEBUG] debug-file - [30/169] Building C object CMakeFiles/opus.dir/opus/silk/NLSF_VQ.c.o
clang: warning: argument unused during compilation: '--gcc-toolchain=G:/DevEco Studio/sdk/default/openharmony/native/llvm' [-Wunused-command-line-argument]

[2026-09-01T14:34:16.374] [DEBUG] debug-file - [31/169] Building C object CMakeFiles/opus.dir/opus/silk/HP_variable_cutoff.c.o
clang: warning: argument unused during compilation: '--gcc-toolchain=G:/DevEco Studio/sdk/default/openharmony/native/llvm' [-Wunused-command-line-argument]

[2026-09-01T14:34:16.443] [DEBUG] debug-file - [32/169] Building C object CMakeFiles/opus.dir/opus/silk/NLSF_stabilize.c.o
clang: warning: argument unused during compilation: '--gcc-toolchain=G:/DevEco Studio/sdk/default/openharmony/native/llvm' [-Wunused-command-line-argument]

[2026-09-01T14:34:16.470] [DEBUG] debug-file - [33/169] Building C object CMakeFiles/opus.dir/opus/silk/NLSF_unpack.c.o
clang: warning: argument unused during compilation: '--gcc-toolchain=G:/DevEco Studio/sdk/default/openharmony/native/llvm' [-Wunused-command-line-argument]

[2026-09-01T14:34:16.479] [DEBUG] debug-file - [34/169] Building C object CMakeFiles/opus.dir/opus/silk/NLSF_encode.c.o
clang: warning: argument unused during compilation: '--gcc-toolchain=G:/DevEco Studio/sdk/default/openharmony/native/llvm' [-Wunused-command-line-argument]

[2026-09-01T14:34:16.532] [DEBUG] debug-file - [35/169] Building C object CMakeFiles/opus.dir/opus/silk/NLSF_del_dec_quant.c.o

[2026-09-01T14:34:16.532] [DEBUG] debug-file - clang: warning: argument unused during compilation: '--gcc-toolchain=G:/DevEco Studio/sdk/default/openharmony/native/llvm' [-Wunused-command-line-argument]

[2026-09-01T14:34:16.588] [DEBUG] debug-file - [36/169] Building C object CMakeFiles/opus.dir/opus/silk/NSQ.c.o
clang: warning: argument unused during compilation: '--gcc-toolchain=G:/DevEco Studio/sdk/default/openharmony/native/llvm' [-Wunused-command-line-argument]

[2026-09-01T14:34:16.734] [DEBUG] debug-file - [37/169] Building C object CMakeFiles/opus.dir/opus/silk/VQ_WMat_EC.c.o
clang: warning: argument unused during compilation: '--gcc-toolchain=G:/DevEco Studio/sdk/default/openharmony/native/llvm' [-Wunused-command-line-argument]

[2026-09-01T14:34:16.743] [DEBUG] debug-file - [38/169] Building C object CMakeFiles/opus.dir/opus/silk/NSQ_del_dec.c.o
clang: warning: argument unused during compilation: '--gcc-toolchain=G:/DevEco Studio/sdk/default/openharmony/native/llvm' [-Wunused-command-line-argument]

[2026-09-01T14:34:16.752] [DEBUG] debug-file - [39/169] Building C object CMakeFiles/opus.dir/opus/silk/ana_filt_bank_1.c.o
clang: warning: argument unused during compilation: '--gcc-toolchain=G:/DevEco Studio/sdk/default/openharmony/native/llvm' [-Wunused-command-line-argument]

[2026-09-01T14:34:16.761] [DEBUG] debug-file - [40/169] Building C object CMakeFiles/opus.dir/opus/silk/PLC.c.o
clang: warning: argument unused during compilation: '--gcc-toolchain=G:/DevEco Studio/sdk/default/openharmony/native/llvm' [-Wunused-command-line-argument]

[2026-09-01T14:34:16.776] [DEBUG] debug-file - [41/169] Building C object CMakeFiles/opus.dir/opus/silk/VAD.c.o
clang: warning: argument unused during compilation: '--gcc-toolchain=G:/DevEco Studio/sdk/default/openharmony/native/llvm' [-Wunused-command-line-argument]

[2026-09-01T14:34:16.785] [DEBUG] debug-file - [42/169] Building C object CMakeFiles/opus.dir/opus/silk/biquad_alt.c.o
clang: warning: argument unused during compilation: '--gcc-toolchain=G:/DevEco Studio/sdk/default/openharmony/native/llvm' [-Wunused-command-line-argument]

[2026-09-01T14:34:16.909] [DEBUG] debug-file - [43/169] Building C object CMakeFiles/opus.dir/opus/silk/bwexpander.c.o
clang: warning: argument unused during compilation: '--gcc-toolchain=G:/DevEco Studio/sdk/default/openharmony/native/llvm' [-Wunused-command-line-argument]

[2026-09-01T14:34:17.003] [DEBUG] debug-file - [44/169] Building C object CMakeFiles/opus.dir/opus/silk/check_control_input.c.o
clang: warning: argument unused during compilation: '--gcc-toolchain=G:/DevEco Studio/sdk/default/openharmony/native/llvm' [-Wunused-command-line-argument]

[2026-09-01T14:34:17.023] [DEBUG] debug-file - [45/169] Building C object CMakeFiles/opus.dir/opus/silk/code_signs.c.o
clang: warning: argument unused during compilation: '--gcc-toolchain=G:/DevEco Studio/sdk/default/openharmony/native/llvm' [-Wunused-command-line-argument]

[2026-09-01T14:34:17.058] [DEBUG] debug-file - A work dispatched to worker[3] failed because unable to get work from ready queue.
[2026-09-01T14:34:17.058] [DEBUG] debug-file - A work dispatched to worker[2] failed because of worker busy.
[2026-09-01T14:34:17.058] [DEBUG] debug-file - A work dispatched to worker[1] failed because of worker busy.
[2026-09-01T14:34:17.058] [DEBUG] debug-file - A work dispatched to worker[0] failed because unable to get work from ready queue.
[2026-09-01T14:34:17.080] [DEBUG] debug-file - [46/169] Building C object CMakeFiles/opus.dir/opus/silk/control_SNR.c.o
clang: warning: argument unused during compilation: '--gcc-toolchain=G:/DevEco Studio/sdk/default/openharmony/native/llvm' [-Wunused-command-line-argument]

[2026-09-01T14:34:17.090] [DEBUG] debug-file - [47/169] Building C object CMakeFiles/opus.dir/opus/silk/bwexpander_32.c.o
clang: warning: argument unused during compilation: '--gcc-toolchain=G:/DevEco Studio/sdk/default/openharmony/native/llvm' [-Wunused-command-line-argument]

[2026-09-01T14:34:17.110] [DEBUG] debug-file - [48/169] Building C object CMakeFiles/opus.dir/opus/silk/control_audio_bandwidth.c.o
clang: warning: argument unused during compilation: '--gcc-toolchain=G:/DevEco Studio/sdk/default/openharmony/native/llvm' [-Wunused-command-line-argument]

[2026-09-01T14:34:17.209] [DEBUG] debug-file - [49/169] Building C object CMakeFiles/opus.dir/opus/silk/debug.c.o
clang: warning: argument unused during compilation: '--gcc-toolchain=G:/DevEco Studio/sdk/default/openharmony/native/llvm' [-Wunused-command-line-argument]

[2026-09-01T14:34:17.274] [DEBUG] debug-file - [50/169] Building C object CMakeFiles/opus.dir/opus/silk/decode_frame.c.o
clang: warning: argument unused during compilation: '--gcc-toolchain=G:/DevEco Studio/sdk/default/openharmony/native/llvm' [-Wunused-command-line-argument]

[2026-09-01T14:34:17.341] [DEBUG] debug-file - [51/169] Building C object CMakeFiles/opus.dir/opus/silk/dec_API.c.o
clang: warning: argument unused during compilation: '--gcc-toolchain=G:/DevEco Studio/sdk/default/openharmony/native/llvm' [-Wunused-command-line-argument]

[2026-09-01T14:34:17.373] [DEBUG] debug-file - [52/169] Building C object CMakeFiles/opus.dir/opus/silk/decode_core.c.o
clang: warning: argument unused during compilation: '--gcc-toolchain=G:/DevEco Studio/sdk/default/openharmony/native/llvm' [-Wunused-command-line-argument]

[2026-09-01T14:34:17.397] [DEBUG] debug-file - [53/169] Building C object CMakeFiles/opus.dir/opus/silk/decode_indices.c.o
clang: warning: argument unused during compilation: '--gcc-toolchain=G:/DevEco Studio/sdk/default/openharmony/native/llvm' [-Wunused-command-line-argument]

[2026-09-01T14:34:17.413] [DEBUG] debug-file - [54/169] Building C object CMakeFiles/opus.dir/opus/silk/decode_parameters.c.o
clang: warning: argument unused during compilation: '--gcc-toolchain=G:/DevEco Studio/sdk/default/openharmony/native/llvm' [-Wunused-command-line-argument]

[2026-09-01T14:34:17.422] [DEBUG] debug-file - [55/169] Building C object CMakeFiles/opus.dir/opus/silk/decode_pitch.c.o
clang: warning: argument unused during compilation: '--gcc-toolchain=G:/DevEco Studio/sdk/default/openharmony/native/llvm' [-Wunused-command-line-argument]

[2026-09-01T14:34:17.431] [DEBUG] debug-file - [56/169] Building C object CMakeFiles/opus.dir/opus/silk/control_codec.c.o
clang: warning: argument unused during compilation: '--gcc-toolchain=G:/DevEco Studio/sdk/default/openharmony/native/llvm' [-Wunused-command-line-argument]

[2026-09-01T14:34:17.577] [DEBUG] debug-file - [57/169] Building C object CMakeFiles/opus.dir/opus/silk/decoder_set_fs.c.o
clang: warning: argument unused during compilation: '--gcc-toolchain=G:/DevEco Studio/sdk/default/openharmony/native/llvm' [-Wunused-command-line-argument]

[2026-09-01T14:34:17.591] [DEBUG] debug-file - [58/169] Building C object CMakeFiles/opus.dir/opus/silk/decode_pulses.c.o
clang: warning: argument unused during compilation: '--gcc-toolchain=G:/DevEco Studio/sdk/default/openharmony/native/llvm' [-Wunused-command-line-argument]

[2026-09-01T14:34:17.608] [DEBUG] debug-file - [59/169] Building C object CMakeFiles/opus.dir/opus/silk/encode_indices.c.o
clang: warning: argument unused during compilation: '--gcc-toolchain=G:/DevEco Studio/sdk/default/openharmony/native/llvm' [-Wunused-command-line-argument]

[2026-09-01T14:34:17.629] [DEBUG] debug-file - [60/169] Building C object CMakeFiles/opus.dir/opus/silk/fixed/LTP_analysis_filter_FIX.c.o
clang: warning: argument unused during compilation: '--gcc-toolchain=G:/DevEco Studio/sdk/default/openharmony/native/llvm' [-Wunused-command-line-argument]

[2026-09-01T14:34:17.695] [DEBUG] debug-file - [61/169] Building C object CMakeFiles/opus.dir/opus/silk/encode_pulses.c.o
clang: warning: argument unused during compilation: '--gcc-toolchain=G:/DevEco Studio/sdk/default/openharmony/native/llvm' [-Wunused-command-line-argument]

[2026-09-01T14:34:17.713] [DEBUG] debug-file - [62/169] Building C object CMakeFiles/opus.dir/opus/silk/fixed/apply_sine_window_FIX.c.o
clang: warning: argument unused during compilation: '--gcc-toolchain=G:/DevEco Studio/sdk/default/openharmony/native/llvm' [-Wunused-command-line-argument]

[2026-09-01T14:34:17.771] [DEBUG] debug-file - worker[1] has one work done.
[2026-09-01T14:34:17.772] [DEBUG] debug-file - CopyResources is end, endTime: 22814033059400
[2026-09-01T14:34:17.772] [DEBUG] debug-file - default@CompileArkTS work[366] done.
[2026-09-01T14:34:17.825] [DEBUG] debug-file - [63/169] Building C object CMakeFiles/opus.dir/opus/silk/fixed/LTP_scale_ctrl_FIX.c.o
clang: warning: argument unused during compilation: '--gcc-toolchain=G:/DevEco Studio/sdk/default/openharmony/native/llvm' [-Wunused-command-line-argument]

[2026-09-01T14:34:17.842] [DEBUG] debug-file - [64/169] Building C object CMakeFiles/opus.dir/opus/silk/fixed/autocorr_FIX.c.o
clang: warning: argument unused during compilation: '--gcc-toolchain=G:/DevEco Studio/sdk/default/openharmony/native/llvm' [-Wunused-command-line-argument]
D:/Walkie/HarmonyOS/entry/src/main/cpp/opus/silk/fixed/autocorr_FIX.c:47:29: warning: incompatible pointer types passing 'const opus_int16 *' (aka 'const short *') to parameter of type 'const opus_val16 *' (aka 'const float *') [-Wincompatible-pointer-types]
    *scale = _celt_autocorr(inputData, results, NULL, 0, corrCount-1, inputDataSize, arch);
                            ^~~~~~~~~
D:/Walkie/HarmonyOS/entry/src/main/cpp/opus/celt/celt_lpc.h:63:38: note: passing argument to parameter 'x' here
int _celt_autocorr(const opus_val16 *x, opus_val32 *ac,
                                     ^
D:/Walkie/HarmonyOS/entry/src/main/cpp/opus/silk/fixed/autocorr_FIX.c:47:40: warning: incompatible pointer types passing 'opus_int32 *' (aka 'int *') to parameter of type 'opus_val32 *' (aka 'float *') [-Wincompatible-pointer-types]
    *scale = _celt_autocorr(inputData, results, NULL, 0, corrCount-1, inputDataSize, arch);
                                       ^~~~~~~
D:/Walkie/HarmonyOS/entry/src/main/cpp/opus/celt/celt_lpc.h:63:53: note: passing argument to parameter 'ac' here
int _celt_autocorr(const opus_val16 *x, opus_val32 *ac,
                                                    ^
2 warnings generated.

[2026-09-01T14:34:17.878] [DEBUG] debug-file - [65/169] Building C object CMakeFiles/opus.dir/opus/silk/fixed/corrMatrix_FIX.c.o
clang: warning: argument unused during compilation: '--gcc-toolchain=G:/DevEco Studio/sdk/default/openharmony/native/llvm' [-Wunused-command-line-argument]

[2026-09-01T14:34:17.903] [DEBUG] debug-file - [66/169] Building C object CMakeFiles/opus.dir/opus/silk/fixed/burg_modified_FIX.c.o
clang: warning: argument unused during compilation: '--gcc-toolchain=G:/DevEco Studio/sdk/default/openharmony/native/llvm' [-Wunused-command-line-argument]
D:/Walkie/HarmonyOS/entry/src/main/cpp/opus/silk/fixed/burg_modified_FIX.c:99:30: warning: incompatible pointer types passing 'const opus_int16 *' (aka 'const short *') to parameter of type 'const opus_val16 *' (aka 'const float *') [-Wincompatible-pointer-types]
            celt_pitch_xcorr(x_ptr, x_ptr + 1, xcorr, subfr_length - D, D, arch );
                             ^~~~~
D:/Walkie/HarmonyOS/entry/src/main/cpp/opus/celt/pitch.h:185:38: note: passing argument to parameter '_x' here
celt_pitch_xcorr_c(const opus_val16 *_x, const opus_val16 *_y,
                                     ^
D:/Walkie/HarmonyOS/entry/src/main/cpp/opus/silk/fixed/burg_modified_FIX.c:99:37: warning: incompatible pointer types passing 'const opus_int16 *' (aka 'const short *') to parameter of type 'const opus_val16 *' (aka 'const float *') [-Wincompatible-pointer-types]
            celt_pitch_xcorr(x_ptr, x_ptr + 1, xcorr, subfr_length - D, D, arch );
                                    ^~~~~~~~~
D:/Walkie/HarmonyOS/entry/src/main/cpp/opus/celt/pitch.h:185:60: note: passing argument to parameter '_y' here
celt_pitch_xcorr_c(const opus_val16 *_x, const opus_val16 *_y,
                                                           ^
D:/Walkie/HarmonyOS/entry/src/main/cpp/opus/silk/fixed/burg_modified_FIX.c:99:48: warning: incompatible pointer types passing 'opus_int32[24]' (aka 'int[24]') to parameter of type 'opus_val32 *' (aka 'float *') [-Wincompatible-pointer-types]
            celt_pitch_xcorr(x_ptr, x_ptr + 1, xcorr, subfr_length - D, D, arch );
                                               ^~~~~
D:/Walkie/HarmonyOS/entry/src/main/cpp/opus/celt/pitch.h:186:19: note: passing argument to parameter 'xcorr' here
      opus_val32 *xcorr, int len, int max_pitch, int arch);
                  ^
3 warnings generated.

[2026-09-01T14:34:17.913] [DEBUG] debug-file - [67/169] Building C object CMakeFiles/opus.dir/opus/silk/fixed/encode_frame_FIX.c.o
clang: warning: argument unused during compilation: '--gcc-toolchain=G:/DevEco Studio/sdk/default/openharmony/native/llvm' [-Wunused-command-line-argument]

[2026-09-01T14:34:18.065] [DEBUG] debug-file - [68/169] Building C object CMakeFiles/opus.dir/opus/silk/fixed/find_LPC_FIX.c.o
clang: warning: argument unused during compilation: '--gcc-toolchain=G:/DevEco Studio/sdk/default/openharmony/native/llvm' [-Wunused-command-line-argument]

[2026-09-01T14:34:18.090] [DEBUG] debug-file - [69/169] Building C object CMakeFiles/opus.dir/opus/silk/fixed/find_LTP_FIX.c.o
clang: warning: argument unused during compilation: '--gcc-toolchain=G:/DevEco Studio/sdk/default/openharmony/native/llvm' [-Wunused-command-line-argument]

[2026-09-01T14:34:18.099] [DEBUG] debug-file - [70/169] Building C object CMakeFiles/opus.dir/opus/silk/fixed/k2a_FIX.c.o
clang: warning: argument unused during compilation: '--gcc-toolchain=G:/DevEco Studio/sdk/default/openharmony/native/llvm' [-Wunused-command-line-argument]

[2026-09-01T14:34:18.114] [DEBUG] debug-file - [71/169] Building C object CMakeFiles/opus.dir/opus/silk/enc_API.c.o
clang: warning: argument unused during compilation: '--gcc-toolchain=G:/DevEco Studio/sdk/default/openharmony/native/llvm' [-Wunused-command-line-argument]

[2026-09-01T14:34:18.123] [DEBUG] debug-file - [72/169] Building C object CMakeFiles/opus.dir/opus/silk/fixed/find_pred_coefs_FIX.c.o
clang: warning: argument unused during compilation: '--gcc-toolchain=G:/DevEco Studio/sdk/default/openharmony/native/llvm' [-Wunused-command-line-argument]

[2026-09-01T14:34:18.176] [DEBUG] debug-file - [73/169] Building C object CMakeFiles/opus.dir/opus/silk/fixed/find_pitch_lags_FIX.c.o
clang: warning: argument unused during compilation: '--gcc-toolchain=G:/DevEco Studio/sdk/default/openharmony/native/llvm' [-Wunused-command-line-argument]

[2026-09-01T14:34:18.193] [DEBUG] debug-file - [74/169] Building C object CMakeFiles/opus.dir/opus/silk/fixed/k2a_Q16_FIX.c.o
clang: warning: argument unused during compilation: '--gcc-toolchain=G:/DevEco Studio/sdk/default/openharmony/native/llvm' [-Wunused-command-line-argument]

[2026-09-01T14:34:18.291] [DEBUG] debug-file - [75/169] Building C object CMakeFiles/opus.dir/opus/silk/fixed/pitch_analysis_core_FIX.c.o
clang: warning: argument unused during compilation: '--gcc-toolchain=G:/DevEco Studio/sdk/default/openharmony/native/llvm' [-Wunused-command-line-argument]
D:/Walkie/HarmonyOS/entry/src/main/cpp/opus/silk/fixed/pitch_analysis_core_FIX.c:200:27: warning: incompatible pointer types passing 'const opus_int16 *' (aka 'const short *') to parameter of type 'const opus_val16 *' (aka 'const float *') [-Wincompatible-pointer-types]
        celt_pitch_xcorr( target_ptr, target_ptr - MAX_LAG_4KHZ, xcorr32, SF_LENGTH_8KHZ, MAX_LAG_4KHZ - MIN_LAG_4KHZ + 1, arch );
                          ^~~~~~~~~~
D:/Walkie/HarmonyOS/entry/src/main/cpp/opus/celt/pitch.h:185:38: note: passing argument to parameter '_x' here
celt_pitch_xcorr_c(const opus_val16 *_x, const opus_val16 *_y,
                                     ^
D:/Walkie/HarmonyOS/entry/src/main/cpp/opus/silk/fixed/pitch_analysis_core_FIX.c:200:39: warning: incompatible pointer types passing 'const opus_int16 *' (aka 'const short *') to parameter of type 'const opus_val16 *' (aka 'const float *') [-Wincompatible-pointer-types]
        celt_pitch_xcorr( target_ptr, target_ptr - MAX_LAG_4KHZ, xcorr32, SF_LENGTH_8KHZ, MAX_LAG_4KHZ - MIN_LAG_4KHZ + 1, arch );
                                      ^~~~~~~~~~~~~~~~~~~~~~~~~
D:/Walkie/HarmonyOS/entry/src/main/cpp/opus/celt/pitch.h:185:60: note: passing argument to parameter '_y' here
celt_pitch_xcorr_c(const opus_val16 *_x, const opus_val16 *_y,
                                                           ^
D:/Walkie/HarmonyOS/entry/src/main/cpp/opus/silk/fixed/pitch_analysis_core_FIX.c:200:66: warning: incompatible pointer types passing 'opus_int32[65]' (aka 'int[65]') to parameter of type 'opus_val32 *' (aka 'float *') [-Wincompatible-pointer-types]
        celt_pitch_xcorr( target_ptr, target_ptr - MAX_LAG_4KHZ, xcorr32, SF_LENGTH_8KHZ, MAX_LAG_4KHZ - MIN_LAG_4KHZ + 1, arch );
                                                                 ^~~~~~~
D:/Walkie/HarmonyOS/entry/src/main/cpp/opus/celt/pitch.h:186:19: note: passing argument to parameter 'xcorr' here
      opus_val32 *xcorr, int len, int max_pitch, int arch);
                  ^
D:/Walkie/HarmonyOS/entry/src/main/cpp/opus/silk/fixed/pitch_analysis_core_FIX.c:616:27: warning: incompatible pointer types passing 'const opus_int16 *' (aka 'const short *') to parameter of type 'const opus_val16 *' (aka 'const float *') [-Wincompatible-pointer-types]
        celt_pitch_xcorr( target_ptr, target_ptr - start_lag - lag_high, xcorr32, sf_length, lag_high - lag_low + 1, arch );
                          ^~~~~~~~~~
D:/Walkie/HarmonyOS/entry/src/main/cpp/opus/celt/pitch.h:185:38: note: passing argument to parameter '_x' here
celt_pitch_xcorr_c(const opus_val16 *_x, const opus_val16 *_y,
                                     ^
D:/Walkie/HarmonyOS/entry/src/main/cpp/opus/silk/fixed/pitch_analysis_core_FIX.c:616:39: warning: incompatible pointer types passing 'const opus_int16 *' (aka 'const short *') to parameter of type 'const opus_val16 *' (aka 'const float *') [-Wincompatible-pointer-types]
        celt_pitch_xcorr( target_ptr, target_ptr - start_lag - lag_high, xcorr32, sf_length, lag_high - lag_low + 1, arch );
                                      ^~~~~~~~~~~~~~~~~~~~~~~~~~~~~~~~~
D:/Walkie/HarmonyOS/entry/src/main/cpp/opus/celt/pitch.h:185:60: note: passing argument to parameter '_y' here
celt_pitch_xcorr_c(const opus_val16 *_x, const opus_val16 *_y,
                                                           ^
D:/Walkie/HarmonyOS/entry/src/main/cpp/opus/silk/fixed/pitch_analysis_core_FIX.c:616:74: warning: incompatible pointer types passing 'opus_int32[22]' (aka 'int[22]') to parameter of type 'opus_val32 *' (aka 'float *') [-Wincompatible-pointer-types]
        celt_pitch_xcorr( target_ptr, target_ptr - start_lag - lag_high, xcorr32, sf_length, lag_high - lag_low + 1, arch );
                                                                         ^~~~~~~
D:/Walkie/HarmonyOS/entry/src/main/cpp/opus/celt/pitch.h:186:19: note: passing argument to parameter 'xcorr' here
      opus_val32 *xcorr, int len, int max_pitch, int arch);
                  ^
6 warnings generated.

[2026-09-01T14:34:18.305] [DEBUG] debug-file - [76/169] Building C object CMakeFiles/opus.dir/opus/silk/fixed/noise_shape_analysis_FIX.c.o
clang: warning: argument unused during compilation: '--gcc-toolchain=G:/DevEco Studio/sdk/default/openharmony/native/llvm' [-Wunused-command-line-argument]

[2026-09-01T14:34:18.316] [DEBUG] debug-file - [77/169] Building C object CMakeFiles/opus.dir/opus/silk/fixed/process_gains_FIX.c.o
clang: warning: argument unused during compilation: '--gcc-toolchain=G:/DevEco Studio/sdk/default/openharmony/native/llvm' [-Wunused-command-line-argument]

[2026-09-01T14:34:18.325] [DEBUG] debug-file - [78/169] Building C object CMakeFiles/opus.dir/opus/silk/fixed/regularize_correlations_FIX.c.o
clang: warning: argument unused during compilation: '--gcc-toolchain=G:/DevEco Studio/sdk/default/openharmony/native/llvm' [-Wunused-command-line-argument]

[2026-09-01T14:34:18.402] [DEBUG] debug-file - default@CompileArkTS work[365] has been dispatched to worker[1].
[2026-09-01T14:34:18.408] [DEBUG] debug-file - [79/169] Building C object CMakeFiles/opus.dir/opus/silk/fixed/residual_energy16_FIX.c.o
clang: warning: argument unused during compilation: '--gcc-toolchain=G:/DevEco Studio/sdk/default/openharmony/native/llvm' [-Wunused-command-line-argument]

[2026-09-01T14:34:18.438] [DEBUG] debug-file - [80/169] Building C object CMakeFiles/opus.dir/opus/silk/fixed/residual_energy_FIX.c.o
clang: warning: argument unused during compilation: '--gcc-toolchain=G:/DevEco Studio/sdk/default/openharmony/native/llvm' [-Wunused-command-line-argument]

[2026-09-01T14:34:18.447] [DEBUG] debug-file - [81/169] Building C object CMakeFiles/opus.dir/opus/silk/fixed/schur64_FIX.c.o
clang: warning: argument unused during compilation: '--gcc-toolchain=G:/DevEco Studio/sdk/default/openharmony/native/llvm' [-Wunused-command-line-argument]

[2026-09-01T14:34:18.518] [DEBUG] debug-file - [82/169] Building C object CMakeFiles/opus.dir/opus/silk/fixed/schur_FIX.c.o
clang: warning: argument unused during compilation: '--gcc-toolchain=G:/DevEco Studio/sdk/default/openharmony/native/llvm' [-Wunused-command-line-argument]

[2026-09-01T14:34:18.545] [DEBUG] debug-file - [83/169] Building C object CMakeFiles/opus.dir/opus/silk/fixed/vector_ops_FIX.c.o
clang: warning: argument unused during compilation: '--gcc-toolchain=G:/DevEco Studio/sdk/default/openharmony/native/llvm' [-Wunused-command-line-argument]

[2026-09-01T14:34:18.563] [DEBUG] debug-file - [84/169] Building C object CMakeFiles/opus.dir/opus/silk/fixed/warped_autocorrelation_FIX.c.o
clang: warning: argument unused during compilation: '--gcc-toolchain=G:/DevEco Studio/sdk/default/openharmony/native/llvm' [-Wunused-command-line-argument]

[2026-09-01T14:34:18.998] [DEBUG] debug-file - [85/169] Building C object CMakeFiles/opus.dir/opus/silk/float/LPC_inv_pred_gain_FLP.c.o
clang: warning: argument unused during compilation: '--gcc-toolchain=G:/DevEco Studio/sdk/default/openharmony/native/llvm' [-Wunused-command-line-argument]

[2026-09-01T14:34:19.020] [DEBUG] debug-file - [86/169] Building C object CMakeFiles/opus.dir/opus/silk/float/LTP_analysis_filter_FLP.c.o
clang: warning: argument unused during compilation: '--gcc-toolchain=G:/DevEco Studio/sdk/default/openharmony/native/llvm' [-Wunused-command-line-argument]

[2026-09-01T14:34:19.074] [DEBUG] debug-file - [87/169] Building C object CMakeFiles/opus.dir/opus/silk/float/LPC_analysis_filter_FLP.c.o
clang: warning: argument unused during compilation: '--gcc-toolchain=G:/DevEco Studio/sdk/default/openharmony/native/llvm' [-Wunused-command-line-argument]

[2026-09-01T14:34:19.130] [DEBUG] debug-file - [88/169] Building C object CMakeFiles/opus.dir/opus/silk/float/LTP_scale_ctrl_FLP.c.o
clang: warning: argument unused during compilation: '--gcc-toolchain=G:/DevEco Studio/sdk/default/openharmony/native/llvm' [-Wunused-command-line-argument]

[2026-09-01T14:34:19.146] [DEBUG] debug-file - [89/169] Building C object CMakeFiles/opus.dir/opus/silk/float/apply_sine_window_FLP.c.o
clang: warning: argument unused during compilation: '--gcc-toolchain=G:/DevEco Studio/sdk/default/openharmony/native/llvm' [-Wunused-command-line-argument]

[2026-09-01T14:34:19.223] [DEBUG] debug-file - [90/169] Building C object CMakeFiles/opus.dir/opus/silk/float/autocorrelation_FLP.c.o
clang: warning: argument unused during compilation: '--gcc-toolchain=G:/DevEco Studio/sdk/default/openharmony/native/llvm' [-Wunused-command-line-argument]

[2026-09-01T14:34:19.519] [DEBUG] debug-file - [91/169] Building C object CMakeFiles/opus.dir/opus/silk/float/bwexpander_FLP.c.o
clang: warning: argument unused during compilation: '--gcc-toolchain=G:/DevEco Studio/sdk/default/openharmony/native/llvm' [-Wunused-command-line-argument]

[2026-09-01T14:34:19.531] [DEBUG] debug-file - [92/169] Building C object CMakeFiles/opus.dir/opus/silk/float/burg_modified_FLP.c.o
clang: warning: argument unused during compilation: '--gcc-toolchain=G:/DevEco Studio/sdk/default/openharmony/native/llvm' [-Wunused-command-line-argument]

[2026-09-01T14:34:19.622] [DEBUG] debug-file - [93/169] Building C object CMakeFiles/opus.dir/opus/silk/float/encode_frame_FLP.c.o
clang: warning: argument unused during compilation: '--gcc-toolchain=G:/DevEco Studio/sdk/default/openharmony/native/llvm' [-Wunused-command-line-argument]

[2026-09-01T14:34:19.638] [DEBUG] debug-file - [94/169] Building C object CMakeFiles/opus.dir/opus/silk/float/corrMatrix_FLP.c.o
clang: warning: argument unused during compilation: '--gcc-toolchain=G:/DevEco Studio/sdk/default/openharmony/native/llvm' [-Wunused-command-line-argument]

[2026-09-01T14:34:19.714] [DEBUG] debug-file - [95/169] Building C object CMakeFiles/opus.dir/opus/silk/float/energy_FLP.c.o
clang: warning: argument unused during compilation: '--gcc-toolchain=G:/DevEco Studio/sdk/default/openharmony/native/llvm' [-Wunused-command-line-argument]

[2026-09-01T14:34:19.898] [DEBUG] debug-file - [96/169] Building C object CMakeFiles/opus.dir/opus/silk/float/find_LPC_FLP.c.o
clang: warning: argument unused during compilation: '--gcc-toolchain=G:/DevEco Studio/sdk/default/openharmony/native/llvm' [-Wunused-command-line-argument]

[2026-09-01T14:34:20.024] [DEBUG] debug-file - [97/169] Building C object CMakeFiles/opus.dir/opus/silk/float/find_LTP_FLP.c.o
clang: warning: argument unused during compilation: '--gcc-toolchain=G:/DevEco Studio/sdk/default/openharmony/native/llvm' [-Wunused-command-line-argument]

[2026-09-01T14:34:20.034] [DEBUG] debug-file - [98/169] Building C object CMakeFiles/opus.dir/opus/silk/float/find_pitch_lags_FLP.c.o
clang: warning: argument unused during compilation: '--gcc-toolchain=G:/DevEco Studio/sdk/default/openharmony/native/llvm' [-Wunused-command-line-argument]

[2026-09-01T14:34:20.108] [DEBUG] debug-file - [99/169] Building C object CMakeFiles/opus.dir/opus/silk/float/find_pred_coefs_FLP.c.o
clang: warning: argument unused during compilation: '--gcc-toolchain=G:/DevEco Studio/sdk/default/openharmony/native/llvm' [-Wunused-command-line-argument]

[2026-09-01T14:34:20.239] [DEBUG] debug-file - [100/169] Building C object CMakeFiles/opus.dir/opus/silk/float/inner_product_FLP.c.o
clang: warning: argument unused during compilation: '--gcc-toolchain=G:/DevEco Studio/sdk/default/openharmony/native/llvm' [-Wunused-command-line-argument]

[2026-09-01T14:34:20.313] [DEBUG] debug-file - [101/169] Building C object CMakeFiles/opus.dir/opus/silk/float/k2a_FLP.c.o
clang: warning: argument unused during compilation: '--gcc-toolchain=G:/DevEco Studio/sdk/default/openharmony/native/llvm' [-Wunused-command-line-argument]

[2026-09-01T14:34:20.580] [DEBUG] debug-file - [102/169] Building C object CMakeFiles/opus.dir/opus/silk/float/process_gains_FLP.c.o
clang: warning: argument unused during compilation: '--gcc-toolchain=G:/DevEco Studio/sdk/default/openharmony/native/llvm' [-Wunused-command-line-argument]

[2026-09-01T14:34:20.597] [DEBUG] debug-file - [103/169] Building C object CMakeFiles/opus.dir/opus/silk/float/noise_shape_analysis_FLP.c.o
clang: warning: argument unused during compilation: '--gcc-toolchain=G:/DevEco Studio/sdk/default/openharmony/native/llvm' [-Wunused-command-line-argument]

[2026-09-01T14:34:20.714] [DEBUG] debug-file - [104/169] Building C object CMakeFiles/opus.dir/opus/silk/float/pitch_analysis_core_FLP.c.o
clang: warning: argument unused during compilation: '--gcc-toolchain=G:/DevEco Studio/sdk/default/openharmony/native/llvm' [-Wunused-command-line-argument]

[2026-09-01T14:34:20.735] [DEBUG] debug-file - [105/169] Building C object CMakeFiles/opus.dir/opus/silk/float/regularize_correlations_FLP.c.o
clang: warning: argument unused during compilation: '--gcc-toolchain=G:/DevEco Studio/sdk/default/openharmony/native/llvm' [-Wunused-command-line-argument]

[2026-09-01T14:34:20.906] [DEBUG] debug-file - [106/169] Building C object CMakeFiles/opus.dir/opus/silk/float/residual_energy_FLP.c.o
clang: warning: argument unused during compilation: '--gcc-toolchain=G:/DevEco Studio/sdk/default/openharmony/native/llvm' [-Wunused-command-line-argument]

[2026-09-01T14:34:20.918] [DEBUG] debug-file - [107/169] Building C object CMakeFiles/opus.dir/opus/silk/float/scale_copy_vector_FLP.c.o
clang: warning: argument unused during compilation: '--gcc-toolchain=G:/DevEco Studio/sdk/default/openharmony/native/llvm' [-Wunused-command-line-argument]

[2026-09-01T14:34:21.044] [DEBUG] debug-file - [108/169] Building C object CMakeFiles/opus.dir/opus/silk/float/schur_FLP.c.o
clang: warning: argument unused during compilation: '--gcc-toolchain=G:/DevEco Studio/sdk/default/openharmony/native/llvm' [-Wunused-command-line-argument]

[2026-09-01T14:34:21.186] [DEBUG] debug-file - [109/169] Building C object CMakeFiles/opus.dir/opus/silk/gain_quant.c.o
clang: warning: argument unused during compilation: '--gcc-toolchain=G:/DevEco Studio/sdk/default/openharmony/native/llvm' [-Wunused-command-line-argument]

[2026-09-01T14:34:21.213] [DEBUG] debug-file - [110/169] Building C object CMakeFiles/opus.dir/opus/silk/float/scale_vector_FLP.c.o
clang: warning: argument unused during compilation: '--gcc-toolchain=G:/DevEco Studio/sdk/default/openharmony/native/llvm' [-Wunused-command-line-argument]

[2026-09-01T14:34:21.332] [DEBUG] debug-file - [111/169] Building C object CMakeFiles/opus.dir/opus/silk/float/sort_FLP.c.o
clang: warning: argument unused during compilation: '--gcc-toolchain=G:/DevEco Studio/sdk/default/openharmony/native/llvm' [-Wunused-command-line-argument]

[2026-09-01T14:34:21.341] [DEBUG] debug-file - [112/169] Building C object CMakeFiles/opus.dir/opus/silk/init_decoder.c.o
clang: warning: argument unused during compilation: '--gcc-toolchain=G:/DevEco Studio/sdk/default/openharmony/native/llvm' [-Wunused-command-line-argument]

[2026-09-01T14:34:21.350] [DEBUG] debug-file - [113/169] Building C object CMakeFiles/opus.dir/opus/silk/inner_prod_aligned.c.o
clang: warning: argument unused during compilation: '--gcc-toolchain=G:/DevEco Studio/sdk/default/openharmony/native/llvm' [-Wunused-command-line-argument]

[2026-09-01T14:34:21.358] [DEBUG] debug-file - [114/169] Building C object CMakeFiles/opus.dir/opus/silk/float/warped_autocorrelation_FLP.c.o
clang: warning: argument unused during compilation: '--gcc-toolchain=G:/DevEco Studio/sdk/default/openharmony/native/llvm' [-Wunused-command-line-argument]

[2026-09-01T14:34:21.458] [DEBUG] debug-file - [115/169] Building C object CMakeFiles/opus.dir/opus/silk/lin2log.c.o
clang: warning: argument unused during compilation: '--gcc-toolchain=G:/DevEco Studio/sdk/default/openharmony/native/llvm' [-Wunused-command-line-argument]

[2026-09-01T14:34:21.467] [DEBUG] debug-file - [116/169] Building C object CMakeFiles/opus.dir/opus/silk/interpolate.c.o
clang: warning: argument unused during compilation: '--gcc-toolchain=G:/DevEco Studio/sdk/default/openharmony/native/llvm' [-Wunused-command-line-argument]

[2026-09-01T14:34:21.476] [DEBUG] debug-file - [117/169] Building C object CMakeFiles/opus.dir/opus/silk/pitch_est_tables.c.o
clang: warning: argument unused during compilation: '--gcc-toolchain=G:/DevEco Studio/sdk/default/openharmony/native/llvm' [-Wunused-command-line-argument]

[2026-09-01T14:34:21.485] [DEBUG] debug-file - [118/169] Building C object CMakeFiles/opus.dir/opus/silk/log2lin.c.o
clang: warning: argument unused during compilation: '--gcc-toolchain=G:/DevEco Studio/sdk/default/openharmony/native/llvm' [-Wunused-command-line-argument]

[2026-09-01T14:34:21.593] [DEBUG] debug-file - [119/169] Building C object CMakeFiles/opus.dir/opus/silk/resampler_down2.c.o
clang: warning: argument unused during compilation: '--gcc-toolchain=G:/DevEco Studio/sdk/default/openharmony/native/llvm' [-Wunused-command-line-argument]

[2026-09-01T14:34:21.603] [DEBUG] debug-file - [120/169] Building C object CMakeFiles/opus.dir/opus/silk/process_NLSFs.c.o
clang: warning: argument unused during compilation: '--gcc-toolchain=G:/DevEco Studio/sdk/default/openharmony/native/llvm' [-Wunused-command-line-argument]

[2026-09-01T14:34:21.612] [DEBUG] debug-file - [121/169] Building C object CMakeFiles/opus.dir/opus/silk/float/wrappers_FLP.c.o
clang: warning: argument unused during compilation: '--gcc-toolchain=G:/DevEco Studio/sdk/default/openharmony/native/llvm' [-Wunused-command-line-argument]

[2026-09-01T14:34:21.622] [DEBUG] debug-file - [122/169] Building C object CMakeFiles/opus.dir/opus/silk/quant_LTP_gains.c.o
clang: warning: argument unused during compilation: '--gcc-toolchain=G:/DevEco Studio/sdk/default/openharmony/native/llvm' [-Wunused-command-line-argument]

[2026-09-01T14:34:21.631] [DEBUG] debug-file - [123/169] Building C object CMakeFiles/opus.dir/opus/silk/resampler.c.o
clang: warning: argument unused during compilation: '--gcc-toolchain=G:/DevEco Studio/sdk/default/openharmony/native/llvm' [-Wunused-command-line-argument]

[2026-09-01T14:34:21.717] [DEBUG] debug-file - [124/169] Building C object CMakeFiles/opus.dir/opus/silk/resampler_private_AR2.c.o
clang: warning: argument unused during compilation: '--gcc-toolchain=G:/DevEco Studio/sdk/default/openharmony/native/llvm' [-Wunused-command-line-argument]

[2026-09-01T14:34:21.733] [DEBUG] debug-file - [125/169] Building C object CMakeFiles/opus.dir/opus/silk/resampler_private_IIR_FIR.c.o
clang: warning: argument unused during compilation: '--gcc-toolchain=G:/DevEco Studio/sdk/default/openharmony/native/llvm' [-Wunused-command-line-argument]

[2026-09-01T14:34:21.764] [DEBUG] debug-file - [126/169] Building C object CMakeFiles/opus.dir/opus/silk/resampler_down2_3.c.o
clang: warning: argument unused during compilation: '--gcc-toolchain=G:/DevEco Studio/sdk/default/openharmony/native/llvm' [-Wunused-command-line-argument]

[2026-09-01T14:34:21.776] [DEBUG] debug-file - [127/169] Building C object CMakeFiles/opus.dir/opus/silk/resampler_private_down_FIR.c.o

[2026-09-01T14:34:21.777] [DEBUG] debug-file - clang: warning: argument unused during compilation: '--gcc-toolchain=G:/DevEco Studio/sdk/default/openharmony/native/llvm' [-Wunused-command-line-argument]

[2026-09-01T14:34:21.808] [DEBUG] debug-file - [128/169] Building C object CMakeFiles/opus.dir/opus/silk/resampler_private_up2_HQ.c.o

[2026-09-01T14:34:21.808] [DEBUG] debug-file - clang: warning: argument unused during compilation: '--gcc-toolchain=G:/DevEco Studio/sdk/default/openharmony/native/llvm' [-Wunused-command-line-argument]

[2026-09-01T14:34:21.846] [DEBUG] debug-file - [129/169] Building C object CMakeFiles/opus.dir/opus/silk/init_encoder.c.o

[2026-09-01T14:34:21.846] [DEBUG] debug-file - clang: warning: argument unused during compilation: '--gcc-toolchain=G:/DevEco Studio/sdk/default/openharmony/native/llvm' [-Wunused-command-line-argument]

[2026-09-01T14:34:21.942] [DEBUG] debug-file - [130/169] Building C object CMakeFiles/opus.dir/opus/silk/resampler_rom.c.o
clang: warning: argument unused during compilation: '--gcc-toolchain=G:/DevEco Studio/sdk/default/openharmony/native/llvm' [-Wunused-command-line-argument]

[2026-09-01T14:34:21.951] [DEBUG] debug-file - [131/169] Building C object CMakeFiles/opus.dir/opus/silk/shell_coder.c.o
clang: warning: argument unused during compilation: '--gcc-toolchain=G:/DevEco Studio/sdk/default/openharmony/native/llvm' [-Wunused-command-line-argument]

[2026-09-01T14:34:22.005] [DEBUG] debug-file - [132/169] Building C object CMakeFiles/opus.dir/opus/silk/sigm_Q15.c.o
clang: warning: argument unused during compilation: '--gcc-toolchain=G:/DevEco Studio/sdk/default/openharmony/native/llvm' [-Wunused-command-line-argument]

[2026-09-01T14:34:22.014] [DEBUG] debug-file - [133/169] Building C object CMakeFiles/opus.dir/opus/silk/sort.c.o
clang: warning: argument unused during compilation: '--gcc-toolchain=G:/DevEco Studio/sdk/default/openharmony/native/llvm' [-Wunused-command-line-argument]

[2026-09-01T14:34:22.047] [DEBUG] debug-file - [134/169] Building C object CMakeFiles/opus.dir/opus/silk/stereo_LR_to_MS.c.o
clang: warning: argument unused during compilation: '--gcc-toolchain=G:/DevEco Studio/sdk/default/openharmony/native/llvm' [-Wunused-command-line-argument]

[2026-09-01T14:34:22.183] [DEBUG] debug-file - [135/169] Building C object CMakeFiles/opus.dir/opus/silk/stereo_encode_pred.c.o
clang: warning: argument unused during compilation: '--gcc-toolchain=G:/DevEco Studio/sdk/default/openharmony/native/llvm' [-Wunused-command-line-argument]

[2026-09-01T14:34:22.199] [DEBUG] debug-file - [136/169] Building C object CMakeFiles/opus.dir/opus/silk/stereo_decode_pred.c.o
clang: warning: argument unused during compilation: '--gcc-toolchain=G:/DevEco Studio/sdk/default/openharmony/native/llvm' [-Wunused-command-line-argument]

[2026-09-01T14:34:22.208] [DEBUG] debug-file - [137/169] Building C object CMakeFiles/opus.dir/opus/silk/stereo_MS_to_LR.c.o
clang: warning: argument unused during compilation: '--gcc-toolchain=G:/DevEco Studio/sdk/default/openharmony/native/llvm' [-Wunused-command-line-argument]

[2026-09-01T14:34:22.240] [DEBUG] debug-file - [138/169] Building C object CMakeFiles/opus.dir/opus/silk/stereo_quant_pred.c.o
clang: warning: argument unused during compilation: '--gcc-toolchain=G:/DevEco Studio/sdk/default/openharmony/native/llvm' [-Wunused-command-line-argument]

[2026-09-01T14:34:22.302] [DEBUG] debug-file - [139/169] Building C object CMakeFiles/opus.dir/opus/silk/stereo_find_predictor.c.o
clang: warning: argument unused during compilation: '--gcc-toolchain=G:/DevEco Studio/sdk/default/openharmony/native/llvm' [-Wunused-command-line-argument]

[2026-09-01T14:34:22.360] [DEBUG] debug-file - [140/169] Building C object CMakeFiles/opus.dir/opus/silk/sum_sqr_shift.c.o
clang: warning: argument unused during compilation: '--gcc-toolchain=G:/DevEco Studio/sdk/default/openharmony/native/llvm' [-Wunused-command-line-argument]

[2026-09-01T14:34:22.384] [DEBUG] debug-file - [141/169] Building C object CMakeFiles/opus.dir/opus/silk/tables_LTP.c.o
clang: warning: argument unused during compilation: '--gcc-toolchain=G:/DevEco Studio/sdk/default/openharmony/native/llvm' [-Wunused-command-line-argument]

[2026-09-01T14:34:22.405] [DEBUG] debug-file - [142/169] Building C object CMakeFiles/opus.dir/opus/silk/tables_NLSF_CB_WB.c.o
clang: warning: argument unused during compilation: '--gcc-toolchain=G:/DevEco Studio/sdk/default/openharmony/native/llvm' [-Wunused-command-line-argument]

[2026-09-01T14:34:22.452] [DEBUG] debug-file - [143/169] Building C object CMakeFiles/opus.dir/opus/silk/tables_NLSF_CB_NB_MB.c.o

[2026-09-01T14:34:22.452] [DEBUG] debug-file - clang: warning: argument unused during compilation: '--gcc-toolchain=G:/DevEco Studio/sdk/default/openharmony/native/llvm' [-Wunused-command-line-argument]

[2026-09-01T14:34:22.462] [DEBUG] debug-file - [144/169] Building C object CMakeFiles/opus.dir/opus/silk/table_LSF_cos.c.o

[2026-09-01T14:34:22.462] [DEBUG] debug-file - clang: warning: argument unused during compilation: '--gcc-toolchain=G:/DevEco Studio/sdk/default/openharmony/native/llvm' [-Wunused-command-line-argument]

[2026-09-01T14:34:22.475] [DEBUG] debug-file - [145/169] Building C object CMakeFiles/opus.dir/opus/silk/tables_gain.c.o
clang: warning: argument unused during compilation: '--gcc-toolchain=G:/DevEco Studio/sdk/default/openharmony/native/llvm' [-Wunused-command-line-argument]

[2026-09-01T14:34:22.486] [DEBUG] debug-file - [146/169] Building C object CMakeFiles/opus.dir/opus/silk/tables_other.c.o

[2026-09-01T14:34:22.486] [DEBUG] debug-file - clang: warning: argument unused during compilation: '--gcc-toolchain=G:/DevEco Studio/sdk/default/openharmony/native/llvm' [-Wunused-command-line-argument]

[2026-09-01T14:34:22.583] [DEBUG] debug-file - [147/169] Building C object CMakeFiles/opus.dir/opus/silk/tables_pulses_per_block.c.o
clang: warning: argument unused during compilation: '--gcc-toolchain=G:/DevEco Studio/sdk/default/openharmony/native/llvm' [-Wunused-command-line-argument]

[2026-09-01T14:34:22.644] [DEBUG] debug-file - [148/169] Building C object CMakeFiles/opus.dir/opus/src/mlp.c.o
clang: warning: argument unused during compilation: '--gcc-toolchain=G:/DevEco Studio/sdk/default/openharmony/native/llvm' [-Wunused-command-line-argument]

[2026-09-01T14:34:22.684] [DEBUG] debug-file - [149/169] Building C object CMakeFiles/opus.dir/opus/silk/tables_pitch_lag.c.o
clang: warning: argument unused during compilation: '--gcc-toolchain=G:/DevEco Studio/sdk/default/openharmony/native/llvm' [-Wunused-command-line-argument]

[2026-09-01T14:34:22.742] [DEBUG] debug-file - [150/169] Building C object CMakeFiles/opus.dir/opus/src/extensions.c.o
clang: warning: argument unused during compilation: '--gcc-toolchain=G:/DevEco Studio/sdk/default/openharmony/native/llvm' [-Wunused-command-line-argument]

[2026-09-01T14:34:22.751] [DEBUG] debug-file - [151/169] Building C object CMakeFiles/opus.dir/opus/src/mlp_data.c.o
clang: warning: argument unused during compilation: '--gcc-toolchain=G:/DevEco Studio/sdk/default/openharmony/native/llvm' [-Wunused-command-line-argument]

[2026-09-01T14:34:22.800] [DEBUG] debug-file - [152/169] Building C object CMakeFiles/opus.dir/opus/src/opus.c.o
clang: warning: argument unused during compilation: '--gcc-toolchain=G:/DevEco Studio/sdk/default/openharmony/native/llvm' [-Wunused-command-line-argument]

[2026-09-01T14:34:22.995] [DEBUG] debug-file - [153/169] Building C object CMakeFiles/opus.dir/opus/src/opus_compare.c.o
clang: warning: argument unused during compilation: '--gcc-toolchain=G:/DevEco Studio/sdk/default/openharmony/native/llvm' [-Wunused-command-line-argument]

[2026-09-01T14:34:23.006] [DEBUG] debug-file - [154/169] Building C object CMakeFiles/opus.dir/opus/src/analysis.c.o
clang: warning: argument unused during compilation: '--gcc-toolchain=G:/DevEco Studio/sdk/default/openharmony/native/llvm' [-Wunused-command-line-argument]

[2026-09-01T14:34:23.016] [DEBUG] debug-file - [155/169] Building C object CMakeFiles/opus.dir/opus/src/mapping_matrix.c.o
clang: warning: argument unused during compilation: '--gcc-toolchain=G:/DevEco Studio/sdk/default/openharmony/native/llvm' [-Wunused-command-line-argument]

[2026-09-01T14:34:23.080] [DEBUG] debug-file - [156/169] Building C object CMakeFiles/opus.dir/opus/src/opus_demo.c.o
clang: warning: argument unused during compilation: '--gcc-toolchain=G:/DevEco Studio/sdk/default/openharmony/native/llvm' [-Wunused-command-line-argument]

[2026-09-01T14:34:23.376] [DEBUG] debug-file - [157/169] Building C object CMakeFiles/opus.dir/opus/src/opus_decoder.c.o
clang: warning: argument unused during compilation: '--gcc-toolchain=G:/DevEco Studio/sdk/default/openharmony/native/llvm' [-Wunused-command-line-argument]
D:/Walkie/HarmonyOS/entry/src/main/cpp/opus/src/opus_decoder.c:38:10: warning: You appear to be compiling without optimization, if so opus will be very slow. [-W#pragma-messages]
# pragma message "You appear to be compiling without optimization, if so opus will be very slow."
         ^
1 warning generated.

[2026-09-01T14:34:23.405] [DEBUG] debug-file - [158/169] Building C object CMakeFiles/opus.dir/opus/src/opus_projection_decoder.c.o
clang: warning: argument unused during compilation: '--gcc-toolchain=G:/DevEco Studio/sdk/default/openharmony/native/llvm' [-Wunused-command-line-argument]

[2026-09-01T14:34:23.618] [DEBUG] debug-file - [159/169] Building C object CMakeFiles/opus.dir/opus/src/opus_multistream_decoder.c.o
clang: warning: argument unused during compilation: '--gcc-toolchain=G:/DevEco Studio/sdk/default/openharmony/native/llvm' [-Wunused-command-line-argument]

[2026-09-01T14:34:23.627] [DEBUG] debug-file - [160/169] Building C object CMakeFiles/opus.dir/opus/src/opus_multistream.c.o
clang: warning: argument unused during compilation: '--gcc-toolchain=G:/DevEco Studio/sdk/default/openharmony/native/llvm' [-Wunused-command-line-argument]

[2026-09-01T14:34:23.678] [DEBUG] debug-file - [161/169] Building C object CMakeFiles/opus.dir/opus/src/qext_compare.c.o
clang: warning: argument unused during compilation: '--gcc-toolchain=G:/DevEco Studio/sdk/default/openharmony/native/llvm' [-Wunused-command-line-argument]

[2026-09-01T14:34:23.687] [DEBUG] debug-file - [162/169] Building C object CMakeFiles/opus.dir/opus/src/opus_projection_encoder.c.o
clang: warning: argument unused during compilation: '--gcc-toolchain=G:/DevEco Studio/sdk/default/openharmony/native/llvm' [-Wunused-command-line-argument]

[2026-09-01T14:34:23.697] [DEBUG] debug-file - [163/169] Building C object CMakeFiles/opus.dir/opus/src/opus_multistream_encoder.c.o
clang: warning: argument unused during compilation: '--gcc-toolchain=G:/DevEco Studio/sdk/default/openharmony/native/llvm' [-Wunused-command-line-argument]

[2026-09-01T14:34:23.757] [DEBUG] debug-file - [164/169] Building C object CMakeFiles/opus.dir/opus/src/repacketizer_demo.c.o
clang: warning: argument unused during compilation: '--gcc-toolchain=G:/DevEco Studio/sdk/default/openharmony/native/llvm' [-Wunused-command-line-argument]

[2026-09-01T14:34:23.766] [DEBUG] debug-file - [165/169] Building C object CMakeFiles/opus.dir/opus/src/opus_encoder.c.o
clang: warning: argument unused during compilation: '--gcc-toolchain=G:/DevEco Studio/sdk/default/openharmony/native/llvm' [-Wunused-command-line-argument]

[2026-09-01T14:34:23.799] [DEBUG] debug-file - [166/169] Building C object CMakeFiles/opus.dir/opus/src/repacketizer.c.o

[2026-09-01T14:34:23.799] [DEBUG] debug-file - clang: warning: argument unused during compilation: '--gcc-toolchain=G:/DevEco Studio/sdk/default/openharmony/native/llvm' [-Wunused-command-line-argument]

[2026-09-01T14:34:23.909] [DEBUG] debug-file - [167/169] Building CXX object CMakeFiles/walkieopus.dir/walkie_opus_napi.cpp.o
clang++: warning: argument unused during compilation: '--gcc-toolchain=G:/DevEco Studio/sdk/default/openharmony/native/llvm' [-Wunused-command-line-argument]

[2026-09-01T14:34:25.139] [DEBUG] debug-file - [168/169] Linking C static library libopus.a

[2026-09-01T14:34:25.275] [DEBUG] debug-file - [169/169] Linking CXX shared library D:\Walkie\HarmonyOS\entry\build\default\intermediates\cmake\default\obj\arm64-v8a\libwalkieopus.so

[2026-09-01T14:34:25.305] [WARN] debug-file - When performing compilation for the arm64-v8a architecture:
[33mclang: warning: argument unused during compilation: '--gcc-toolchain=G:/DevEco Studio/sdk/default/openharmony/native/llvm' [-Wunused-command-line-argument][33m[39m
[33mclang: warning: argument unused during compilation: '--gcc-toolchain=G:/DevEco Studio/sdk/default/openharmony/native/llvm' [-Wunused-command-line-argument][33m[39m
[33mclang: warning: argument unused during compilation: '--gcc-toolchain=G:/DevEco Studio/sdk/default/openharmony/native/llvm' [-Wunused-command-line-argument][33m[39m
[33mclang: warning: argument unused during compilation: '--gcc-toolchain=G:/DevEco Studio/sdk/default/openharmony/native/llvm' [-Wunused-command-line-argument][33m[39m
[33mclang: warning: argument unused during compilation: '--gcc-toolchain=G:/DevEco Studio/sdk/default/openharmony/native/llvm' [-Wunused-command-line-argument][33m[39m
[33mclang: warning: argument unused during compilation: '--gcc-toolchain=G:/DevEco Studio/sdk/default/openharmony/native/llvm' [-Wunused-command-line-argument][33m[39m
[33mclang: warning: argument unused during compilation: '--gcc-toolchain=G:/DevEco Studio/sdk/default/openharmony/native/llvm' [-Wunused-command-line-argument][33m[39m
[33mclang: warning: argument unused during compilation: '--gcc-toolchain=G:/DevEco Studio/sdk/default/openharmony/native/llvm' [-Wunused-command-line-argument][33m[39m
[33mclang: warning: argument unused during compilation: '--gcc-toolchain=G:/DevEco Studio/sdk/default/openharmony/native/llvm' [-Wunused-command-line-argument][33m[39m
[33mclang: warning: argument unused during compilation: '--gcc-toolchain=G:/DevEco Studio/sdk/default/openharmony/native/llvm' [-Wunused-command-line-argument][33m[39m
[33mclang: warning: argument unused during compilation: '--gcc-toolchain=G:/DevEco Studio/sdk/default/openharmony/native/llvm' [-Wunused-command-line-argument][33m[39m
[33mclang: warning: argument unused during compilation: '--gcc-toolchain=G:/DevEco Studio/sdk/default/openharmony/native/llvm' [-Wunused-command-line-argument][33m[39m
[33mclang: warning: argument unused during compilation: '--gcc-toolchain=G:/DevEco Studio/sdk/default/openharmony/native/llvm' [-Wunused-command-line-argument][33m[39m
[33mclang: warning: argument unused during compilation: '--gcc-toolchain=G:/DevEco Studio/sdk/default/openharmony/native/llvm' [-Wunused-command-line-argument][33m[39m
[33mclang: warning: argument unused during compilation: '--gcc-toolchain=G:/DevEco Studio/sdk/default/openharmony/native/llvm' [-Wunused-command-line-argument][33m[39m
[33mclang: warning: argument unused during compilation: '--gcc-toolchain=G:/DevEco Studio/sdk/default/openharmony/native/llvm' [-Wunused-command-line-argument][33m[39m
[33mclang: warning: argument unused during compilation: '--gcc-toolchain=G:/DevEco Studio/sdk/default/openharmony/native/llvm' [-Wunused-command-line-argument][33m[39m
[33mclang: warning: argument unused during compilation: '--gcc-toolchain=G:/DevEco Studio/sdk/default/openharmony/native/llvm' [-Wunused-command-line-argument][33m[39m
[33mclang: warning: argument unused during compilation: '--gcc-toolchain=G:/DevEco Studio/sdk/default/openharmony/native/llvm' [-Wunused-command-line-argument][33m[39m
[33mclang: warning: argument unused during compilation: '--gcc-toolchain=G:/DevEco Studio/sdk/default/openharmony/native/llvm' [-Wunused-command-line-argument][33m[39m
[33mclang: warning: argument unused during compilation: '--gcc-toolchain=G:/DevEco Studio/sdk/default/openharmony/native/llvm' [-Wunused-command-line-argument][33m[39m
[33mclang: warning: argument unused during compilation: '--gcc-toolchain=G:/DevEco Studio/sdk/default/openharmony/native/llvm' [-Wunused-command-line-argument][33m[39m
[33mclang: warning: argument unused during compilation: '--gcc-toolchain=G:/DevEco Studio/sdk/default/openharmony/native/llvm' [-Wunused-command-line-argument][33m[39m
[33mclang: warning: argument unused during compilation: '--gcc-toolchain=G:/DevEco Studio/sdk/default/openharmony/native/llvm' [-Wunused-command-line-argument][33m[39m
[33mclang: warning: argument unused during compilation: '--gcc-toolchain=G:/DevEco Studio/sdk/default/openharmony/native/llvm' [-Wunused-command-line-argument][33m[39m
[33mclang: warning: argument unused during compilation: '--gcc-toolchain=G:/DevEco Studio/sdk/default/openharmony/native/llvm' [-Wunused-command-line-argument][33m[39m
[33mclang: warning: argument unused during compilation: '--gcc-toolchain=G:/DevEco Studio/sdk/default/openharmony/native/llvm' [-Wunused-command-line-argument][33m[39m
[33mclang: warning: argument unused during compilation: '--gcc-toolchain=G:/DevEco Studio/sdk/default/openharmony/native/llvm' [-Wunused-command-line-argument][33m[39m
[33mclang: warning: argument unused during compilation: '--gcc-toolchain=G:/DevEco Studio/sdk/default/openharmony/native/llvm' [-Wunused-command-line-argument][33m[39m
[33mclang: warning: argument unused during compilation: '--gcc-toolchain=G:/DevEco Studio/sdk/default/openharmony/native/llvm' [-Wunused-command-line-argument][33m[39m
[33mclang: warning: argument unused during compilation: '--gcc-toolchain=G:/DevEco Studio/sdk/default/openharmony/native/llvm' [-Wunused-command-line-argument][33m[39m
[33mclang: warning: argument unused during compilation: '--gcc-toolchain=G:/DevEco Studio/sdk/default/openharmony/native/llvm' [-Wunused-command-line-argument][33m[39m
[33mclang: warning: argument unused during compilation: '--gcc-toolchain=G:/DevEco Studio/sdk/default/openharmony/native/llvm' [-Wunused-command-line-argument][33m[39m
[33mclang: warning: argument unused during compilation: '--gcc-toolchain=G:/DevEco Studio/sdk/default/openharmony/native/llvm' [-Wunused-command-line-argument][33m[39m
[33mclang: warning: argument unused during compilation: '--gcc-toolchain=G:/DevEco Studio/sdk/default/openharmony/native/llvm' [-Wunused-command-line-argument][33m[39m
[33mclang: warning: argument unused during compilation: '--gcc-toolchain=G:/DevEco Studio/sdk/default/openharmony/native/llvm' [-Wunused-command-line-argument][33m[39m
[33mclang: warning: argument unused during compilation: '--gcc-toolchain=G:/DevEco Studio/sdk/default/openharmony/native/llvm' [-Wunused-command-line-argument][33m[39m
[33mclang: warning: argument unused during compilation: '--gcc-toolchain=G:/DevEco Studio/sdk/default/openharmony/native/llvm' [-Wunused-command-line-argument][33m[39m
[33mclang: warning: argument unused during compilation: '--gcc-toolchain=G:/DevEco Studio/sdk/default/openharmony/native/llvm' [-Wunused-command-line-argument][33m[39m
[33mclang: warning: argument unused during compilation: '--gcc-toolchain=G:/DevEco Studio/sdk/default/openharmony/native/llvm' [-Wunused-command-line-argument][33m[39m
[33mclang: warning: argument unused during compilation: '--gcc-toolchain=G:/DevEco Studio/sdk/default/openharmony/native/llvm' [-Wunused-command-line-argument][33m[39m
[33mclang: warning: argument unused during compilation: '--gcc-toolchain=G:/DevEco Studio/sdk/default/openharmony/native/llvm' [-Wunused-command-line-argument][33m[39m
[33mclang: warning: argument unused during compilation: '--gcc-toolchain=G:/DevEco Studio/sdk/default/openharmony/native/llvm' [-Wunused-command-line-argument][33m[39m
[33mclang: warning: argument unused during compilation: '--gcc-toolchain=G:/DevEco Studio/sdk/default/openharmony/native/llvm' [-Wunused-command-line-argument][33m[39m
[33mclang: warning: argument unused during compilation: '--gcc-toolchain=G:/DevEco Studio/sdk/default/openharmony/native/llvm' [-Wunused-command-line-argument][33m[39m
[33mclang: warning: argument unused during compilation: '--gcc-toolchain=G:/DevEco Studio/sdk/default/openharmony/native/llvm' [-Wunused-command-line-argument][33m[39m
[33mclang: warning: argument unused during compilation: '--gcc-toolchain=G:/DevEco Studio/sdk/default/openharmony/native/llvm' [-Wunused-command-line-argument][33m[39m
[33mclang: warning: argument unused during compilation: '--gcc-toolchain=G:/DevEco Studio/sdk/default/openharmony/native/llvm' [-Wunused-command-line-argument][33m[39m
[33mclang: warning: argument unused during compilation: '--gcc-toolchain=G:/DevEco Studio/sdk/default/openharmony/native/llvm' [-Wunused-command-line-argument][33m[39m
[33mclang: warning: argument unused during compilation: '--gcc-toolchain=G:/DevEco Studio/sdk/default/openharmony/native/llvm' [-Wunused-command-line-argument][33m[39m
[33mclang: warning: argument unused during compilation: '--gcc-toolchain=G:/DevEco Studio/sdk/default/openharmony/native/llvm' [-Wunused-command-line-argument][33m[39m
[33mclang: warning: argument unused during compilation: '--gcc-toolchain=G:/DevEco Studio/sdk/default/openharmony/native/llvm' [-Wunused-command-line-argument][33m[39m
[33mclang: warning: argument unused during compilation: '--gcc-toolchain=G:/DevEco Studio/sdk/default/openharmony/native/llvm' [-Wunused-command-line-argument][33m[39m
[33mclang: warning: argument unused during compilation: '--gcc-toolchain=G:/DevEco Studio/sdk/default/openharmony/native/llvm' [-Wunused-command-line-argument][33m[39m
[33mclang: warning: argument unused during compilation: '--gcc-toolchain=G:/DevEco Studio/sdk/default/openharmony/native/llvm' [-Wunused-command-line-argument][33m[39m
[33mclang: warning: argument unused during compilation: '--gcc-toolchain=G:/DevEco Studio/sdk/default/openharmony/native/llvm' [-Wunused-command-line-argument][33m[39m
[33mclang: warning: argument unused during compilation: '--gcc-toolchain=G:/DevEco Studio/sdk/default/openharmony/native/llvm' [-Wunused-command-line-argument][33m[39m
[33mclang: warning: argument unused during compilation: '--gcc-toolchain=G:/DevEco Studio/sdk/default/openharmony/native/llvm' [-Wunused-command-line-argument][33m[39m
[33mclang: warning: argument unused during compilation: '--gcc-toolchain=G:/DevEco Studio/sdk/default/openharmony/native/llvm' [-Wunused-command-line-argument][33m[39m
[33mclang: warning: argument unused during compilation: '--gcc-toolchain=G:/DevEco Studio/sdk/default/openharmony/native/llvm' [-Wunused-command-line-argument][33m[39m
[33mclang: warning: argument unused during compilation: '--gcc-toolchain=G:/DevEco Studio/sdk/default/openharmony/native/llvm' [-Wunused-command-line-argument][33m[39m
[33mclang: warning: argument unused during compilation: '--gcc-toolchain=G:/DevEco Studio/sdk/default/openharmony/native/llvm' [-Wunused-command-line-argument][33m[39m
[33mclang: warning: argument unused during compilation: '--gcc-toolchain=G:/DevEco Studio/sdk/default/openharmony/native/llvm' [-Wunused-command-line-argument][33m[39m
[33mclang: warning: argument unused during compilation: '--gcc-toolchain=G:/DevEco Studio/sdk/default/openharmony/native/llvm' [-Wunused-command-line-argument][33m[39m
[33mD:/Walkie/HarmonyOS/entry/src/main/cpp/opus/silk/fixed/autocorr_FIX.c:47:29: warning: incompatible pointer types passing 'const opus_int16 *' (aka 'const short *') to parameter of type 'const opus_val16 *' (aka 'const float *') [-Wincompatible-pointer-types][33m[39m
[33m    *scale = _celt_autocorr(inputData, results, NULL, 0, corrCount-1, inputDataSize, arch);[33m[39m
[33m                            ^~~~~~~~~[33m[39m
[33mD:/Walkie/HarmonyOS/entry/src/main/cpp/opus/celt/celt_lpc.h:63:38: note: passing argument to parameter 'x' here[33m[39m
[33mint _celt_autocorr(const opus_val16 *x, opus_val32 *ac,[33m[39m
[33m                                     ^[33m[39m
[33mD:/Walkie/HarmonyOS/entry/src/main/cpp/opus/silk/fixed/autocorr_FIX.c:47:40: warning: incompatible pointer types passing 'opus_int32 *' (aka 'int *') to parameter of type 'opus_val32 *' (aka 'float *') [-Wincompatible-pointer-types][33m[39m
[33m    *scale = _celt_autocorr(inputData, results, NULL, 0, corrCount-1, inputDataSize, arch);[33m[39m
[33m                                       ^~~~~~~[33m[39m
[33mD:/Walkie/HarmonyOS/entry/src/main/cpp/opus/celt/celt_lpc.h:63:53: note: passing argument to parameter 'ac' here[33m[39m
[33mint _celt_autocorr(const opus_val16 *x, opus_val32 *ac,[33m[39m
[33m                                                    ^[33m[39m
[33m2 warnings generated.[33m[39m
[33mclang: warning: argument unused during compilation: '--gcc-toolchain=G:/DevEco Studio/sdk/default/openharmony/native/llvm' [-Wunused-command-line-argument][33m[39m
[33mclang: warning: argument unused during compilation: '--gcc-toolchain=G:/DevEco Studio/sdk/default/openharmony/native/llvm' [-Wunused-command-line-argument][33m[39m
[33mD:/Walkie/HarmonyOS/entry/src/main/cpp/opus/silk/fixed/burg_modified_FIX.c:99:30: warning: incompatible pointer types passing 'const opus_int16 *' (aka 'const short *') to parameter of type 'const opus_val16 *' (aka 'const float *') [-Wincompatible-pointer-types][33m[39m
[33m            celt_pitch_xcorr(x_ptr, x_ptr + 1, xcorr, subfr_length - D, D, arch );[33m[39m
[33m                             ^~~~~[33m[39m
[33mD:/Walkie/HarmonyOS/entry/src/main/cpp/opus/celt/pitch.h:185:38: note: passing argument to parameter '_x' here[33m[39m
[33mcelt_pitch_xcorr_c(const opus_val16 *_x, const opus_val16 *_y,[33m[39m
[33m                                     ^[33m[39m
[33mD:/Walkie/HarmonyOS/entry/src/main/cpp/opus/silk/fixed/burg_modified_FIX.c:99:37: warning: incompatible pointer types passing 'const opus_int16 *' (aka 'const short *') to parameter of type 'const opus_val16 *' (aka 'const float *') [-Wincompatible-pointer-types][33m[39m
[33m            celt_pitch_xcorr(x_ptr, x_ptr + 1, xcorr, subfr_length - D, D, arch );[33m[39m
[33m                                    ^~~~~~~~~[33m[39m
[33mD:/Walkie/HarmonyOS/entry/src/main/cpp/opus/celt/pitch.h:185:60: note: passing argument to parameter '_y' here[33m[39m
[33mcelt_pitch_xcorr_c(const opus_val16 *_x, const opus_val16 *_y,[33m[39m
[33m                                                           ^[33m[39m
[33mD:/Walkie/HarmonyOS/entry/src/main/cpp/opus/silk/fixed/burg_modified_FIX.c:99:48: warning: incompatible pointer types passing 'opus_int32[24]' (aka 'int[24]') to parameter of type 'opus_val32 *' (aka 'float *') [-Wincompatible-pointer-types][33m[39m
[33m            celt_pitch_xcorr(x_ptr, x_ptr + 1, xcorr, subfr_length - D, D, arch );[33m[39m
[33m                                               ^~~~~[33m[39m
[33mD:/Walkie/HarmonyOS/entry/src/main/cpp/opus/celt/pitch.h:186:19: note: passing argument to parameter 'xcorr' here[33m[39m
[33m      opus_val32 *xcorr, int len, int max_pitch, int arch);[33m[39m
[33m                  ^[33m[39m
[33m3 warnings generated.[33m[39m
[33mclang: warning: argument unused during compilation: '--gcc-toolchain=G:/DevEco Studio/sdk/default/openharmony/native/llvm' [-Wunused-command-line-argument][33m[39m
[33mclang: warning: argument unused during compilation: '--gcc-toolchain=G:/DevEco Studio/sdk/default/openharmony/native/llvm' [-Wunused-command-line-argument][33m[39m
[33mclang: warning: argument unused during compilation: '--gcc-toolchain=G:/DevEco Studio/sdk/default/openharmony/native/llvm' [-Wunused-command-line-argument][33m[39m
[33mclang: warning: argument unused during compilation: '--gcc-toolchain=G:/DevEco Studio/sdk/default/openharmony/native/llvm' [-Wunused-command-line-argument][33m[39m
[33mclang: warning: argument unused during compilation: '--gcc-toolchain=G:/DevEco Studio/sdk/default/openharmony/native/llvm' [-Wunused-command-line-argument][33m[39m
[33mclang: warning: argument unused during compilation: '--gcc-toolchain=G:/DevEco Studio/sdk/default/openharmony/native/llvm' [-Wunused-command-line-argument][33m[39m
[33mclang: warning: argument unused during compilation: '--gcc-toolchain=G:/DevEco Studio/sdk/default/openharmony/native/llvm' [-Wunused-command-line-argument][33m[39m
[33mclang: warning: argument unused during compilation: '--gcc-toolchain=G:/DevEco Studio/sdk/default/openharmony/native/llvm' [-Wunused-command-line-argument][33m[39m
[33mclang: warning: argument unused during compilation: '--gcc-toolchain=G:/DevEco Studio/sdk/default/openharmony/native/llvm' [-Wunused-command-line-argument][33m[39m
[33mD:/Walkie/HarmonyOS/entry/src/main/cpp/opus/silk/fixed/pitch_analysis_core_FIX.c:200:27: warning: incompatible pointer types passing 'const opus_int16 *' (aka 'const short *') to parameter of type 'const opus_val16 *' (aka 'const float *') [-Wincompatible-pointer-types][33m[39m
[33m        celt_pitch_xcorr( target_ptr, target_ptr - MAX_LAG_4KHZ, xcorr32, SF_LENGTH_8KHZ, MAX_LAG_4KHZ - MIN_LAG_4KHZ + 1, arch );[33m[39m
[33m                          ^~~~~~~~~~[33m[39m
[33mD:/Walkie/HarmonyOS/entry/src/main/cpp/opus/celt/pitch.h:185:38: note: passing argument to parameter '_x' here[33m[39m
[33mcelt_pitch_xcorr_c(const opus_val16 *_x, const opus_val16 *_y,[33m[39m
[33m                                     ^[33m[39m
[33mD:/Walkie/HarmonyOS/entry/src/main/cpp/opus/silk/fixed/pitch_analysis_core_FIX.c:200:39: warning: incompatible pointer types passing 'const opus_int16 *' (aka 'const short *') to parameter of type 'const opus_val16 *' (aka 'const float *') [-Wincompatible-pointer-types][33m[39m
[33m        celt_pitch_xcorr( target_ptr, target_ptr - MAX_LAG_4KHZ, xcorr32, SF_LENGTH_8KHZ, MAX_LAG_4KHZ - MIN_LAG_4KHZ + 1, arch );[33m[39m
[33m                                      ^~~~~~~~~~~~~~~~~~~~~~~~~[33m[39m
[33mD:/Walkie/HarmonyOS/entry/src/main/cpp/opus/celt/pitch.h:185:60: note: passing argument to parameter '_y' here[33m[39m
[33mcelt_pitch_xcorr_c(const opus_val16 *_x, const opus_val16 *_y,[33m[39m
[33m                                                           ^[33m[39m
[33mD:/Walkie/HarmonyOS/entry/src/main/cpp/opus/silk/fixed/pitch_analysis_core_FIX.c:200:66: warning: incompatible pointer types passing 'opus_int32[65]' (aka 'int[65]') to parameter of type 'opus_val32 *' (aka 'float *') [-Wincompatible-pointer-types][33m[39m
[33m        celt_pitch_xcorr( target_ptr, target_ptr - MAX_LAG_4KHZ, xcorr32, SF_LENGTH_8KHZ, MAX_LAG_4KHZ - MIN_LAG_4KHZ + 1, arch );[33m[39m
[33m                                                                 ^~~~~~~[33m[39m
[33mD:/Walkie/HarmonyOS/entry/src/main/cpp/opus/celt/pitch.h:186:19: note: passing argument to parameter 'xcorr' here[33m[39m
[33m      opus_val32 *xcorr, int len, int max_pitch, int arch);[33m[39m
[33m                  ^[33m[39m
[33mD:/Walkie/HarmonyOS/entry/src/main/cpp/opus/silk/fixed/pitch_analysis_core_FIX.c:616:27: warning: incompatible pointer types passing 'const opus_int16 *' (aka 'const short *') to parameter of type 'const opus_val16 *' (aka 'const float *') [-Wincompatible-pointer-types][33m[39m
[33m        celt_pitch_xcorr( target_ptr, target_ptr - start_lag - lag_high, xcorr32, sf_length, lag_high - lag_low + 1, arch );[33m[39m
[33m                          ^~~~~~~~~~[33m[39m
[33mD:/Walkie/HarmonyOS/entry/src/main/cpp/opus/celt/pitch.h:185:38: note: passing argument to parameter '_x' here[33m[39m
[33mcelt_pitch_xcorr_c(const opus_val16 *_x, const opus_val16 *_y,[33m[39m
[33m                                     ^[33m[39m
[33mD:/Walkie/HarmonyOS/entry/src/main/cpp/opus/silk/fixed/pitch_analysis_core_FIX.c:616:39: warning: incompatible pointer types passing 'const opus_int16 *' (aka 'const short *') to parameter of type 'const opus_val16 *' (aka 'const float *') [-Wincompatible-pointer-types][33m[39m
[33m        celt_pitch_xcorr( target_ptr, target_ptr - start_lag - lag_high, xcorr32, sf_length, lag_high - lag_low + 1, arch );[33m[39m
[33m                                      ^~~~~~~~~~~~~~~~~~~~~~~~~~~~~~~~~[33m[39m
[33mD:/Walkie/HarmonyOS/entry/src/main/cpp/opus/celt/pitch.h:185:60: note: passing argument to parameter '_y' here[33m[39m
[33mcelt_pitch_xcorr_c(const opus_val16 *_x, const opus_val16 *_y,[33m[39m
[33m                                                           ^[33m[39m
[33mD:/Walkie/HarmonyOS/entry/src/main/cpp/opus/silk/fixed/pitch_analysis_core_FIX.c:616:74: warning: incompatible pointer types passing 'opus_int32[22]' (aka 'int[22]') to parameter of type 'opus_val32 *' (aka 'float *') [-Wincompatible-pointer-types][33m[39m
[33m        celt_pitch_xcorr( target_ptr, target_ptr - start_lag - lag_high, xcorr32, sf_length, lag_high - lag_low + 1, arch );[33m[39m
[33m                                                                         ^~~~~~~[33m[39m
[33mD:/Walkie/HarmonyOS/entry/src/main/cpp/opus/celt/pitch.h:186:19: note: passing argument to parameter 'xcorr' here[33m[39m
[33m      opus_val32 *xcorr, int len, int max_pitch, int arch);[33m[39m
[33m                  ^[33m[39m
[33m6 warnings generated.[33m[39m
[33mclang: warning: argument unused during compilation: '--gcc-toolchain=G:/DevEco Studio/sdk/default/openharmony/native/llvm' [-Wunused-command-line-argument][33m[39m
[33mclang: warning: argument unused during compilation: '--gcc-toolchain=G:/DevEco Studio/sdk/default/openharmony/native/llvm' [-Wunused-command-line-argument][33m[39m
[33mclang: warning: argument unused during compilation: '--gcc-toolchain=G:/DevEco Studio/sdk/default/openharmony/native/llvm' [-Wunused-command-line-argument][33m[39m
[33mclang: warning: argument unused during compilation: '--gcc-toolchain=G:/DevEco Studio/sdk/default/openharmony/native/llvm' [-Wunused-command-line-argument][33m[39m
[33mclang: warning: argument unused during compilation: '--gcc-toolchain=G:/DevEco Studio/sdk/default/openharmony/native/llvm' [-Wunused-command-line-argument][33m[39m
[33mclang: warning: argument unused during compilation: '--gcc-toolchain=G:/DevEco Studio/sdk/default/openharmony/native/llvm' [-Wunused-command-line-argument][33m[39m
[33mclang: warning: argument unused during compilation: '--gcc-toolchain=G:/DevEco Studio/sdk/default/openharmony/native/llvm' [-Wunused-command-line-argument][33m[39m
[33mclang: warning: argument unused during compilation: '--gcc-toolchain=G:/DevEco Studio/sdk/default/openharmony/native/llvm' [-Wunused-command-line-argument][33m[39m
[33mclang: warning: argument unused during compilation: '--gcc-toolchain=G:/DevEco Studio/sdk/default/openharmony/native/llvm' [-Wunused-command-line-argument][33m[39m
[33mclang: warning: argument unused during compilation: '--gcc-toolchain=G:/DevEco Studio/sdk/default/openharmony/native/llvm' [-Wunused-command-line-argument][33m[39m
[33mclang: warning: argument unused during compilation: '--gcc-toolchain=G:/DevEco Studio/sdk/default/openharmony/native/llvm' [-Wunused-command-line-argument][33m[39m
[33mclang: warning: argument unused during compilation: '--gcc-toolchain=G:/DevEco Studio/sdk/default/openharmony/native/llvm' [-Wunused-command-line-argument][33m[39m
[33mclang: warning: argument unused during compilation: '--gcc-toolchain=G:/DevEco Studio/sdk/default/openharmony/native/llvm' [-Wunused-command-line-argument][33m[39m
[33mclang: warning: argument unused during compilation: '--gcc-toolchain=G:/DevEco Studio/sdk/default/openharmony/native/llvm' [-Wunused-command-line-argument][33m[39m
[33mclang: warning: argument unused during compilation: '--gcc-toolchain=G:/DevEco Studio/sdk/default/openharmony/native/llvm' [-Wunused-command-line-argument][33m[39m
[33mclang: warning: argument unused during compilation: '--gcc-toolchain=G:/DevEco Studio/sdk/default/openharmony/native/llvm' [-Wunused-command-line-argument][33m[39m
[33mclang: warning: argument unused during compilation: '--gcc-toolchain=G:/DevEco Studio/sdk/default/openharmony/native/llvm' [-Wunused-command-line-argument][33m[39m
[33mclang: warning: argument unused during compilation: '--gcc-toolchain=G:/DevEco Studio/sdk/default/openharmony/native/llvm' [-Wunused-command-line-argument][33m[39m
[33mclang: warning: argument unused during compilation: '--gcc-toolchain=G:/DevEco Studio/sdk/default/openharmony/native/llvm' [-Wunused-command-line-argument][33m[39m
[33mclang: warning: argument unused during compilation: '--gcc-toolchain=G:/DevEco Studio/sdk/default/openharmony/native/llvm' [-Wunused-command-line-argument][33m[39m
[33mclang: warning: argument unused during compilation: '--gcc-toolchain=G:/DevEco Studio/sdk/default/openharmony/native/llvm' [-Wunused-command-line-argument][33m[39m
[33mclang: warning: argument unused during compilation: '--gcc-toolchain=G:/DevEco Studio/sdk/default/openharmony/native/llvm' [-Wunused-command-line-argument][33m[39m
[33mclang: warning: argument unused during compilation: '--gcc-toolchain=G:/DevEco Studio/sdk/default/openharmony/native/llvm' [-Wunused-command-line-argument][33m[39m
[33mclang: warning: argument unused during compilation: '--gcc-toolchain=G:/DevEco Studio/sdk/default/openharmony/native/llvm' [-Wunused-command-line-argument][33m[39m
[33mclang: warning: argument unused during compilation: '--gcc-toolchain=G:/DevEco Studio/sdk/default/openharmony/native/llvm' [-Wunused-command-line-argument][33m[39m
[33mclang: warning: argument unused during compilation: '--gcc-toolchain=G:/DevEco Studio/sdk/default/openharmony/native/llvm' [-Wunused-command-line-argument][33m[39m
[33mclang: warning: argument unused during compilation: '--gcc-toolchain=G:/DevEco Studio/sdk/default/openharmony/native/llvm' [-Wunused-command-line-argument][33m[39m
[33mclang: warning: argument unused during compilation: '--gcc-toolchain=G:/DevEco Studio/sdk/default/openharmony/native/llvm' [-Wunused-command-line-argument][33m[39m
[33mclang: warning: argument unused during compilation: '--gcc-toolchain=G:/DevEco Studio/sdk/default/openharmony/native/llvm' [-Wunused-command-line-argument][33m[39m
[33mclang: warning: argument unused during compilation: '--gcc-toolchain=G:/DevEco Studio/sdk/default/openharmony/native/llvm' [-Wunused-command-line-argument][33m[39m
[33mclang: warning: argument unused during compilation: '--gcc-toolchain=G:/DevEco Studio/sdk/default/openharmony/native/llvm' [-Wunused-command-line-argument][33m[39m
[33mclang: warning: argument unused during compilation: '--gcc-toolchain=G:/DevEco Studio/sdk/default/openharmony/native/llvm' [-Wunused-command-line-argument][33m[39m
[33mclang: warning: argument unused during compilation: '--gcc-toolchain=G:/DevEco Studio/sdk/default/openharmony/native/llvm' [-Wunused-command-line-argument][33m[39m
[33mclang: warning: argument unused during compilation: '--gcc-toolchain=G:/DevEco Studio/sdk/default/openharmony/native/llvm' [-Wunused-command-line-argument][33m[39m
[33mclang: warning: argument unused during compilation: '--gcc-toolchain=G:/DevEco Studio/sdk/default/openharmony/native/llvm' [-Wunused-command-line-argument][33m[39m
[33mclang: warning: argument unused during compilation: '--gcc-toolchain=G:/DevEco Studio/sdk/default/openharmony/native/llvm' [-Wunused-command-line-argument][33m[39m
[33mclang: warning: argument unused during compilation: '--gcc-toolchain=G:/DevEco Studio/sdk/default/openharmony/native/llvm' [-Wunused-command-line-argument][33m[39m
[33mclang: warning: argument unused during compilation: '--gcc-toolchain=G:/DevEco Studio/sdk/default/openharmony/native/llvm' [-Wunused-command-line-argument][33m[39m
[33mclang: warning: argument unused during compilation: '--gcc-toolchain=G:/DevEco Studio/sdk/default/openharmony/native/llvm' [-Wunused-command-line-argument][33m[39m
[33mclang: warning: argument unused during compilation: '--gcc-toolchain=G:/DevEco Studio/sdk/default/openharmony/native/llvm' [-Wunused-command-line-argument][33m[39m
[33mclang: warning: argument unused during compilation: '--gcc-toolchain=G:/DevEco Studio/sdk/default/openharmony/native/llvm' [-Wunused-command-line-argument][33m[39m
[33mclang: warning: argument unused during compilation: '--gcc-toolchain=G:/DevEco Studio/sdk/default/openharmony/native/llvm' [-Wunused-command-line-argument][33m[39m
[33mclang: warning: argument unused during compilation: '--gcc-toolchain=G:/DevEco Studio/sdk/default/openharmony/native/llvm' [-Wunused-command-line-argument][33m[39m
[33mclang: warning: argument unused during compilation: '--gcc-toolchain=G:/DevEco Studio/sdk/default/openharmony/native/llvm' [-Wunused-command-line-argument][33m[39m
[33mclang: warning: argument unused during compilation: '--gcc-toolchain=G:/DevEco Studio/sdk/default/openharmony/native/llvm' [-Wunused-command-line-argument][33m[39m
[33mclang: warning: argument unused during compilation: '--gcc-toolchain=G:/DevEco Studio/sdk/default/openharmony/native/llvm' [-Wunused-command-line-argument][33m[39m
[33mclang: warning: argument unused during compilation: '--gcc-toolchain=G:/DevEco Studio/sdk/default/openharmony/native/llvm' [-Wunused-command-line-argument][33m[39m
[33mclang: warning: argument unused during compilation: '--gcc-toolchain=G:/DevEco Studio/sdk/default/openharmony/native/llvm' [-Wunused-command-line-argument][33m[39m
[33mclang: warning: argument unused during compilation: '--gcc-toolchain=G:/DevEco Studio/sdk/default/openharmony/native/llvm' [-Wunused-command-line-argument][33m[39m
[33mclang: warning: argument unused during compilation: '--gcc-toolchain=G:/DevEco Studio/sdk/default/openharmony/native/llvm' [-Wunused-command-line-argument][33m[39m
[33mclang: warning: argument unused during compilation: '--gcc-toolchain=G:/DevEco Studio/sdk/default/openharmony/native/llvm' [-Wunused-command-line-argument][33m[39m
[33mclang: warning: argument unused during compilation: '--gcc-toolchain=G:/DevEco Studio/sdk/default/openharmony/native/llvm' [-Wunused-command-line-argument][33m[39m
[33mclang: warning: argument unused during compilation: '--gcc-toolchain=G:/DevEco Studio/sdk/default/openharmony/native/llvm' [-Wunused-command-line-argument][33m[39m
[33mclang: warning: argument unused during compilation: '--gcc-toolchain=G:/DevEco Studio/sdk/default/openharmony/native/llvm' [-Wunused-command-line-argument][33m[39m
[33mclang: warning: argument unused during compilation: '--gcc-toolchain=G:/DevEco Studio/sdk/default/openharmony/native/llvm' [-Wunused-command-line-argument][33m[39m
[33mclang: warning: argument unused during compilation: '--gcc-toolchain=G:/DevEco Studio/sdk/default/openharmony/native/llvm' [-Wunused-command-line-argument][33m[39m
[33mclang: warning: argument unused during compilation: '--gcc-toolchain=G:/DevEco Studio/sdk/default/openharmony/native/llvm' [-Wunused-command-line-argument][33m[39m
[33mclang: warning: argument unused during compilation: '--gcc-toolchain=G:/DevEco Studio/sdk/default/openharmony/native/llvm' [-Wunused-command-line-argument][33m[39m
[33mclang: warning: argument unused during compilation: '--gcc-toolchain=G:/DevEco Studio/sdk/default/openharmony/native/llvm' [-Wunused-command-line-argument][33m[39m
[33mclang: warning: argument unused during compilation: '--gcc-toolchain=G:/DevEco Studio/sdk/default/openharmony/native/llvm' [-Wunused-command-line-argument][33m[39m
[33mclang: warning: argument unused during compilation: '--gcc-toolchain=G:/DevEco Studio/sdk/default/openharmony/native/llvm' [-Wunused-command-line-argument][33m[39m
[33mclang: warning: argument unused during compilation: '--gcc-toolchain=G:/DevEco Studio/sdk/default/openharmony/native/llvm' [-Wunused-command-line-argument][33m[39m
[33mclang: warning: argument unused during compilation: '--gcc-toolchain=G:/DevEco Studio/sdk/default/openharmony/native/llvm' [-Wunused-command-line-argument][33m[39m
[33mclang: warning: argument unused during compilation: '--gcc-toolchain=G:/DevEco Studio/sdk/default/openharmony/native/llvm' [-Wunused-command-line-argument][33m[39m
[33mclang: warning: argument unused during compilation: '--gcc-toolchain=G:/DevEco Studio/sdk/default/openharmony/native/llvm' [-Wunused-command-line-argument][33m[39m
[33mclang: warning: argument unused during compilation: '--gcc-toolchain=G:/DevEco Studio/sdk/default/openharmony/native/llvm' [-Wunused-command-line-argument][33m[39m
[33mclang: warning: argument unused during compilation: '--gcc-toolchain=G:/DevEco Studio/sdk/default/openharmony/native/llvm' [-Wunused-command-line-argument][33m[39m
[33mclang: warning: argument unused during compilation: '--gcc-toolchain=G:/DevEco Studio/sdk/default/openharmony/native/llvm' [-Wunused-command-line-argument][33m[39m
[33mclang: warning: argument unused during compilation: '--gcc-toolchain=G:/DevEco Studio/sdk/default/openharmony/native/llvm' [-Wunused-command-line-argument][33m[39m
[33mclang: warning: argument unused during compilation: '--gcc-toolchain=G:/DevEco Studio/sdk/default/openharmony/native/llvm' [-Wunused-command-line-argument][33m[39m
[33mclang: warning: argument unused during compilation: '--gcc-toolchain=G:/DevEco Studio/sdk/default/openharmony/native/llvm' [-Wunused-command-line-argument][33m[39m
[33mclang: warning: argument unused during compilation: '--gcc-toolchain=G:/DevEco Studio/sdk/default/openharmony/native/llvm' [-Wunused-command-line-argument][33m[39m
[33mclang: warning: argument unused during compilation: '--gcc-toolchain=G:/DevEco Studio/sdk/default/openharmony/native/llvm' [-Wunused-command-line-argument][33m[39m
[33mclang: warning: argument unused during compilation: '--gcc-toolchain=G:/DevEco Studio/sdk/default/openharmony/native/llvm' [-Wunused-command-line-argument][33m[39m
[33mclang: warning: argument unused during compilation: '--gcc-toolchain=G:/DevEco Studio/sdk/default/openharmony/native/llvm' [-Wunused-command-line-argument][33m[39m
[33mclang: warning: argument unused during compilation: '--gcc-toolchain=G:/DevEco Studio/sdk/default/openharmony/native/llvm' [-Wunused-command-line-argument][33m[39m
[33mclang: warning: argument unused during compilation: '--gcc-toolchain=G:/DevEco Studio/sdk/default/openharmony/native/llvm' [-Wunused-command-line-argument][33m[39m
[33mclang: warning: argument unused during compilation: '--gcc-toolchain=G:/DevEco Studio/sdk/default/openharmony/native/llvm' [-Wunused-command-line-argument][33m[39m
[33mclang: warning: argument unused during compilation: '--gcc-toolchain=G:/DevEco Studio/sdk/default/openharmony/native/llvm' [-Wunused-command-line-argument][33m[39m
[33mclang: warning: argument unused during compilation: '--gcc-toolchain=G:/DevEco Studio/sdk/default/openharmony/native/llvm' [-Wunused-command-line-argument][33m[39m
[33mclang: warning: argument unused during compilation: '--gcc-toolchain=G:/DevEco Studio/sdk/default/openharmony/native/llvm' [-Wunused-command-line-argument][33m[39m
[33mclang: warning: argument unused during compilation: '--gcc-toolchain=G:/DevEco Studio/sdk/default/openharmony/native/llvm' [-Wunused-command-line-argument][33m[39m
[33mD:/Walkie/HarmonyOS/entry/src/main/cpp/opus/src/opus_decoder.c:38:10: warning: You appear to be compiling without optimization, if so opus will be very slow. [-W#pragma-messages][33m[39m
[33m# pragma message "You appear to be compiling without optimization, if so opus will be very slow."[33m[39m
[33m         ^[33m[39m
[33m1 warning generated.[33m[39m
[33mclang: warning: argument unused during compilation: '--gcc-toolchain=G:/DevEco Studio/sdk/default/openharmony/native/llvm' [-Wunused-command-line-argument][33m[39m
[33mclang: warning: argument unused during compilation: '--gcc-toolchain=G:/DevEco Studio/sdk/default/openharmony/native/llvm' [-Wunused-command-line-argument][33m[39m
[33mclang: warning: argument unused during compilation: '--gcc-toolchain=G:/DevEco Studio/sdk/default/openharmony/native/llvm' [-Wunused-command-line-argument][33m[39m
[33mclang: warning: argument unused during compilation: '--gcc-toolchain=G:/DevEco Studio/sdk/default/openharmony/native/llvm' [-Wunused-command-line-argument][33m[39m
[33mclang: warning: argument unused during compilation: '--gcc-toolchain=G:/DevEco Studio/sdk/default/openharmony/native/llvm' [-Wunused-command-line-argument][33m[39m
[33mclang: warning: argument unused during compilation: '--gcc-toolchain=G:/DevEco Studio/sdk/default/openharmony/native/llvm' [-Wunused-command-line-argument][33m[39m
[33mclang: warning: argument unused during compilation: '--gcc-toolchain=G:/DevEco Studio/sdk/default/openharmony/native/llvm' [-Wunused-command-line-argument][33m[39m
[33mclang: warning: argument unused during compilation: '--gcc-toolchain=G:/DevEco Studio/sdk/default/openharmony/native/llvm' [-Wunused-command-line-argument][33m[39m
[33mclang: warning: argument unused during compilation: '--gcc-toolchain=G:/DevEco Studio/sdk/default/openharmony/native/llvm' [-Wunused-command-line-argument][33m[39m
[33mclang++: warning: argument unused during compilation: '--gcc-toolchain=G:/DevEco Studio/sdk/default/openharmony/native/llvm' [-Wunused-command-line-argument][33m[39m

[2026-09-01T14:34:25.308] [DEBUG] debug-file - worker[2] has one work done.
[2026-09-01T14:34:25.320] [DEBUG] debug-file - External build set its own library output location for libopus.a, which will be hard linked or copy to the expected location.
[2026-09-01T14:34:25.323] [DEBUG] debug-file - Link D:\Walkie\HarmonyOS\entry\.cxx\default\default\debug\arm64-v8a\libopus.a to D:\Walkie\HarmonyOS\entry\build\default\intermediates\cmake\default\obj\arm64-v8a\libopus.a successfully.
[2026-09-01T14:34:25.323] [DEBUG] debug-file - default@BuildNativeWithNinja work[364] done.
[2026-09-01T14:34:25.324] [INFO] debug-file - Finished :entry:default@BuildNativeWithNinja... after 10 s 934 ms 
[2026-09-01T14:34:25.325] [DEBUG] debug-file - Executing task :entry:default@ProcessLibs
[2026-09-01T14:34:25.342] [DEBUG] debug-file - Check content hash for D:\Walkie\HarmonyOS\entry\build\default\intermediates\cmake\default\obj\arm64-v8a\libwalkieopus.so
[2026-09-01T14:34:25.377] [DEBUG] debug-file - Check content hash for D:\Walkie\HarmonyOS\entry\build\default\intermediates\cmake\default\obj\arm64-v8a\libopus.a
[2026-09-01T14:34:25.393] [DEBUG] debug-file - Check content hash for D:\Walkie\HarmonyOS\entry\build\default\intermediates\cmake\default\obj\arm64-v8a\libc++_shared.so
[2026-09-01T14:34:25.401] [DEBUG] debug-file - Task 'entry:default@ProcessLibs' cost while wrapping incremental declarations: 1 ms 
[2026-09-01T14:34:25.403] [DEBUG] debug-file - entry:default@ProcessLibs is not up-to-date, since the output file 'D:\Walkie\HarmonyOS\entry\build\default\intermediates\libs\default' does not exist.
[2026-09-01T14:34:25.404] [DEBUG] debug-file - Incremental task entry:default@ProcessLibs pre-execution cost: 2 ms .
[2026-09-01T14:34:25.406] [DEBUG] debug-file - Worker dispatch failed, running processLibs on main thread.
[2026-09-01T14:34:25.409] [DEBUG] debug-file - Link D:\Walkie\HarmonyOS\entry\build\default\intermediates\cmake\default\obj\arm64-v8a\libwalkieopus.so to D:\Walkie\HarmonyOS\entry\build\default\intermediates\libs\default\arm64-v8a\libwalkieopus.so successfully.
[2026-09-01T14:34:25.412] [DEBUG] debug-file - Link D:\Walkie\HarmonyOS\entry\build\default\intermediates\cmake\default\obj\arm64-v8a\libc++_shared.so to D:\Walkie\HarmonyOS\entry\build\default\intermediates\libs\default\arm64-v8a\libc++_shared.so successfully.
[2026-09-01T14:34:25.412] [DEBUG] debug-file - entry : default@ProcessLibs cost memory -9.095733642578125
[2026-09-01T14:34:25.412] [DEBUG] debug-file - runTaskFromQueue task cost before running: 15 s 153 ms 
[2026-09-01T14:34:25.412] [INFO] debug-file - Finished :entry:default@ProcessLibs... after 87 ms 
[2026-09-01T14:34:25.414] [DEBUG] debug-file - Executing task :entry:default@DoNativeStrip
[2026-09-01T14:34:25.414] [DEBUG] debug-file - File: 'D:\Walkie\HarmonyOS\entry\build\default\intermediates\binxo\default' from 'doBinxoNativeLibs' is not exists, just ignore.
[2026-09-01T14:34:25.415] [DEBUG] debug-file - Task 'entry:default@DoNativeStrip' cost while wrapping incremental declarations: 1 ms 
[2026-09-01T14:34:25.416] [DEBUG] debug-file - entry:default@DoNativeStrip is not up-to-date, since the input file 'D:\Walkie\HarmonyOS\entry\build\default\intermediates\libs\default' has been changed.
[2026-09-01T14:34:25.417] [DEBUG] debug-file - Incremental task entry:default@DoNativeStrip pre-execution cost: 2 ms .
[2026-09-01T14:34:25.419] [DEBUG] debug-file - default@DoNativeStrip work[367] is submitted.
[2026-09-01T14:34:25.419] [DEBUG] debug-file - default@DoNativeStrip work[367] is pushed to ready queue.
[2026-09-01T14:34:25.419] [DEBUG] debug-file - default@DoNativeStrip work[367] is not dispatched.
[2026-09-01T14:34:25.419] [DEBUG] debug-file - entry : default@DoNativeStrip cost memory 0.13053131103515625
[2026-09-01T14:34:25.634] [DEBUG] debug-file - A work dispatched to worker[3] failed because unable to get work from ready queue.
[2026-09-01T14:34:25.635] [DEBUG] debug-file - default@DoNativeStrip work[367] has been dispatched to worker[2].
[2026-09-01T14:34:25.671] [DEBUG] debug-file - current process  memoryUsage: {
  rss: 591810560,
  heapTotal: 59105280,
  heapUsed: 55541064,
  external: 5242841,
  arrayBuffers: 44696
} os memoryUsage :8.361827850341797
[2026-09-01T14:34:25.676] [DEBUG] debug-file - current process  memoryUsage: {
  rss: 592023552,
  heapTotal: 59105280,
  heapUsed: 55643048,
  external: 5242881,
  arrayBuffers: 37016
} os memoryUsage :8.361347198486328
[2026-09-01T14:34:25.810] [DEBUG] debug-file - worker[2] has one work done.
[2026-09-01T14:34:25.811] [DEBUG] debug-file - default@DoNativeStrip work[367] done.
[2026-09-01T14:34:25.813] [INFO] debug-file - Finished :entry:default@DoNativeStrip... after 170 ms 
[2026-09-01T14:34:25.814] [DEBUG] debug-file - Executing task :entry:default@CacheNativeLibs
[2026-09-01T14:34:25.814] [DEBUG] debug-file - File: 'D:\Walkie\HarmonyOS\entry\build\default\intermediates\binxo\default' from 'cacheBinxoNativeLibs' is not exists, just ignore.
[2026-09-01T14:34:25.815] [DEBUG] debug-file - Task 'entry:default@CacheNativeLibs' cost while wrapping incremental declarations: 1 ms 
[2026-09-01T14:34:25.816] [DEBUG] debug-file - entry:default@CacheNativeLibs is not up-to-date, since the input file 'D:\Walkie\HarmonyOS\entry\build\default\intermediates\stripped_native_libs\default' has been changed.
[2026-09-01T14:34:25.817] [DEBUG] debug-file - Incremental task entry:default@CacheNativeLibs pre-execution cost: 2 ms .
[2026-09-01T14:34:25.817] [DEBUG] debug-file - default@CacheNativeLibs work[368] is submitted.
[2026-09-01T14:34:25.817] [DEBUG] debug-file - default@CacheNativeLibs work[368] is pushed to ready queue.
[2026-09-01T14:34:25.817] [DEBUG] debug-file - default@CacheNativeLibs work[368] is not dispatched.
[2026-09-01T14:34:25.817] [DEBUG] debug-file - entry : default@CacheNativeLibs cost memory 0.1130828857421875
[2026-09-01T14:34:25.943] [DEBUG] debug-file - default@CacheNativeLibs work[368] has been dispatched to worker[2].
[2026-09-01T14:34:25.943] [DEBUG] debug-file - worker[2] has one work done.
[2026-09-01T14:34:25.943] [DEBUG] debug-file - default@CacheNativeLibs work[368] done.
[2026-09-01T14:34:25.944] [INFO] debug-file - Finished :entry:default@CacheNativeLibs... after 9 ms 
[2026-09-01T14:34:26.079] [DEBUG] debug-file - A work dispatched to worker[2] failed because unable to get work from ready queue.
[2026-09-01T14:34:26.270] [DEBUG] debug-file - A work dispatched to worker[3] failed because unable to get work from ready queue.
[2026-09-01T14:34:26.271] [DEBUG] debug-file - A work dispatched to worker[2] failed because unable to get work from ready queue.
[2026-09-01T14:34:26.271] [DEBUG] debug-file - A work dispatched to worker[1] failed because of worker busy.
[2026-09-01T14:34:26.271] [DEBUG] debug-file - A work dispatched to worker[0] failed because unable to get work from ready queue.
[2026-09-01T14:34:26.271] [DEBUG] debug-file - A work dispatched to worker[2] failed because unable to get work from ready queue.
[2026-09-01T14:34:30.289] [WARN] debug-file - [33mWARN: [33m[33mArkTS:WARN File: D:/Walkie/HarmonyOS/entry/src/main/ets/WalkieUdp.ets:248:15
 Function may throw exceptions. Special handling is required.
[39m[39m
[33mWARN: [33m[33mArkTS:WARN File: D:/Walkie/HarmonyOS/entry/src/main/ets/WalkieUdp.ets:289:15
 Function may throw exceptions. Special handling is required.
[39m[39m
[33mWARN: [33m[33mArkTS:WARN File: D:/Walkie/HarmonyOS/entry/src/main/ets/WalkieAudio.ets:241:11
 The system capacity of this api 'audio' is not supported on all devices
[39m[39m
[33mWARN: [33m[33mArkTS:WARN File: D:/Walkie/HarmonyOS/entry/src/main/ets/WalkieAudio.ets:244:11
 The system capacity of this api 'audio' is not supported on all devices
[39m[39m
[33mWARN: [33m[33mArkTS:WARN File: D:/Walkie/HarmonyOS/entry/src/main/ets/WalkieAudio.ets:247:11
 The system capacity of this api 'audio' is not supported on all devices
[39m[39m
[33mWARN: [33m[33mArkTS:WARN File: D:/Walkie/HarmonyOS/entry/src/main/ets/WalkieAudio.ets:250:11
 The system capacity of this api 'audio' is not supported on all devices
[39m[39m
[33mWARN: [33m[33mArkTS:WARN File: D:/Walkie/HarmonyOS/entry/src/main/ets/WalkieAudio.ets:256:11
 The system capacity of this api 'audio' is not supported on all devices
[39m[39m
[33mWARN: [33m[33mArkTS:WARN File: D:/Walkie/HarmonyOS/entry/src/main/ets/WalkieAudio.ets:275:15
 The system capacity of this api 'audio' is not supported on all devices
[39m[39m
[33mWARN: [33m[33mArkTS:WARN File: D:/Walkie/HarmonyOS/entry/src/main/ets/WalkieTone.ets:299:11
 The system capacity of this api 'audio' is not supported on all devices
[39m[39m
[33mWARN: [33m[33mArkTS:WARN File: D:/Walkie/HarmonyOS/entry/src/main/ets/WalkieTone.ets:302:11
 The system capacity of this api 'audio' is not supported on all devices
[39m[39m
[33mWARN: [33m[33mArkTS:WARN File: D:/Walkie/HarmonyOS/entry/src/main/ets/WalkieTone.ets:305:11
 The system capacity of this api 'audio' is not supported on all devices
[39m[39m
[33mWARN: [33m[33mArkTS:WARN File: D:/Walkie/HarmonyOS/entry/src/main/ets/WalkieTone.ets:308:11
 The system capacity of this api 'audio' is not supported on all devices
[39m[39m
[33mWARN: [33m[33mArkTS:WARN File: D:/Walkie/HarmonyOS/entry/src/main/ets/WalkieTone.ets:321:11
 The system capacity of this api 'audio' is not supported on all devices
[39m[39m
[33mWARN: [33m[33mArkTS:WARN File: D:/Walkie/HarmonyOS/entry/src/main/ets/WalkieTone.ets:327:11
 The system capacity of this api 'audio' is not supported on all devices
[39m[39m
[33mWARN: [33m[33mArkTS:WARN File: D:/Walkie/HarmonyOS/entry/src/main/ets/WalkieTone.ets:354:15
 The system capacity of this api 'audio' is not supported on all devices
[39m[39m
[33mWARN: [33m[33mArkTS:WARN File: D:/Walkie/HarmonyOS/entry/src/main/ets/WalkiePlayback.ets:241:9
 The system capacity of this api 'audio' is not supported on all devices
[39m[39m
[33mWARN: [33m[33mArkTS:WARN File: D:/Walkie/HarmonyOS/entry/src/main/ets/WalkiePlayback.ets:244:9
 The system capacity of this api 'audio' is not supported on all devices
[39m[39m
[33mWARN: [33m[33mArkTS:WARN File: D:/Walkie/HarmonyOS/entry/src/main/ets/WalkiePlayback.ets:247:9
 The system capacity of this api 'audio' is not supported on all devices
[39m[39m
[33mWARN: [33m[33mArkTS:WARN File: D:/Walkie/HarmonyOS/entry/src/main/ets/WalkiePlayback.ets:250:9
 The system capacity of this api 'audio' is not supported on all devices
[39m[39m
[33mWARN: [33m[33mArkTS:WARN File: D:/Walkie/HarmonyOS/entry/src/main/ets/WalkiePlayback.ets:257:9
 The system capacity of this api 'audio' is not supported on all devices
[39m[39m
[33mWARN: [33m[33mArkTS:WARN File: D:/Walkie/HarmonyOS/entry/src/main/ets/WalkiePlayback.ets:263:9
 The system capacity of this api 'audio' is not supported on all devices
[39m[39m
[33mWARN: [33m[33mArkTS:WARN File: D:/Walkie/HarmonyOS/entry/src/main/ets/WalkiePlayback.ets:278:15
 The system capacity of this api 'audio' is not supported on all devices
[39m[39m
[33mWARN: [33m[33mArkTS:WARN File: D:/Walkie/HarmonyOS/entry/src/main/ets/WalkieClient.ets:3401:10
 'decode' has been deprecated.
[39m[39m
[33mWARN: [33m[33mArkTS:WARN File: D:/Walkie/HarmonyOS/entry/src/main/ets/pages/Index.ets:452:10
 The 'fill' API is supported since SDK version 26.0.0. However, the current compatible SDK version is 6.1.1(24).
 It is recommended to use apiAvailable to safeguard API compatibility.
[39m[39m
[33mWARN: [33m[33mArkTS:WARN File: D:/Walkie/HarmonyOS/entry/src/main/ets/pages/Index.ets:495:12
 The 'fill' API is supported since SDK version 26.0.0. However, the current compatible SDK version is 6.1.1(24).
 It is recommended to use apiAvailable to safeguard API compatibility.
[39m[39m
[33mWARN: [33m[33mArkTS:WARN File: D:/Walkie/HarmonyOS/entry/src/main/ets/pages/Index.ets:720:12
 The 'fill' API is supported since SDK version 26.0.0. However, the current compatible SDK version is 6.1.1(24).
 It is recommended to use apiAvailable to safeguard API compatibility.
[39m[39m
[33mWARN: [33m[33mArkTS:WARN File: D:/Walkie/HarmonyOS/entry/src/main/ets/pages/Index.ets:900:10
 The 'fill' API is supported since SDK version 26.0.0. However, the current compatible SDK version is 6.1.1(24).
 It is recommended to use apiAvailable to safeguard API compatibility.
[39m[39m
[33mWARN: [33m[33mArkTS:WARN File: D:/Walkie/HarmonyOS/entry/src/main/ets/pages/Index.ets:1356:10
 The 'fill' API is supported since SDK version 26.0.0. However, the current compatible SDK version is 6.1.1(24).
 It is recommended to use apiAvailable to safeguard API compatibility.
[39m[39m
[33mWARN: [33m[33mArkTS:WARN File: D:/Walkie/HarmonyOS/entry/src/main/ets/pages/Index.ets:1647:16
 The 'fill' API is supported since SDK version 26.0.0. However, the current compatible SDK version is 6.1.1(24).
 It is recommended to use apiAvailable to safeguard API compatibility.
[39m[39m

[2026-09-01T14:34:30.290] [DEBUG] debug-file - Ark compile task finished.finished time is 22826551033900
[2026-09-01T14:34:30.291] [DEBUG] debug-file - worker[1] has one work done.
[2026-09-01T14:34:30.293] [DEBUG] debug-file - default@CompileArkTS work[365] done.
[2026-09-01T14:34:30.295] [INFO] debug-file - Finished :entry:default@CompileArkTS... after 8 s 558 ms 
[2026-09-01T14:34:30.297] [DEBUG] debug-file - Executing task :entry:default@GeneratePkgModuleJson
[2026-09-01T14:34:30.298] [DEBUG] debug-file - File: 'D:\Walkie\HarmonyOS\entry\build\default\intermediates\preload\default\preload.json' from 'preloadSoJsonPath' is not exists, just ignore.
[2026-09-01T14:34:30.298] [DEBUG] debug-file - Error occurs while handling @Input 'shouldDeduplicateHar': The "data" argument must be of type string or an instance of Buffer, TypedArray, or DataView. Received undefined
[2026-09-01T14:34:30.298] [DEBUG] debug-file - Task 'entry:default@GeneratePkgModuleJson' cost while wrapping incremental declarations: 1 ms 
[2026-09-01T14:34:30.299] [DEBUG] debug-file - entry:default@GeneratePkgModuleJson is not up-to-date, since the input file 'D:\Walkie\HarmonyOS\entry\build\default\intermediates\res\default\module.json' has been changed.
[2026-09-01T14:34:30.299] [DEBUG] debug-file - Incremental task entry:default@GeneratePkgModuleJson pre-execution cost: 1 ms .
[2026-09-01T14:34:30.301] [DEBUG] debug-file - entry : default@GeneratePkgModuleJson cost memory 0.15711212158203125
[2026-09-01T14:34:30.301] [DEBUG] debug-file - runTaskFromQueue task cost before running: 20 s 42 ms 
[2026-09-01T14:34:30.301] [INFO] debug-file - Finished :entry:default@GeneratePkgModuleJson... after 4 ms 
[2026-09-01T14:34:30.302] [DEBUG] debug-file - Executing task :entry:default@ProcessCompiledResources
[2026-09-01T14:34:30.302] [DEBUG] debug-file - File: 'D:\Walkie\HarmonyOS\entry\build\default\intermediates\preload\default\preload.json' from 'preloadSoJsonPath' is not exists, just ignore.
[2026-09-01T14:34:30.303] [DEBUG] debug-file - Task 'entry:default@ProcessCompiledResources' cost while wrapping incremental declarations: 1 ms 
[2026-09-01T14:34:30.303] [DEBUG] debug-file - entry : default@ProcessCompiledResources cost memory 0.048431396484375
[2026-09-01T14:34:30.303] [DEBUG] debug-file - runTaskFromQueue task cost before running: 20 s 44 ms 
[2026-09-01T14:34:30.303] [INFO] debug-file - Finished :entry:default@ProcessCompiledResources... after 1 ms 
[2026-09-01T14:34:30.304] [DEBUG] debug-file - Executing task :entry:default@PackageHap
[2026-09-01T14:34:30.309] [DEBUG] debug-file - entry:default@PackageHap is not up-to-date, since the input file 'D:\Walkie\HarmonyOS\entry\build\default\outputs\default\pack.info' has been changed.
[2026-09-01T14:34:30.309] [DEBUG] debug-file - Incremental task entry:default@PackageHap pre-execution cost: 3 ms .
[2026-09-01T14:34:30.310] [DEBUG] debug-file - Use tool [G:\DevEco Studio\sdk\default\openharmony\toolchains\lib\app_packing_tool.jar]
 [
  'java',
  '-Dfile.encoding=GBK',
  '-jar',
  'G:\\DevEco Studio\\sdk\\default\\openharmony\\toolchains\\lib\\app_packing_tool.jar',
  '--mode',
  'hap',
  '--force',
  'true',
  '--lib-path',
  'D:\\Walkie\\HarmonyOS\\entry\\build\\default\\intermediates\\stripped_native_libs\\default',
  '--json-path',
  'D:\\Walkie\\HarmonyOS\\entry\\build\\default\\intermediates\\package\\default\\module.json',
  '--resources-path',
  'D:\\Walkie\\HarmonyOS\\entry\\build\\default\\intermediates\\res\\default\\resources',
  '--index-path',
  'D:\\Walkie\\HarmonyOS\\entry\\build\\default\\intermediates\\res\\default\\resources.index',
  '--pack-info-path',
  'D:\\Walkie\\HarmonyOS\\entry\\build\\default\\outputs\\default\\pack.info',
  '--out-path',
  'D:\\Walkie\\HarmonyOS\\entry\\build\\default\\outputs\\default\\entry-default-unsigned.hap',
  '--ets-path',
  'D:\\Walkie\\HarmonyOS\\entry\\build\\default\\intermediates\\loader_out\\default\\ets',
  '--pkg-context-path',
  'D:\\Walkie\\HarmonyOS\\entry\\build\\default\\intermediates\\loader\\default\\pkgContextInfo.json'
]
[2026-09-01T14:34:30.310] [DEBUG] debug-file - default@PackageHap work[369] is submitted.
[2026-09-01T14:34:30.310] [DEBUG] debug-file - default@PackageHap work[369] is pushed to ready queue.
[2026-09-01T14:34:30.310] [DEBUG] debug-file - default@PackageHap work[369] is not dispatched.
[2026-09-01T14:34:30.314] [DEBUG] debug-file - entry : default@PackageHap cost memory 0.2044525146484375
[2026-09-01T14:34:30.510] [DEBUG] debug-file - default@PackageHap work[369] has been dispatched to worker[1].
[2026-09-01T14:34:30.515] [DEBUG] debug-file - current process  memoryUsage: {
  rss: 698191872,
  heapTotal: 340078592,
  heapUsed: 301514288,
  external: 11898064,
  arrayBuffers: 6716051
} os memoryUsage :8.463920593261719
[2026-09-01T14:34:30.526] [DEBUG] debug-file - A work dispatched to worker[3] failed because unable to get work from ready queue.
[2026-09-01T14:34:30.526] [DEBUG] debug-file - A work dispatched to worker[2] failed because unable to get work from ready queue.
[2026-09-01T14:34:30.527] [DEBUG] debug-file - A work dispatched to worker[1] failed because of worker busy.
[2026-09-01T14:34:30.527] [DEBUG] debug-file - A work dispatched to worker[0] failed because unable to get work from ready queue.
[2026-09-01T14:34:31.167] [DEBUG] debug-file - worker[1] has one work done.
[2026-09-01T14:34:31.167] [DEBUG] debug-file - default@PackageHap work[369] done.
[2026-09-01T14:34:31.167] [DEBUG] debug-file - A work dispatched to worker[1] failed because unable to get work from ready queue.
[2026-09-01T14:34:31.169] [INFO] debug-file - Finished :entry:default@PackageHap... after 666 ms 
[2026-09-01T14:34:31.170] [DEBUG] debug-file - Executing task :entry:default@PackingCheck
[2026-09-01T14:34:31.174] [DEBUG] debug-file - entry : default@PackingCheck cost memory 0.2682342529296875
[2026-09-01T14:34:31.174] [DEBUG] debug-file - runTaskFromQueue task cost before running: 20 s 915 ms 
[2026-09-01T14:34:31.174] [INFO] debug-file - Finished :entry:default@PackingCheck... after 4 ms 
[2026-09-01T14:34:31.176] [DEBUG] debug-file - Executing task :entry:default@SignHap
[2026-09-01T14:34:31.179] [DEBUG] debug-file - entry:default@SignHap is not up-to-date, since the input file 'D:\Walkie\HarmonyOS\entry\build\default\outputs\default\entry-default-unsigned.hap' has been changed.
[2026-09-01T14:34:31.179] [DEBUG] debug-file - Incremental task entry:default@SignHap pre-execution cost: 3 ms .
[2026-09-01T14:34:31.220] [DEBUG] debug-file - java daemon socket received message:{"code":0,"message":"verify profile success"}
[2026-09-01T14:34:31.225] [DEBUG] debug-file - java daemon socket close code:1000 reason:close by user
[2026-09-01T14:34:31.396] [DEBUG] debug-file - java daemon socket received message:{"code":0,"message":"sign app success"}
[2026-09-01T14:34:31.396] [DEBUG] debug-file - entry : default@SignHap cost memory 0.3988800048828125
[2026-09-01T14:34:31.396] [DEBUG] debug-file - runTaskFromQueue task cost before running: 21 s 138 ms 
[2026-09-01T14:34:31.397] [INFO] debug-file - Finished :entry:default@SignHap... after 221 ms 
[2026-09-01T14:34:31.398] [DEBUG] debug-file - Executing task :entry:default@CollectDebugSymbol
[2026-09-01T14:34:31.399] [DEBUG] debug-file - entry : default@CollectDebugSymbol cost memory 0.06976318359375
[2026-09-01T14:34:31.399] [DEBUG] debug-file - runTaskFromQueue task cost before running: 21 s 140 ms 
[2026-09-01T14:34:31.399] [INFO] debug-file - Finished :entry:default@CollectDebugSymbol... after 2 ms 
[2026-09-01T14:34:31.400] [DEBUG] debug-file - Executing task :entry:assembleHap
[2026-09-01T14:34:31.400] [DEBUG] debug-file - entry : assembleHap cost memory 0.01331329345703125
[2026-09-01T14:34:31.400] [DEBUG] debug-file - runTaskFromQueue task cost before running: 21 s 141 ms 
[2026-09-01T14:34:31.400] [INFO] debug-file - Finished :entry:assembleHap... after 1 ms 
[2026-09-01T14:34:31.401] [INFO] debug-file - BUILD SUCCESSFUL in 21 s 142 ms 
[2026-09-01T14:34:31.401] [DEBUG] debug-file - There is no need to refresh cache, since the incremental task entry:default@PreBuild is up-to-date.
[2026-09-01T14:34:31.401] [DEBUG] debug-file - Update task entry:default@CreateModuleInfo output file:D:\Walkie\HarmonyOS\entry\build\default\generated\profile\default\ModuleInfo.ts cache.
[2026-09-01T14:34:31.401] [DEBUG] debug-file - Incremental task entry:default@CreateModuleInfo post-execution cost:1 ms .
[2026-09-01T14:34:31.401] [DEBUG] debug-file - Update task entry:default@GenerateMetadata input file:D:\Walkie\HarmonyOS\entry\src\main\module.json5 cache by regenerate.
[2026-09-01T14:34:31.402] [DEBUG] debug-file - Update task entry:default@GenerateMetadata output file:D:\Walkie\HarmonyOS\entry\build\default\intermediates\hap_metadata\default\output_metadata.json cache.
[2026-09-01T14:34:31.402] [DEBUG] debug-file - Incremental task entry:default@GenerateMetadata post-execution cost:1 ms .
[2026-09-01T14:34:31.402] [DEBUG] debug-file - Update task entry:default@MergeProfile input file:D:\Walkie\HarmonyOS\AppScope\app.json5 cache by regenerate.
[2026-09-01T14:34:31.402] [DEBUG] debug-file - Update task entry:default@MergeProfile input file:D:\Walkie\HarmonyOS\build-profile.json5 cache by regenerate.
[2026-09-01T14:34:31.403] [DEBUG] debug-file - Update task entry:default@MergeProfile input file:D:\Walkie\HarmonyOS\entry\src\main\module.json5 cache by regenerate.
[2026-09-01T14:34:31.403] [DEBUG] debug-file - Update task entry:default@MergeProfile output file:D:\Walkie\HarmonyOS\entry\build\default\intermediates\merge_profile\default\module.json cache.
[2026-09-01T14:34:31.403] [DEBUG] debug-file - Incremental task entry:default@MergeProfile post-execution cost:2 ms .
[2026-09-01T14:34:31.403] [DEBUG] debug-file - Update task entry:default@CreateBuildProfile input file:D:\Walkie\HarmonyOS\AppScope\app.json5 cache by regenerate.
[2026-09-01T14:34:31.404] [DEBUG] debug-file - Update task entry:default@CreateBuildProfile input file:D:\Walkie\HarmonyOS\build-profile.json5 cache by regenerate.
[2026-09-01T14:34:31.404] [DEBUG] debug-file - Update task entry:default@CreateBuildProfile output file:D:\Walkie\HarmonyOS\entry\build\default\generated\profile\default\BuildProfile.ets cache.
[2026-09-01T14:34:31.404] [DEBUG] debug-file - Incremental task entry:default@CreateBuildProfile post-execution cost:1 ms .
[2026-09-01T14:34:31.404] [DEBUG] debug-file - Update task entry:default@GeneratePkgSdkInfo output file:D:\Walkie\HarmonyOS\entry\build\default\intermediates\loader\default\pkgSdkInfo.json cache.
[2026-09-01T14:34:31.405] [DEBUG] debug-file - Incremental task entry:default@GeneratePkgSdkInfo post-execution cost:1 ms .
[2026-09-01T14:34:31.405] [DEBUG] debug-file - Update task entry:default@ProcessIntegratedHsp output file:D:\Walkie\HarmonyOS\build\cache\default\integrated_hsp\integratedHspCache.json cache.
[2026-09-01T14:34:31.405] [DEBUG] debug-file - Incremental task entry:default@ProcessIntegratedHsp post-execution cost:1 ms .
[2026-09-01T14:34:31.405] [DEBUG] debug-file - Update task entry:default@MakePackInfo input file:D:\Walkie\HarmonyOS\AppScope\app.json5 cache by regenerate.
[2026-09-01T14:34:31.406] [DEBUG] debug-file - Update task entry:default@MakePackInfo input file:D:\Walkie\HarmonyOS\entry\src\main\module.json5 cache by regenerate.
[2026-09-01T14:34:31.406] [DEBUG] debug-file - Update task entry:default@MakePackInfo input file:D:\Walkie\HarmonyOS\build-profile.json5 cache by regenerate.
[2026-09-01T14:34:31.406] [DEBUG] debug-file - Update task entry:default@MakePackInfo input file:D:\Walkie\HarmonyOS\entry\src\main\resources\base\profile\backup_config.json cache by regenerate.
[2026-09-01T14:34:31.407] [DEBUG] debug-file - Update task entry:default@MakePackInfo output file:D:\Walkie\HarmonyOS\entry\build\default\outputs\default\pack.info cache.
[2026-09-01T14:34:31.407] [DEBUG] debug-file - Incremental task entry:default@MakePackInfo post-execution cost:2 ms .
[2026-09-01T14:34:31.407] [DEBUG] debug-file - Update task entry:default@SyscapTransform input file:G:\DevEco Studio\sdk\default\openharmony\toolchains\syscap_tool.exe cache by regenerate.
[2026-09-01T14:34:31.407] [DEBUG] debug-file - Update task entry:default@SyscapTransform input file:G:\DevEco Studio\sdk\default\openharmony\ets\api\device-define cache by regenerate.
[2026-09-01T14:34:31.408] [DEBUG] debug-file - Update task entry:default@SyscapTransform output file:D:\Walkie\HarmonyOS\entry\build\default\intermediates\syscap\default\rpcid.sc cache.
[2026-09-01T14:34:31.408] [DEBUG] debug-file - Incremental task entry:default@SyscapTransform post-execution cost:2 ms .
[2026-09-01T14:34:31.408] [DEBUG] debug-file - Update task entry:default@GeneratePkgContextInfo output file:D:\Walkie\HarmonyOS\entry\build\default\intermediates\loader\default\pkgContextInfo.json cache.
[2026-09-01T14:34:31.408] [DEBUG] debug-file - Incremental task entry:default@GeneratePkgContextInfo post-execution cost:1 ms .
[2026-09-01T14:34:31.409] [DEBUG] debug-file - Update task entry:default@ProcessProfile input file:D:\Walkie\HarmonyOS\entry\build\default\intermediates\merge_profile\default\module.json cache from map.
[2026-09-01T14:34:31.409] [DEBUG] debug-file - Update task entry:default@ProcessProfile output file:D:\Walkie\HarmonyOS\entry\build\default\intermediates\process_profile\default\module.json cache.
[2026-09-01T14:34:31.409] [DEBUG] debug-file - Incremental task entry:default@ProcessProfile post-execution cost:1 ms .
[2026-09-01T14:34:31.409] [DEBUG] debug-file - Update task entry:default@ProcessRouterMap input file:D:\Walkie\HarmonyOS\entry\oh-package.json5 cache by regenerate.
[2026-09-01T14:34:31.409] [DEBUG] debug-file - Update task entry:default@ProcessRouterMap input file:D:\Walkie\HarmonyOS\oh-package.json5 cache by regenerate.
[2026-09-01T14:34:31.410] [DEBUG] debug-file - Update task entry:default@ProcessRouterMap input file:D:\Walkie\HarmonyOS\entry\src\main\module.json5 cache by regenerate.
[2026-09-01T14:34:31.410] [DEBUG] debug-file - Update task entry:default@ProcessRouterMap input file:D:\Walkie\HarmonyOS\entry\build\default\intermediates\loader\default\pkgContextInfo.json cache from map.
[2026-09-01T14:34:31.410] [DEBUG] debug-file - Update task entry:default@ProcessRouterMap output file:D:\Walkie\HarmonyOS\entry\build\default\intermediates\router_map\default\temp-router-map.json cache.
[2026-09-01T14:34:31.410] [DEBUG] debug-file - Update task entry:default@ProcessRouterMap output file:D:\Walkie\HarmonyOS\entry\build\default\intermediates\router_map\default\loader-router-map.json cache.
[2026-09-01T14:34:31.411] [DEBUG] debug-file - Incremental task entry:default@ProcessRouterMap post-execution cost:2 ms .
[2026-09-01T14:34:31.411] [DEBUG] debug-file - Update task entry:default@ProcessShareConfig input file:D:\Walkie\HarmonyOS\entry\oh-package.json5 cache by regenerate.
[2026-09-01T14:34:31.411] [DEBUG] debug-file - Update task entry:default@ProcessShareConfig input file:D:\Walkie\HarmonyOS\oh-package.json5 cache by regenerate.
[2026-09-01T14:34:31.412] [DEBUG] debug-file - Update task entry:default@ProcessShareConfig input file:D:\Walkie\HarmonyOS\entry\src\main\module.json5 cache by regenerate.
[2026-09-01T14:34:31.412] [DEBUG] debug-file - Update task entry:default@ProcessShareConfig input file:D:\Walkie\HarmonyOS\entry\build\default\intermediates\loader\default\pkgContextInfo.json cache from map.
[2026-09-01T14:34:31.412] [DEBUG] debug-file - Update task entry:default@ProcessShareConfig output file:D:\Walkie\HarmonyOS\entry\build\default\intermediates\share_config\default\temp-share-config.json cache.
[2026-09-01T14:34:31.412] [DEBUG] debug-file - Incremental task entry:default@ProcessShareConfig post-execution cost:2 ms .
[2026-09-01T14:34:31.412] [DEBUG] debug-file - Update task entry:default@ProcessStartupConfig input file:D:\Walkie\HarmonyOS\entry\build\default\intermediates\loader\default\pkgContextInfo.json cache from map.
[2026-09-01T14:34:31.413] [DEBUG] debug-file - Update task entry:default@ProcessStartupConfig output file:D:\Walkie\HarmonyOS\entry\build\default\intermediates\startup\default\startup_config.json cache.
[2026-09-01T14:34:31.413] [DEBUG] debug-file - Incremental task entry:default@ProcessStartupConfig post-execution cost:1 ms .
[2026-09-01T14:34:31.413] [DEBUG] debug-file - Update task entry:default@ProcessResource output file:D:\Walkie\HarmonyOS\entry\build\default\intermediates\res\default\resConfig.json cache.
[2026-09-01T14:34:31.413] [DEBUG] debug-file - Update task entry:default@ProcessResource output file:D:\Walkie\HarmonyOS\entry\build\default\intermediates\res\default\opt-compression.json cache.
[2026-09-01T14:34:31.413] [DEBUG] debug-file - Incremental task entry:default@ProcessResource post-execution cost:1 ms .
[2026-09-01T14:34:31.414] [DEBUG] debug-file - Update task entry:default@GenerateLoaderJson input file:D:\Walkie\HarmonyOS\entry\src\mock\mock-config.json5 cache by regenerate.
[2026-09-01T14:34:31.415] [DEBUG] debug-file - Update task entry:default@GenerateLoaderJson input file:D:\Walkie\HarmonyOS\entry\build\default\intermediates\loader\default\pkgContextInfo.json cache from map.
[2026-09-01T14:34:31.415] [DEBUG] debug-file - Update task entry:default@GenerateLoaderJson input file:D:\Walkie\HarmonyOS\entry\build\default\intermediates\router_map\default\temp-router-map.json cache by regenerate.
[2026-09-01T14:34:31.415] [DEBUG] debug-file - Update task entry:default@GenerateLoaderJson output file:D:\Walkie\HarmonyOS\entry\build\default\intermediates\loader\default\loader.json cache.
[2026-09-01T14:34:31.415] [DEBUG] debug-file - Incremental task entry:default@GenerateLoaderJson post-execution cost:2 ms .
[2026-09-01T14:34:31.416] [DEBUG] debug-file - Update task entry:default@CompileResource input file:D:\Walkie\HarmonyOS\entry\src\main\resources cache by regenerate.
[2026-09-01T14:34:31.421] [DEBUG] debug-file - Update task entry:default@CompileResource input file:D:\Walkie\HarmonyOS\AppScope\resources cache by regenerate.
[2026-09-01T14:34:31.423] [DEBUG] debug-file - Update task entry:default@CompileResource input file:D:\Walkie\HarmonyOS\entry\build\default\intermediates\process_profile\default\module.json cache from map.
[2026-09-01T14:34:31.423] [DEBUG] debug-file - Update task entry:default@CompileResource input file:D:\Walkie\HarmonyOS\entry\build\default\intermediates\res\default\resConfig.json cache by regenerate.
[2026-09-01T14:34:31.423] [DEBUG] debug-file - Update task entry:default@CompileResource output file:D:\Walkie\HarmonyOS\entry\build\default\intermediates\res\default cache.
[2026-09-01T14:34:31.431] [DEBUG] debug-file - Update task entry:default@CompileResource output file:D:\Walkie\HarmonyOS\entry\build\default\generated\r\default\ResourceTable.h cache.
[2026-09-01T14:34:31.431] [DEBUG] debug-file - Update task entry:default@CompileResource output file:D:\Walkie\HarmonyOS\entry\build\default\generated\r\default\ResourceTable.ts cache.
[2026-09-01T14:34:31.432] [DEBUG] debug-file - Update task entry:default@CompileResource output file:D:\Walkie\HarmonyOS\entry\build\default\generated\r\default cache.
[2026-09-01T14:34:31.433] [DEBUG] debug-file - Incremental task entry:default@CompileResource post-execution cost:18 ms .
[2026-09-01T14:34:31.434] [DEBUG] debug-file - Update task entry:default@CompileArkTS input file:D:\Walkie\HarmonyOS\entry\build\default\intermediates\loader\default cache from map.
[2026-09-01T14:34:31.435] [DEBUG] debug-file - Update task entry:default@CompileArkTS input file:D:\Walkie\HarmonyOS\entry\build\default\intermediates\res\default\resources\rawfile cache by regenerate.
[2026-09-01T14:34:31.435] [DEBUG] debug-file - Update task entry:default@CompileArkTS input file:D:\Walkie\HarmonyOS\entry\build\default\intermediates\res\default\ResourceTable.txt cache by regenerate.
[2026-09-01T14:34:31.435] [DEBUG] debug-file - Update task entry:default@CompileArkTS input file:D:\Walkie\HarmonyOS\entry\build\default\intermediates\res\default\ark_module.json cache by regenerate.
[2026-09-01T14:34:31.436] [DEBUG] debug-file - Update task entry:default@CompileArkTS input file:D:\Walkie\HarmonyOS\entry\build\default\intermediates\res\default\resources\base\profile cache by regenerate.
[2026-09-01T14:34:31.437] [DEBUG] debug-file - Update task entry:default@CompileArkTS input file:D:\Walkie\HarmonyOS\entry\src\main\ets cache by regenerate.
[2026-09-01T14:34:31.441] [DEBUG] debug-file - Update task entry:default@CompileArkTS input file:D:\Walkie\HarmonyOS\entry\build\default\intermediates\loader\default\pkgContextInfo.json cache by regenerate.
[2026-09-01T14:34:31.441] [DEBUG] debug-file - Update task entry:default@CompileArkTS input file:D:\Walkie\HarmonyOS\entry\build\default\generated\profile\default\BuildProfile.ets cache by regenerate.
[2026-09-01T14:34:31.441] [DEBUG] debug-file - Update task entry:default@CompileArkTS input file:D:\Walkie\HarmonyOS\entry\src\main\cpp\types cache by regenerate.
[2026-09-01T14:34:31.442] [DEBUG] debug-file - Update task entry:default@CompileArkTS input file:D:\Walkie\HarmonyOS\entry\src\mock\mock-config.json5 cache by regenerate.
[2026-09-01T14:34:31.442] [DEBUG] debug-file - Update task entry:default@CompileArkTS output file:D:\Walkie\HarmonyOS\entry\build\default\intermediates\loader_out\default\ets cache.
[2026-09-01T14:34:31.444] [DEBUG] debug-file - Incremental task entry:default@CompileArkTS post-execution cost:11 ms .
[2026-09-01T14:34:31.445] [DEBUG] debug-file - Update task entry:default@BuildJS input file:D:\Walkie\HarmonyOS\entry\build\default\intermediates\loader\default cache by regenerate.
[2026-09-01T14:34:31.446] [DEBUG] debug-file - Update task entry:default@BuildJS input file:D:\Walkie\HarmonyOS\entry\build\default\intermediates\res\default\resources\rawfile cache by regenerate.
[2026-09-01T14:34:31.446] [DEBUG] debug-file - Update task entry:default@BuildJS input file:D:\Walkie\HarmonyOS\entry\build\default\intermediates\res\default\ResourceTable.txt cache by regenerate.
[2026-09-01T14:34:31.446] [DEBUG] debug-file - Update task entry:default@BuildJS input file:D:\Walkie\HarmonyOS\entry\build\default\intermediates\res\default\ark_module.json cache by regenerate.
[2026-09-01T14:34:31.447] [DEBUG] debug-file - Update task entry:default@BuildJS input file:D:\Walkie\HarmonyOS\entry\build\default\intermediates\res\default\resources\base\profile cache by regenerate.
[2026-09-01T14:34:31.447] [DEBUG] debug-file - Update task entry:default@BuildJS input file:D:\Walkie\HarmonyOS\entry\build\default\intermediates\loader\default\pkgContextInfo.json cache by regenerate.
[2026-09-01T14:34:31.448] [DEBUG] debug-file - Update task entry:default@BuildJS output file:D:\Walkie\HarmonyOS\entry\build\default\intermediates\loader_out\default\js cache.
[2026-09-01T14:34:31.448] [DEBUG] debug-file - Incremental task entry:default@BuildJS post-execution cost:5 ms .
[2026-09-01T14:34:31.448] [DEBUG] debug-file - Update task entry:default@ProcessLibs input file:D:\Walkie\HarmonyOS\build-profile.json5 cache by regenerate.
[2026-09-01T14:34:31.449] [DEBUG] debug-file - Update task entry:default@ProcessLibs input file:D:\Walkie\HarmonyOS\entry\build-profile.json5 cache by regenerate.
[2026-09-01T14:34:31.449] [DEBUG] debug-file - Update task entry:default@ProcessLibs output file:D:\Walkie\HarmonyOS\entry\build\default\intermediates\libs\default cache.
[2026-09-01T14:34:31.450] [DEBUG] debug-file - Incremental task entry:default@ProcessLibs post-execution cost:2 ms .
[2026-09-01T14:34:31.450] [DEBUG] debug-file - Update task entry:default@DoNativeStrip input file:D:\Walkie\HarmonyOS\entry\build\default\intermediates\libs\default cache from map.
[2026-09-01T14:34:31.450] [DEBUG] debug-file - Update task entry:default@DoNativeStrip output file:D:\Walkie\HarmonyOS\entry\build\default\intermediates\stripped_native_libs\default cache.
[2026-09-01T14:34:31.451] [DEBUG] debug-file - Incremental task entry:default@DoNativeStrip post-execution cost:2 ms .
[2026-09-01T14:34:31.451] [DEBUG] debug-file - Update task entry:default@CacheNativeLibs input file:D:\Walkie\HarmonyOS\entry\build\default\intermediates\stripped_native_libs\default cache from map.
[2026-09-01T14:34:31.451] [DEBUG] debug-file - Update task entry:default@CacheNativeLibs input file:D:\Walkie\HarmonyOS\entry\build\default\intermediates\libs\default cache by regenerate.
[2026-09-01T14:34:31.452] [DEBUG] debug-file - Update task entry:default@CacheNativeLibs output file:D:\Walkie\HarmonyOS\entry\build\default\intermediates\patch\default\base_native_libs.json cache.
[2026-09-01T14:34:31.453] [DEBUG] debug-file - Update task entry:default@CacheNativeLibs output file:D:\Walkie\HarmonyOS\entry\build\default\intermediates\patch\default\binxo_native_libs.json cache.
[2026-09-01T14:34:31.453] [DEBUG] debug-file - Incremental task entry:default@CacheNativeLibs post-execution cost:2 ms .
[2026-09-01T14:34:31.453] [DEBUG] debug-file - Update task entry:default@GeneratePkgModuleJson input file:D:\Walkie\HarmonyOS\entry\build\default\intermediates\res\default\module.json cache from map.
[2026-09-01T14:34:31.453] [DEBUG] debug-file - Update task entry:default@GeneratePkgModuleJson output file:D:\Walkie\HarmonyOS\entry\build\default\intermediates\package\default\module.json cache.
[2026-09-01T14:34:31.453] [DEBUG] debug-file - Incremental task entry:default@GeneratePkgModuleJson post-execution cost:1 ms .
[2026-09-01T14:34:31.454] [DEBUG] debug-file - Incremental task entry:default@ProcessCompiledResources post-execution cost:1 ms .
[2026-09-01T14:34:31.455] [DEBUG] debug-file - Update task entry:default@PackageHap input file:D:\Walkie\HarmonyOS\entry\build\default\outputs\default\pack.info cache from map.
[2026-09-01T14:34:31.455] [DEBUG] debug-file - Update task entry:default@PackageHap input file:D:\Walkie\HarmonyOS\entry\build\default\intermediates\stripped_native_libs\default cache by regenerate.
[2026-09-01T14:34:31.456] [DEBUG] debug-file - Update task entry:default@PackageHap input file:D:\Walkie\HarmonyOS\entry\build\default\intermediates\res\default\module.json cache by regenerate.
[2026-09-01T14:34:31.456] [DEBUG] debug-file - Update task entry:default@PackageHap input file:D:\Walkie\HarmonyOS\entry\build\default\intermediates\res\default\resources cache by regenerate.
[2026-09-01T14:34:31.459] [DEBUG] debug-file - Update task entry:default@PackageHap input file:D:\Walkie\HarmonyOS\entry\build\default\intermediates\res\default\resources.index cache by regenerate.
[2026-09-01T14:34:31.460] [DEBUG] debug-file - Update task entry:default@PackageHap input file:D:\Walkie\HarmonyOS\entry\build\default\intermediates\loader_out\default\ets cache by regenerate.
[2026-09-01T14:34:31.461] [DEBUG] debug-file - Update task entry:default@PackageHap input file:D:\Walkie\HarmonyOS\entry\build\default\intermediates\loader\default\pkgContextInfo.json cache by regenerate.
[2026-09-01T14:34:31.461] [DEBUG] debug-file - Update task entry:default@PackageHap input file:D:\Walkie\HarmonyOS\entry\build\default\intermediates\package\default\module.json cache by regenerate.
[2026-09-01T14:34:31.461] [DEBUG] debug-file - Update task entry:default@PackageHap input file:D:\Walkie\HarmonyOS\entry\build\default\intermediates\loader_out\default\ets\sourceMaps.map cache by regenerate.
[2026-09-01T14:34:31.462] [DEBUG] debug-file - Update task entry:default@PackageHap input file:D:\Walkie\HarmonyOS\entry\build\default\generated\profile\default\BuildProfile.ets cache by regenerate.
[2026-09-01T14:34:31.462] [DEBUG] debug-file - Update task entry:default@PackageHap output file:D:\Walkie\HarmonyOS\entry\build\default\outputs\default\entry-default-unsigned.hap cache.
[2026-09-01T14:34:31.462] [DEBUG] debug-file - Update task entry:default@PackageHap output file:D:\Walkie\HarmonyOS\entry\build\default\intermediates\source_map\default\sourceMaps.map cache.
[2026-09-01T14:34:31.462] [DEBUG] debug-file - Update task entry:default@PackageHap output file:D:\Walkie\HarmonyOS\entry\build\default\outputs\default\mapping\sourceMaps.map cache.
[2026-09-01T14:34:31.463] [DEBUG] debug-file - Incremental task entry:default@PackageHap post-execution cost:10 ms .
[2026-09-01T14:34:31.463] [DEBUG] debug-file - Update task entry:default@SignHap input file:C:\Users\tb\.ohos\config\default_HarmonyOS_cqBYNafk3_phZ9F6rEdI_k71hUI1bFwG99ZIiTHW4hk=.cer cache by regenerate.
[2026-09-01T14:34:31.464] [DEBUG] debug-file - Update task entry:default@SignHap input file:C:\Users\tb\.ohos\config\default_HarmonyOS_cqBYNafk3_phZ9F6rEdI_k71hUI1bFwG99ZIiTHW4hk=.p7b cache by regenerate.
[2026-09-01T14:34:31.464] [DEBUG] debug-file - Update task entry:default@SignHap input file:C:\Users\tb\.ohos\config\default_HarmonyOS_cqBYNafk3_phZ9F6rEdI_k71hUI1bFwG99ZIiTHW4hk=.p12 cache by regenerate.
[2026-09-01T14:34:31.464] [DEBUG] debug-file - Update task entry:default@SignHap input file:D:\Walkie\HarmonyOS\entry\build\default\outputs\default\entry-default-unsigned.hap cache from map.
[2026-09-01T14:34:31.464] [DEBUG] debug-file - Update task entry:default@SignHap output file:D:\Walkie\HarmonyOS\entry\build\default\outputs\default\entry-default-signed.hap cache.
[2026-09-01T14:34:31.464] [DEBUG] debug-file - Incremental task entry:default@SignHap post-execution cost:2 ms .
[2026-09-01T14:34:31.465] [DEBUG] debug-file - Update task entry:default@CollectDebugSymbol input file:D:\Walkie\HarmonyOS\entry\build\default\intermediates\loader_out\default\ets\sourceMaps.map cache by regenerate.
[2026-09-01T14:34:31.465] [DEBUG] debug-file - Update task entry:default@CollectDebugSymbol input file:D:\Walkie\HarmonyOS\entry\build\default\intermediates\libs\default cache by regenerate.
[2026-09-01T14:34:31.466] [DEBUG] debug-file - Update task entry:default@CollectDebugSymbol output file:D:\Walkie\HarmonyOS\entry\build\default\outputs\default\symbol cache.
[2026-09-01T14:34:31.466] [DEBUG] debug-file - Incremental task entry:default@CollectDebugSymbol post-execution cost:2 ms .
[2026-09-01T14:34:31.478] [DEBUG] debug-file - hvigor build process will be closed.
[2026-09-01T14:34:31.478] [DEBUG] debug-file - java daemon socket close code:1000 reason:close by user
[2026-09-01T14:34:31.515] [DEBUG] debug-file - session manager: send message to worker process. WorkerThreadId: 0, data: {"type":"hvigor_failed","reason":"Server has disconnected."}
[2026-09-01T14:34:31.516] [DEBUG] debug-file - session manager: send message to worker process. WorkerThreadId: 0, data: {"type":"CloseWatch","reason":"Server has disconnected."}
[2026-09-01T14:34:31.518] [DEBUG] debug-file - watch worker: worker id should be larger than 0. Nothing will be sent to any worker thread.
[2026-09-01T14:34:31.518] [DEBUG] debug-file - ABORT_WORK sent to workers.
[2026-09-01T14:34:31.518] [DEBUG] debug-file - watch worker: worker id should be larger than 0. Nothing will be sent to any worker thread.
[2026-09-01T14:34:45.018] [DEBUG] debug-file - session manager: set active socket. socketId=6tm-L3Xa68_mNSytAAFl
[2026-09-01T14:34:45.038] [DEBUG] debug-file - watch worker: worker id should be larger than 0. Nothing will be sent to any worker thread.
[2026-09-01T14:34:45.043] [DEBUG] debug-file - Workers' log level updated to INFO
[2026-09-01T14:34:45.045] [DEBUG] debug-file - Hvigor init with startParameters:{
  hvigorfileTypeCheck: false,
  parallelExecution: true,
  incrementalExecution: true,
  printStackTrace: false,
  daemon: true,
  analyze: 0,
  logLevel: Level { level: 20000, levelStr: 'INFO', colour: 'green' },
  optimizationStrategy: 'memory',
  hotCompile: undefined,
  hotReloadBuild: undefined,
  customizedParam: undefined
}
[2026-09-01T14:34:45.050] [DEBUG] debug-file - Cache service initialization finished in 5 ms 
[2026-09-01T14:34:45.051] [DEBUG] debug-file - hvigorfile, resolving D:\Walkie\HarmonyOS\hvigorfile.ts
[2026-09-01T14:34:45.056] [DEBUG] debug-file - hvigorfile, require result:  { default: { plugins: [] } }
[2026-09-01T14:34:45.057] [DEBUG] debug-file - hvigorfile, binding system plugins null
[2026-09-01T14:34:45.057] [DEBUG] debug-file - Starting plugin build process
[2026-09-01T14:34:45.057] [DEBUG] debug-file - App plugin prepare start...
[2026-09-01T14:34:45.057] [DEBUG] debug-file - App plugin prepare end...
[2026-09-01T14:34:45.057] [DEBUG] debug-file - App plugin creating...
[2026-09-01T14:34:45.064] [DEBUG] debug-file - App plugin register hook start...
[2026-09-01T14:34:45.064] [DEBUG] debug-file - App plugin register hook end...
[2026-09-01T14:34:45.064] [DEBUG] debug-file - Plugin build process completed
[2026-09-01T14:34:45.064] [DEBUG] debug-file - Start initialize project's product build option map with build mode debug.
[2026-09-01T14:34:45.064] [DEBUG] debug-file - Picking option from product 'default' with build mode 'debug'.
[2026-09-01T14:34:45.064] [DEBUG] debug-file - Product 'default' build option initialized
[2026-09-01T14:34:45.064] [DEBUG] debug-file - End initialize project's product build option map with build mode 'debug'.
[2026-09-01T14:34:45.065] [DEBUG] debug-file - Obtain build option for product 'default'in this build.
[2026-09-01T14:34:45.075] [DEBUG] debug-file - D:\Walkie\HarmonyOS\build\cache\default\remote_hsp\remoteHspCache.json not exists.
[2026-09-01T14:34:45.077] [DEBUG] debug-file - Start recording SDK configuration permission data.
[2026-09-01T14:34:45.202] [DEBUG] debug-file - Sdk init in 126 ms 
[2026-09-01T14:34:45.213] [DEBUG] debug-file - Project task initialization takes 11 ms 
[2026-09-01T14:34:45.213] [DEBUG] debug-file - hvigorfile, begin to bind custom plugins...
[2026-09-01T14:34:45.213] [DEBUG] debug-file - hvigorfile, no custom plugins were found in D:\Walkie\HarmonyOS\hvigorfile.ts
[2026-09-01T14:34:45.213] [DEBUG] debug-file - hvigorfile, resolve finished D:\Walkie\HarmonyOS\hvigorfile.ts
[2026-09-01T14:34:45.214] [DEBUG] debug-file - hvigorfile, resolving D:\Walkie\HarmonyOS\entry\hvigorfile.ts
[2026-09-01T14:34:45.219] [DEBUG] debug-file - hvigorfile, require result:  { default: { plugins: [] } }
[2026-09-01T14:34:45.219] [DEBUG] debug-file - hvigorfile, binding system plugins null
[2026-09-01T14:34:45.219] [DEBUG] debug-file - Starting plugin build process
[2026-09-01T14:34:45.219] [DEBUG] debug-file - Hap plugin creating...
[2026-09-01T14:34:45.220] [DEBUG] debug-file - failed to load cangjie to dynamically generate schemas: Error: Cannot find module '@ohos/cangjie-build-support/index'
Require stack:
- G:\DevEco Studio\tools\hvigor\hvigor-ohos-plugin\src\plugin\hooks\cangjie-register.js
- G:\DevEco Studio\tools\hvigor\hvigor-ohos-plugin\src\plugin\strategy\stage-init-strategy.js
- G:\DevEco Studio\tools\hvigor\hvigor-ohos-plugin\src\plugin\builder\abstract-plugin-builder.js
- G:\DevEco Studio\tools\hvigor\hvigor-ohos-plugin\src\plugin\builder\app-plugin-builder.js
- G:\DevEco Studio\tools\hvigor\hvigor-ohos-plugin\src\plugin\factory\plugin-factory.js
- G:\DevEco Studio\tools\hvigor\hvigor-ohos-plugin\index.js
- D:\Walkie\HarmonyOS\hvigorfile.ts
- G:\DevEco Studio\tools\hvigor\hvigor\src\base\internal\lifecycle\configuration.js
- G:\DevEco Studio\tools\hvigor\hvigor\src\base\boot\index.js
- G:\DevEco Studio\tools\hvigor\hvigor\src\base\daemon\cluster\worker-process-lifecycle.js
- G:\DevEco Studio\tools\hvigor\hvigor\src\base\daemon\process\daemon-process-boot-script.js
[2026-09-01T14:34:45.222] [DEBUG] debug-file - Start initialize module-target build option map, moduleName=entry, buildMode=debug
[2026-09-01T14:34:45.222] [DEBUG] debug-file - Target 'default' config initialized
[2026-09-01T14:34:45.222] [DEBUG] debug-file - Module 'entry' target 'default' build option initialized
[2026-09-01T14:34:45.222] [DEBUG] debug-file - End initialize module-target build option map, moduleName=entry
[2026-09-01T14:34:45.223] [DEBUG] debug-file - Start initialize module-target build option map, moduleName=entry, buildMode=release
[2026-09-01T14:34:45.223] [DEBUG] debug-file - Target 'default' config initialized
[2026-09-01T14:34:45.223] [DEBUG] debug-file - Module 'entry' target 'default' build option initialized
[2026-09-01T14:34:45.223] [DEBUG] debug-file - End initialize module-target build option map, moduleName=entry
[2026-09-01T14:34:45.223] [DEBUG] debug-file - Start initialize module-target build option map, moduleName=entry, buildMode=debug
[2026-09-01T14:34:45.223] [DEBUG] debug-file - Target 'default' config initialized
[2026-09-01T14:34:45.223] [DEBUG] debug-file - Module 'entry' target 'default' build option initialized
[2026-09-01T14:34:45.223] [DEBUG] debug-file - End initialize module-target build option map, moduleName=entry
[2026-09-01T14:34:45.223] [DEBUG] debug-file - Obtain build option for module 'entry' target 'default'in this build.
[2026-09-01T14:34:45.225] [DEBUG] debug-file - Module entry task initialization takes 2 ms 
[2026-09-01T14:34:45.225] [DEBUG] debug-file - Hap plugin register hook start...
[2026-09-01T14:34:45.225] [DEBUG] debug-file - Hap plugin register hook end...
[2026-09-01T14:34:45.225] [DEBUG] debug-file - Plugin build process completed
[2026-09-01T14:34:45.225] [DEBUG] debug-file - hvigorfile, begin to bind custom plugins...
[2026-09-01T14:34:45.225] [DEBUG] debug-file - hvigorfile, no custom plugins were found in D:\Walkie\HarmonyOS\entry\hvigorfile.ts
[2026-09-01T14:34:45.225] [DEBUG] debug-file - hvigorfile, resolve finished D:\Walkie\HarmonyOS\entry\hvigorfile.ts
[2026-09-01T14:34:45.315] [DEBUG] debug-file - hvigorfile, resolve hvigorfile dependencies in 90 ms 
[2026-09-01T14:34:45.316] [DEBUG] debug-file - project has submodules:entry
[2026-09-01T14:34:45.317] [DEBUG] debug-file - start to load updatedOhPackageInfo to the disk
[2026-09-01T14:34:45.319] [DEBUG] debug-file - load to the disk finished
[2026-09-01T14:34:45.323] [DEBUG] debug-file - Start to initialize dependency information.
[2026-09-01T14:34:45.329] [DEBUG] debug-file - Module HarmonyOS Collected Dependency: 
[2026-09-01T14:34:45.330] [DEBUG] debug-file - Module HarmonyOS's total dependency: 0
[2026-09-01T14:34:45.330] [DEBUG] debug-file - Start to initialize dependency information.
[2026-09-01T14:34:45.334] [DEBUG] debug-file - Module entry Collected Dependency: D:\Walkie\HarmonyOS\entry\src\main\cpp\types\libwalkieopus
[2026-09-01T14:34:45.334] [DEBUG] debug-file - Module entry's total dependency: 1
[2026-09-01T14:34:45.335] [DEBUG] debug-file - Configuration phase cost:285 ms 
[2026-09-01T14:34:45.336] [DEBUG] debug-file - Configuration task cost before running: 293 ms 
[2026-09-01T14:34:45.339] [DEBUG] debug-file - Executing task :entry:default@PreBuild
[2026-09-01T14:34:45.342] [DEBUG] debug-file - Task 'entry:default@PreBuild' cost while wrapping incremental declarations: 1 ms 
[2026-09-01T14:34:45.350] [DEBUG] debug-file - entry:default@PreBuild is not up-to-date, since the task snapshots are different.
[2026-09-01T14:34:45.350] [DEBUG] debug-file - Incremental task entry:default@PreBuild pre-execution cost: 6 ms .
[2026-09-01T14:34:45.631] [DEBUG] debug-file - current product is not Atomic service.
[2026-09-01T14:34:45.640] [DEBUG] debug-file - Use tool [win32: JAVA_HOME, CLASSPATH]
 [ { JAVA_HOME: 'G:\\DevEco Studio\\jbr' }, { CLASSPATH: undefined } ]
[2026-09-01T14:34:45.641] [DEBUG] debug-file - Use tool [win32: NODE_HOME]
 [ { NODE_HOME: 'G:\\DevEco Studio\\tools\\node' } ]
[2026-09-01T14:34:45.641] [DEBUG] debug-file - entry : default@PreBuild cost memory 20.346420288085938
[2026-09-01T14:34:45.641] [DEBUG] debug-file - runTaskFromQueue task cost before running: 598 ms 
[2026-09-01T14:34:45.645] [INFO] debug-file - Finished :entry:default@PreBuild... after 303 ms 
[2026-09-01T14:34:45.647] [DEBUG] debug-file - Executing task :entry:default@CreateModuleInfo
[2026-09-01T14:34:45.647] [DEBUG] debug-file - Task 'entry:default@CreateModuleInfo' cost while wrapping incremental declarations: 1 ms 
[2026-09-01T14:34:45.648] [DEBUG] debug-file - entry : default@CreateModuleInfo cost memory 0.0366973876953125
[2026-09-01T14:34:45.649] [DEBUG] debug-file - runTaskFromQueue task cost before running: 606 ms 
[2026-09-01T14:34:45.650] [INFO] debug-file - Finished :entry:default@CreateModuleInfo... after 2 ms 
[2026-09-01T14:34:45.658] [DEBUG] debug-file - Executing task :entry:default@GenerateMetadata
[2026-09-01T14:34:45.659] [DEBUG] debug-file - Task 'entry:default@GenerateMetadata' cost while wrapping incremental declarations: 1 ms 
[2026-09-01T14:34:45.660] [DEBUG] debug-file - Incremental task entry:default@GenerateMetadata pre-execution cost: 2 ms .
[2026-09-01T14:34:45.660] [DEBUG] debug-file - entry : default@GenerateMetadata cost memory 0.066558837890625
[2026-09-01T14:34:45.661] [INFO] debug-file - UP-TO-DATE :entry:default@GenerateMetadata...  
[2026-09-01T14:34:45.662] [DEBUG] debug-file - Executing task :entry:default@ConfigureCmake
[2026-09-01T14:34:45.708] [DEBUG] debug-file - entry : default@ConfigureCmake cost memory -26.433807373046875
[2026-09-01T14:34:45.709] [DEBUG] debug-file - runTaskFromQueue task cost before running: 666 ms 
[2026-09-01T14:34:45.709] [INFO] debug-file - Finished :entry:default@ConfigureCmake... after 47 ms 
[2026-09-01T14:34:45.710] [DEBUG] debug-file - Executing task :entry:default@MergeProfile
[2026-09-01T14:34:45.710] [DEBUG] debug-file - Task 'entry:default@MergeProfile' cost while wrapping incremental declarations: 1 ms 
[2026-09-01T14:34:45.713] [DEBUG] debug-file - Incremental task entry:default@MergeProfile pre-execution cost: 2 ms .
[2026-09-01T14:34:45.713] [DEBUG] debug-file - entry : default@MergeProfile cost memory 0.0957489013671875
[2026-09-01T14:34:45.713] [INFO] debug-file - UP-TO-DATE :entry:default@MergeProfile...  
[2026-09-01T14:34:45.714] [DEBUG] debug-file - Executing task :entry:default@CreateBuildProfile
[2026-09-01T14:34:45.715] [DEBUG] debug-file - Task 'entry:default@CreateBuildProfile' cost while wrapping incremental declarations: 1 ms 
[2026-09-01T14:34:45.716] [DEBUG] debug-file - Incremental task entry:default@CreateBuildProfile pre-execution cost: 2 ms .
[2026-09-01T14:34:45.716] [DEBUG] debug-file - entry : default@CreateBuildProfile cost memory 0.0791015625
[2026-09-01T14:34:45.717] [INFO] debug-file - UP-TO-DATE :entry:default@CreateBuildProfile...  
[2026-09-01T14:34:45.717] [DEBUG] debug-file - Executing task :entry:default@PreCheckSyscap
[2026-09-01T14:34:45.718] [DEBUG] debug-file - entry : default@PreCheckSyscap cost memory 0.0138397216796875
[2026-09-01T14:34:45.718] [DEBUG] debug-file - runTaskFromQueue task cost before running: 675 ms 
[2026-09-01T14:34:45.718] [INFO] debug-file - Finished :entry:default@PreCheckSyscap... after 1 ms 
[2026-09-01T14:34:45.719] [DEBUG] debug-file - Executing task :entry:default@GeneratePkgSdkInfo
[2026-09-01T14:34:45.723] [DEBUG] debug-file - Task 'entry:default@GeneratePkgSdkInfo' cost while wrapping incremental declarations: 1 ms 
[2026-09-01T14:34:45.723] [DEBUG] debug-file - entry : default@GeneratePkgSdkInfo cost memory 0.1214141845703125
[2026-09-01T14:34:45.723] [DEBUG] debug-file - runTaskFromQueue task cost before running: 680 ms 
[2026-09-01T14:34:45.723] [INFO] debug-file - Finished :entry:default@GeneratePkgSdkInfo... after 5 ms 
[2026-09-01T14:34:45.728] [DEBUG] debug-file - Executing task :entry:default@ProcessIntegratedHsp
[2026-09-01T14:34:45.729] [DEBUG] debug-file - entry:default@ProcessIntegratedHsp is not up-to-date, since the output file 'D:\Walkie\HarmonyOS\build\cache\default\integrated_hsp\integratedHspCache.json' does not exist.
[2026-09-01T14:34:45.729] [DEBUG] debug-file - Incremental task entry:default@ProcessIntegratedHsp pre-execution cost: 1 ms .
[2026-09-01T14:34:45.729] [DEBUG] debug-file - entry : default@ProcessIntegratedHsp cost memory 0.046630859375
[2026-09-01T14:34:45.729] [DEBUG] debug-file - runTaskFromQueue task cost before running: 686 ms 
[2026-09-01T14:34:45.729] [INFO] debug-file - Finished :entry:default@ProcessIntegratedHsp... after 2 ms 
[2026-09-01T14:34:45.730] [DEBUG] debug-file - Executing task :entry:default@BuildNativeWithCmake
[2026-09-01T14:34:45.731] [DEBUG] debug-file - Use tool [Cmake]
 [
  'G:\\DevEco Studio\\sdk\\default\\openharmony\\native\\build-tools\\cmake\\bin\\cmake.exe',
  '-HD:\\Walkie\\HarmonyOS\\entry\\src\\main\\cpp',
  '-BD:\\Walkie\\HarmonyOS\\entry\\.cxx\\default\\default\\debug\\arm64-v8a',
  '-DOHOS_ARCH=arm64-v8a',
  '-DCMAKE_LIBRARY_OUTPUT_DIRECTORY=D:\\Walkie\\HarmonyOS\\entry\\build\\default\\intermediates\\cmake\\default\\obj\\arm64-v8a',
  '-DCMAKE_BUILD_TYPE=Debug',
  '-DOHOS_SDK_NATIVE=G:\\DevEco Studio\\sdk\\default\\openharmony\\native',
  '-DCMAKE_SYSTEM_NAME=OHOS',
  '-DCMAKE_OHOS_ARCH_ABI=arm64-v8a',
  '-DCMAKE_EXPORT_COMPILE_COMMANDS=ON',
  '-DCMAKE_TOOLCHAIN_FILE=G:\\DevEco Studio\\sdk\\default\\hms\\native\\build\\cmake\\hmos.toolchain.cmake',
  '-GNinja',
  '-DCMAKE_MAKE_PROGRAM=G:\\DevEco Studio\\sdk\\default\\openharmony\\native\\build-tools\\cmake\\bin\\ninja.exe',
  '-DCMAKE_FIND_ROOT_PATH=D:\\Walkie\\HarmonyOS\\entry\\.cxx\\default\\default\\debug\\hvigor\\arm64-v8a',
  '-DPACKAGE_FIND_FILE=D:\\Walkie\\HarmonyOS\\entry\\.cxx\\default\\default\\debug\\hvigor\\arm64-v8a\\summary.cmake',
  '--no-warn-unused-cli',
  '-DHMOS_SDK_NATIVE=G:\\DevEco Studio\\sdk\\default\\hms\\native'
]
[2026-09-01T14:34:45.745] [DEBUG] debug-file - CMake configuration was up-to-date
[2026-09-01T14:34:45.749] [DEBUG] debug-file - entry : default@BuildNativeWithCmake cost memory 0.18761444091796875
[2026-09-01T14:34:45.750] [DEBUG] debug-file - runTaskFromQueue task cost before running: 707 ms 
[2026-09-01T14:34:45.750] [INFO] debug-file - Finished :entry:default@BuildNativeWithCmake... after 20 ms 
[2026-09-01T14:34:45.751] [DEBUG] debug-file - Executing task :entry:default@MakePackInfo
[2026-09-01T14:34:45.755] [DEBUG] debug-file - Incremental task entry:default@MakePackInfo pre-execution cost: 4 ms .
[2026-09-01T14:34:45.755] [DEBUG] debug-file - entry : default@MakePackInfo cost memory 0.08679962158203125
[2026-09-01T14:34:45.756] [INFO] debug-file - UP-TO-DATE :entry:default@MakePackInfo...  
[2026-09-01T14:34:45.757] [DEBUG] debug-file - Executing task :entry:default@SyscapTransform
[2026-09-01T14:34:45.757] [DEBUG] debug-file - File: 'D:\Walkie\HarmonyOS\entry\src\main\syscap.json' from 'sysCapJsonPath' is not exists, just ignore.
[2026-09-01T14:34:45.758] [DEBUG] debug-file - Task 'entry:default@SyscapTransform' cost while wrapping incremental declarations: 1 ms 
[2026-09-01T14:34:45.759] [DEBUG] debug-file - entry:default@SyscapTransform is not up-to-date, since the output file 'D:\Walkie\HarmonyOS\entry\build\default\intermediates\syscap\default\rpcid.sc' does not exist.
[2026-09-01T14:34:45.759] [DEBUG] debug-file - Incremental task entry:default@SyscapTransform pre-execution cost: 2 ms .
[2026-09-01T14:34:45.759] [DEBUG] debug-file - entry : default@SyscapTransform cost memory 0.1022796630859375
[2026-09-01T14:34:45.760] [DEBUG] debug-file - runTaskFromQueue task cost before running: 717 ms 
[2026-09-01T14:34:45.761] [INFO] debug-file - Finished :entry:default@SyscapTransform... after 3 ms 
[2026-09-01T14:34:45.763] [DEBUG] debug-file - Executing task :entry:default@BuildNativeWithNinja
[2026-09-01T14:34:45.765] [DEBUG] debug-file - Use tool [Ninja]
 [
  'G:\\DevEco Studio\\sdk\\default\\openharmony\\native\\build-tools\\cmake\\bin\\ninja.exe',
  '-C',
  'D:\\Walkie\\HarmonyOS\\entry\\.cxx\\default\\default\\debug\\arm64-v8a'
]
[2026-09-01T14:34:45.765] [DEBUG] debug-file - default@BuildNativeWithNinja work[370] is submitted.
[2026-09-01T14:34:45.765] [DEBUG] debug-file - default@BuildNativeWithNinja work[370] is pushed to ready queue.
[2026-09-01T14:34:45.765] [DEBUG] debug-file - default@BuildNativeWithNinja work[370] is not dispatched.
[2026-09-01T14:34:45.775] [DEBUG] debug-file - OHOS_STL is c++_shared
[2026-09-01T14:34:45.775] [DEBUG] debug-file - Copy STL libc++_shared.so to D:\Walkie\HarmonyOS\entry\build\default\intermediates\cmake\default\obj\arm64-v8a due to OHOS_STL is 'c++_shared'
[2026-09-01T14:34:45.776] [DEBUG] debug-file - entry : default@BuildNativeWithNinja cost memory 1.7553634643554688
[2026-09-01T14:34:45.777] [DEBUG] debug-file - Executing task :entry:default@GeneratePkgContextInfo
[2026-09-01T14:34:45.793] [DEBUG] debug-file - Task 'entry:default@GeneratePkgContextInfo' cost while wrapping incremental declarations: 1 ms 
[2026-09-01T14:34:45.794] [DEBUG] debug-file - Incremental task entry:default@GeneratePkgContextInfo pre-execution cost: 1 ms .
[2026-09-01T14:34:45.794] [DEBUG] debug-file - entry : default@GeneratePkgContextInfo cost memory 1.9934158325195312
[2026-09-01T14:34:45.794] [INFO] debug-file - UP-TO-DATE :entry:default@GeneratePkgContextInfo...  
[2026-09-01T14:34:45.796] [DEBUG] debug-file - Executing task :entry:default@ProcessProfile
[2026-09-01T14:34:45.797] [DEBUG] debug-file - Task 'entry:default@ProcessProfile' cost while wrapping incremental declarations: 1 ms 
[2026-09-01T14:34:45.798] [DEBUG] debug-file - Incremental task entry:default@ProcessProfile pre-execution cost: 1 ms .
[2026-09-01T14:34:45.798] [DEBUG] debug-file - entry : default@ProcessProfile cost memory 0.1248931884765625
[2026-09-01T14:34:45.799] [INFO] debug-file - UP-TO-DATE :entry:default@ProcessProfile...  
[2026-09-01T14:34:45.799] [DEBUG] debug-file - Executing task :entry:default@ProcessRouterMap
[2026-09-01T14:34:45.802] [DEBUG] debug-file - Incremental task entry:default@ProcessRouterMap pre-execution cost: 3 ms .
[2026-09-01T14:34:45.803] [DEBUG] debug-file - entry : default@ProcessRouterMap cost memory 0.10394287109375
[2026-09-01T14:34:45.803] [INFO] debug-file - UP-TO-DATE :entry:default@ProcessRouterMap...  
[2026-09-01T14:34:45.804] [DEBUG] debug-file - Executing task :entry:default@ProcessShareConfig
[2026-09-01T14:34:45.807] [DEBUG] debug-file - Incremental task entry:default@ProcessShareConfig pre-execution cost: 3 ms .
[2026-09-01T14:34:45.808] [DEBUG] debug-file - entry : default@ProcessShareConfig cost memory 0.09090423583984375
[2026-09-01T14:34:45.808] [INFO] debug-file - UP-TO-DATE :entry:default@ProcessShareConfig...  
[2026-09-01T14:34:45.809] [DEBUG] debug-file - Executing task :entry:default@ProcessStartupConfig
[2026-09-01T14:34:45.809] [DEBUG] debug-file - Task 'entry:default@ProcessStartupConfig' cost while wrapping incremental declarations: 1 ms 
[2026-09-01T14:34:45.810] [DEBUG] debug-file - entry:default@ProcessStartupConfig is not up-to-date, since the output file 'D:\Walkie\HarmonyOS\entry\build\default\intermediates\startup\default\startup_config.json' does not exist.
[2026-09-01T14:34:45.810] [DEBUG] debug-file - Incremental task entry:default@ProcessStartupConfig pre-execution cost: 1 ms .
[2026-09-01T14:34:45.811] [DEBUG] debug-file - entry : default@ProcessStartupConfig cost memory 0.11072540283203125
[2026-09-01T14:34:45.811] [DEBUG] debug-file - runTaskFromQueue task cost before running: 768 ms 
[2026-09-01T14:34:45.811] [INFO] debug-file - Finished :entry:default@ProcessStartupConfig... after 2 ms 
[2026-09-01T14:34:45.813] [DEBUG] debug-file - restool module names: entry; moduleName=entry, taskName=default@ProcessResource
[2026-09-01T14:34:45.814] [DEBUG] debug-file - Executing task :entry:default@ProcessResource
[2026-09-01T14:34:45.814] [DEBUG] debug-file - Task 'entry:default@ProcessResource' cost while wrapping incremental declarations: 1 ms 
[2026-09-01T14:34:45.815] [DEBUG] debug-file - Incremental task entry:default@ProcessResource pre-execution cost: 1 ms .
[2026-09-01T14:34:45.815] [DEBUG] debug-file - entry : default@ProcessResource cost memory 0.0959320068359375
[2026-09-01T14:34:45.816] [INFO] debug-file - UP-TO-DATE :entry:default@ProcessResource...  
[2026-09-01T14:34:45.818] [DEBUG] debug-file - Executing task :entry:default@GenerateLoaderJson
[2026-09-01T14:34:45.831] [DEBUG] debug-file - Task 'entry:default@GenerateLoaderJson' cost while wrapping incremental declarations: 1 ms 
[2026-09-01T14:34:45.844] [DEBUG] debug-file - entry:default@GenerateLoaderJson is not up-to-date, since the task snapshots are different.
[2026-09-01T14:34:45.844] [DEBUG] debug-file - Incremental task entry:default@GenerateLoaderJson pre-execution cost: 9 ms .
[2026-09-01T14:34:45.850] [DEBUG] debug-file - entry : default@GenerateLoaderJson cost memory 0.4623870849609375
[2026-09-01T14:34:45.850] [DEBUG] debug-file - runTaskFromQueue task cost before running: 807 ms 
[2026-09-01T14:34:45.854] [INFO] debug-file - Finished :entry:default@GenerateLoaderJson... after 32 ms 
[2026-09-01T14:34:45.856] [DEBUG] debug-file - restool module names: entry; moduleName=entry, taskName=default@CompileResource
[2026-09-01T14:34:45.856] [DEBUG] debug-file - Executing task :entry:default@CompileResource
[2026-09-01T14:34:45.884] [DEBUG] debug-file - Incremental task entry:default@CompileResource pre-execution cost: 28 ms .
[2026-09-01T14:34:45.885] [DEBUG] debug-file - entry : default@CompileResource cost memory 0.40329742431640625
[2026-09-01T14:34:45.886] [INFO] debug-file - UP-TO-DATE :entry:default@CompileResource...  
[2026-09-01T14:34:45.888] [DEBUG] debug-file - Executing task :entry:default@CompileArkTS
[2026-09-01T14:34:45.888] [DEBUG] debug-file - obfuscationOptions: undefined
[2026-09-01T14:34:45.892] [DEBUG] debug-file - Task 'entry:default@CompileArkTS' cost while wrapping incremental declarations: 1 ms 
[2026-09-01T14:34:45.898] [DEBUG] debug-file - entry:default@CompileArkTS is not up-to-date, since the input file 'D:\Walkie\HarmonyOS\entry\build\default\intermediates\loader\default' has been changed.
[2026-09-01T14:34:45.898] [DEBUG] debug-file - Incremental task entry:default@CompileArkTS pre-execution cost: 5 ms .
[2026-09-01T14:34:45.913] [DEBUG] debug-file - build config:
[2026-09-01T14:34:45.913] [DEBUG] debug-file - {
  moduleType: 'entry',
  perf: 0,
  targetName: '.default',
  packageManagerType: 'ohpm',
  localPropertiesPath: 'D:\\Walkie\\HarmonyOS\\local.properties',
  isPreview: false,
  isOhosTest: false,
  isLocalTest: false,
  buildMode: 'Debug',
  hotReloadBuild: undefined,
  watchMode: 'false',
  aceProfilePath: 'D:\\Walkie\\HarmonyOS\\entry\\build\\default\\intermediates\\res\\default\\resources\\base\\profile',
  etsLoaderPath: 'G:\\DevEco Studio\\sdk\\default\\openharmony\\ets\\build-tools\\ets-loader',
  modulePath: 'D:\\Walkie\\HarmonyOS\\entry',
  testFrameworkPar: {
    testMode: undefined,
    coveragePathFilter: undefined,
    coverageMode: undefined
  },
  needCoverageInsert: false,
  debugLine: false,
  projectTopDir: 'D:\\Walkie\\HarmonyOS',
  compileSdkVersion: 26,
  compatibleSdkVersion: 24,
  originCompatibleSdkVersion: '6.1.1(24)',
  compatibleSdkVersionStage: undefined,
  bundleName: 'c***s',
  etsLoaderVersion: '26.0.0.105',
  etsLoaderReleaseType: 'Release',
  aotCompileMode: 'type',
  apPath: 'D:\\Walkie\\HarmonyOS\\entry\\modules.ap',
  entryModuleName: 'entry',
  entryModuleVersion: '1.0.0',
  entryPackageName: 'entry',
  allModuleNameHash: 'a8fd18c035955df3504313cc77096cc5eebe701cea4ff96683a97a1834bc7dac',
  externalApiPaths: [ 'G:\\DevEco Studio\\sdk\\default\\hms\\ets' ],
  compilerTypes: [],
  isCrossplatform: false,
  hvigorPluginFile: undefined,
  compilePluginPath: undefined,
  buildGeneratedProfilePath: 'D:\\Walkie\\HarmonyOS\\entry\\build\\default\\generated\\profile\\default',
  bundleType: 'app',
  arkTSVersion: undefined,
  apiVersion: 26,
  needCompleteSourcesMap: false,
  isFaMode: false,
  buildDir: 'D:\\Walkie\\HarmonyOS\\entry\\build',
  buildCacheProjectDir: 'D:\\Walkie\\HarmonyOS',
  deviceTypes: [ 'phone' ],
  pkgContextInfo: {
    'libwalkieopus.so': {
      packageName: 'libwalkieopus.so',
      bundleName: '*****',
      moduleName: '',
      version: '',
      entryPath: 'Index',
      isSO: true,
      dependencyAlias: ''
    },
    '@ohos/hypium': {
      packageName: '@ohos/hypium',
      bundleName: '*****',
      moduleName: '',
      version: '1.0.25',
      entryPath: 'index.js',
      isSO: false,
      dependencyAlias: ''
    },
    '@ohos/hamock': {
      packageName: '@ohos/hamock',
      bundleName: '*****',
      moduleName: '',
      version: '1.0.0',
      entryPath: 'index.ets',
      isSO: false,
      dependencyAlias: ''
    },
    entry: {
      packageName: 'entry',
      bundleName: '*****',
      moduleName: '',
      version: '',
      entryPath: 'src/main/',
      isSO: false,
      dependencyAlias: ''
    },
    'libopus.a': {
      packageName: 'libopus.a',
      bundleName: '*****',
      moduleName: '',
      version: '',
      entryPath: '',
      isSO: true,
      dependencyAlias: ''
    }
  },
  ohPackagePathMap: {},
  dependencyAliasMap: {},
  permission: {
    requestPermissions: [ [Object], [Object], [Object] ],
    definePermissions: undefined
  },
  useGetCurrentBundleName: false,
  projectArkOption: undefined,
  sourceMapDir: undefined,
  branchElimination: false,
  transformLib: undefined,
  tsImportSendable: false,
  resolveConflictMode: true,
  depName2RootPath: {},
  depName2DepInfo: {},
  depName2OhExports: {},
  rootPathSet: [ 'D:\\Walkie\\HarmonyOS' ],
  useNativeResolver: true,
  shouldEmitJs: true,
  useUnifiedAst: false,
  useTscResolve: false,
  singleFileEmit: false,
  userProjectConfig: {
    autoLazyImport: false,
    allowEmptyBundleName: false,
    reExportCheckMode: 'noCheck',
    executionMode: 'memory',
    usePathPlaceholder: false,
    writeRollupCache: true,
    isExpandImportEnabled: false,
    expandImportExclude: '',
    lazyImportExclude: '',
    lazyImportInclude: '',
    ignoreCrossplatformCheck: false,
    isHarDeduplicateEnabled: false,
    skipOhModulesLint: false,
    enableStrictCheckOHModule: false,
    disableSendableCheckRules: [],
    useDeclarationFileSignature: false,
    customizedOptions: undefined,
    integratedHsp: false,
    tsImportSoCheck: false,
    isPreloadSoEnabled: false
  },
  executionMode: 'memory',
  arkCompileCachePath: 'D:\\Walkie\\HarmonyOS\\entry\\build\\default\\cache\\default\\default@CompileArkTS\\esmodule',
  autoLazyFilter: undefined,
  isHarDeduplicateEnabled: false,
  intermediateHarDuplicateDirPath: 'D:\\Walkie\\HarmonyOS\\entry\\build\\default\\intermediates\\har_duplicate\\default',
  autoLazyImport: false,
  allowEmptyBundleName: false,
  reExportCheckMode: 'noCheck',
  usePathPlaceholder: false,
  writeRollupCache: true,
  isExpandImportEnabled: false,
  expandImportExclude: '',
  lazyImportExclude: '',
  lazyImportInclude: '',
  ignoreCrossplatformCheck: false,
  skipOhModulesLint: false,
  enableStrictCheckOHModule: false,
  disableSendableCheckRules: [],
  useDeclarationFileSignature: false,
  customizedOptions: undefined,
  integratedHsp: false,
  tsImportSoCheck: false,
  isPreloadSoEnabled: false,
  strictMode: {
    caseSensitiveCheck: true,
    useNormalizedOHMUrl: true,
    noExternalImportByPath: true
  },
  useNormalizedOHMUrl: true,
  caseSensitiveCheck: true,
  strictCheckerOnly: false,
  aceModuleJsonPath: 'D:\\Walkie\\HarmonyOS\\entry\\build\\default\\intermediates\\res\\default\\ark_module.json',
  appResource: 'D:\\Walkie\\HarmonyOS\\entry\\build\\default\\intermediates\\res\\default\\ResourceTable.txt',
  rawFileResource: 'D:\\Walkie\\HarmonyOS\\entry\\build\\default\\intermediates\\res\\default\\resources\\rawfile',
  resourceTableHash: 'fae0125d63a47f1b42603ade6089d7cdc79e91eb696362cc088354972df05f3d',
  runtimeOS: 'HarmonyOS',
  sdkInfo: 'false:26:26.0.0.105:Release',
  aceModuleRoot: 'D:\\Walkie\\HarmonyOS\\entry\\src\\main\\ets',
  compileMode: 'esmodule',
  aceSuperVisualPath: 'D:\\Walkie\\HarmonyOS\\entry\\src\\main\\supervisual',
  aceBuildJson: 'D:\\Walkie\\HarmonyOS\\entry\\build\\default\\intermediates\\loader\\default\\loader.json',
  cachePath: 'D:\\Walkie\\HarmonyOS\\entry\\build\\default\\cache\\default\\default@CompileArkTS\\esmodule\\debug',
  aceModuleBuild: 'D:\\Walkie\\HarmonyOS\\entry\\build\\default\\intermediates\\loader_out\\default\\ets',
  supportChunks: true,
  declaredFilesPath: undefined,
  shouldCollectDirectImportees: false,
  isByteCodeHarOptimize: false,
  expandImportPath: undefined,
  resourceTableTs: 'D:\\Walkie\\HarmonyOS\\entry\\build\\default\\generated\\r\\default\\ResourceTable.ts',
  moduleMetaInfoFiles: [
    {
      filePath: 'D:\\Walkie\\HarmonyOS\\entry\\build\\default\\generated\\r\\default\\ResourceTable.ts',
      ohmurl: '&entry/build/generated/r/ResourceTable&'
    }
  ],
  pkgNameToPkgBriefInfo: {
    entry: {
      pkgRoot: 'D:\\Walkie\\HarmonyOS\\entry',
      originalSourceRoots: undefined,
      sourceRoots: [Array],
      pkgName: 'entry'
    }
  },
  projectModel: {
    'D:\\Walkie\\HarmonyOS\\entry\\src\\main': {
      moduleName: 'entry',
      modulePkgPath: 'D:\\Walkie\\HarmonyOS\\entry',
      belongProjectPath: 'D:\\Walkie\\HarmonyOS'
    },
    'D:\\Walkie\\HarmonyOS\\entry': {
      moduleName: 'entry',
      modulePkgPath: 'D:\\Walkie\\HarmonyOS\\entry',
      belongProjectPath: 'D:\\Walkie\\HarmonyOS'
    },
    'D:\\Walkie\\HarmonyOS': {
      moduleName: 'HarmonyOS',
      modulePkgPath: 'D:\\Walkie\\HarmonyOS',
      belongProjectPath: 'D:\\Walkie\\HarmonyOS'
    }
  },
  pkgJsonFileHash: '31009a1b1f5fc6d0fc14fddbbb73cb6da7cef12b41ca288f873fad459761e3af',
  allModulePaths: [ 'D:\\Walkie\\HarmonyOS\\entry' ],
  routerMap: {},
  obfuscationOptions: undefined,
  byteCodeHarToDependencyKeys: undefined,
  compileBlockPkg: [],
  mockParams: {
    decorator: '@MockSetup',
    packageName: '@ohos/hamock',
    etsSourceRootPath: 'src/main/ets',
    mockConfigPath: 'D:\\Walkie\\HarmonyOS\\entry\\src\\mock\\mock-config.json5',
    mockConfigKey2ModuleInfo: {},
    source2ModuleIdMap: {}
  },
  copyCodeResourceEnable: true,
  copyCodeResourceExcludes: [],
  copyCodeResourceIncludes: undefined,
  uiTransformOptimization: false,
  sdkPath: 'G:/DevEco Studio/sdk',
  needPreloadSoFileSet: {},
  preloadSoFilePath: 'D:\\Walkie\\HarmonyOS\\entry\\build\\default\\intermediates\\preload\\default\\preload.json',
  useSourceHash: false,
  localModuleParamMap: {},
  otherPaths: {
    'entry/*': [
      '..\\*',
      '..\\..\\..\\build\\default\\generated\\profile\\default\\*'
    ]
  },
  collectImportersConfig: undefined
}
[2026-09-01T14:34:45.914] [DEBUG] debug-file - Compile arkts with external api path: G:\DevEco Studio\sdk\default\hms\ets
[2026-09-01T14:34:45.915] [DEBUG] debug-file - before submitting ArkTS compile task to worker pool, config.buildDir: D:\Walkie\HarmonyOS\entry\build
[2026-09-01T14:34:45.915] [DEBUG] debug-file - default@CompileArkTS work[371] is submitted.
[2026-09-01T14:34:45.915] [DEBUG] debug-file - default@CompileArkTS work[371] is pushed to ready queue.
[2026-09-01T14:34:45.915] [DEBUG] debug-file - default@CompileArkTS work[371] is not dispatched.
[2026-09-01T14:34:45.915] [DEBUG] debug-file - CopyResources startTime: 22842176389900
[2026-09-01T14:34:45.915] [DEBUG] debug-file - default@CompileArkTS work[372] is submitted.
[2026-09-01T14:34:45.915] [DEBUG] debug-file - default@CompileArkTS work[372] is pushed to ready queue.
[2026-09-01T14:34:45.915] [DEBUG] debug-file - default@CompileArkTS work[372] is not dispatched.
[2026-09-01T14:34:45.916] [DEBUG] debug-file - entry : default@CompileArkTS cost memory 1.0194778442382812
[2026-09-01T14:34:45.917] [DEBUG] debug-file - Executing task :entry:default@BuildJS
[2026-09-01T14:34:45.917] [DEBUG] debug-file - Task 'entry:default@BuildJS' cost while wrapping incremental declarations: 1 ms 
[2026-09-01T14:34:45.920] [DEBUG] debug-file - entry : default@BuildJS cost memory 0.12152099609375
[2026-09-01T14:34:45.920] [DEBUG] debug-file - runTaskFromQueue task cost before running: 877 ms 
[2026-09-01T14:34:45.920] [INFO] debug-file - Finished :entry:default@BuildJS... after 3 ms 
[2026-09-01T14:34:46.020] [DEBUG] debug-file - A work dispatched to worker[3] failed because unable to get work from ready queue.
[2026-09-01T14:34:46.020] [DEBUG] debug-file - default@BuildNativeWithNinja work[370] has been dispatched to worker[2].
[2026-09-01T14:34:46.076] [DEBUG] debug-file - ninja: Entering directory `D:\Walkie\HarmonyOS\entry\.cxx\default\default\debug\arm64-v8a'
ninja: no work to do.

[2026-09-01T14:34:46.081] [DEBUG] debug-file - worker[2] has one work done.
[2026-09-01T14:34:46.091] [DEBUG] debug-file - default@BuildNativeWithNinja work[370] done.
[2026-09-01T14:34:46.092] [DEBUG] debug-file - default@CompileArkTS work[372] has been dispatched to worker[2].
[2026-09-01T14:34:46.092] [INFO] debug-file - Finished :entry:default@BuildNativeWithNinja... after 74 ms 
[2026-09-01T14:34:46.093] [DEBUG] debug-file - Executing task :entry:default@ProcessLibs
[2026-09-01T14:34:46.103] [DEBUG] debug-file - Check content hash for D:\Walkie\HarmonyOS\entry\build\default\intermediates\cmake\default\obj\arm64-v8a\libwalkieopus.so
[2026-09-01T14:34:46.104] [DEBUG] debug-file - worker[2] has one work done.
[2026-09-01T14:34:46.104] [DEBUG] debug-file - CopyResources is end, endTime: 22842364996500
[2026-09-01T14:34:46.104] [DEBUG] debug-file - default@CompileArkTS work[372] done.
[2026-09-01T14:34:46.104] [DEBUG] debug-file - A work dispatched to worker[2] failed because unable to get work from ready queue.
[2026-09-01T14:34:46.109] [DEBUG] debug-file - Check content hash for D:\Walkie\HarmonyOS\entry\build\default\intermediates\cmake\default\obj\arm64-v8a\libopus.a
[2026-09-01T14:34:46.120] [DEBUG] debug-file - A work dispatched to worker[3] failed because unable to get work from ready queue.
[2026-09-01T14:34:46.120] [DEBUG] debug-file - A work dispatched to worker[2] failed because unable to get work from ready queue.
[2026-09-01T14:34:46.120] [DEBUG] debug-file - default@CompileArkTS work[371] has been dispatched to worker[1].
[2026-09-01T14:34:46.120] [DEBUG] debug-file - A work dispatched to worker[3] failed because unable to get work from ready queue.
[2026-09-01T14:34:46.120] [DEBUG] debug-file - A work dispatched to worker[2] failed because unable to get work from ready queue.
[2026-09-01T14:34:46.120] [DEBUG] debug-file - A work dispatched to worker[1] failed because of worker busy.
[2026-09-01T14:34:46.120] [DEBUG] debug-file - A work dispatched to worker[0] failed because unable to get work from ready queue.
[2026-09-01T14:34:46.122] [DEBUG] debug-file - Check content hash for D:\Walkie\HarmonyOS\entry\build\default\intermediates\cmake\default\obj\arm64-v8a\libc++_shared.so
[2026-09-01T14:34:46.130] [DEBUG] debug-file - Task 'entry:default@ProcessLibs' cost while wrapping incremental declarations: 1 ms 
[2026-09-01T14:34:46.133] [DEBUG] debug-file - Incremental task entry:default@ProcessLibs pre-execution cost: 3 ms .
[2026-09-01T14:34:46.134] [DEBUG] debug-file - entry : default@ProcessLibs cost memory 2.2785797119140625
[2026-09-01T14:34:46.134] [INFO] debug-file - UP-TO-DATE :entry:default@ProcessLibs...  
[2026-09-01T14:34:46.135] [DEBUG] debug-file - Executing task :entry:default@DoNativeStrip
[2026-09-01T14:34:46.136] [DEBUG] debug-file - File: 'D:\Walkie\HarmonyOS\entry\build\default\intermediates\binxo\default' from 'doBinxoNativeLibs' is not exists, just ignore.
[2026-09-01T14:34:46.136] [DEBUG] debug-file - Task 'entry:default@DoNativeStrip' cost while wrapping incremental declarations: 1 ms 
[2026-09-01T14:34:46.138] [DEBUG] debug-file - Incremental task entry:default@DoNativeStrip pre-execution cost: 3 ms .
[2026-09-01T14:34:46.138] [DEBUG] debug-file - entry : default@DoNativeStrip cost memory 0.10254669189453125
[2026-09-01T14:34:46.139] [INFO] debug-file - UP-TO-DATE :entry:default@DoNativeStrip...  
[2026-09-01T14:34:46.139] [DEBUG] debug-file - Executing task :entry:default@CacheNativeLibs
[2026-09-01T14:34:46.140] [DEBUG] debug-file - File: 'D:\Walkie\HarmonyOS\entry\build\default\intermediates\binxo\default' from 'cacheBinxoNativeLibs' is not exists, just ignore.
[2026-09-01T14:34:46.140] [DEBUG] debug-file - Task 'entry:default@CacheNativeLibs' cost while wrapping incremental declarations: 1 ms 
[2026-09-01T14:34:46.143] [DEBUG] debug-file - Incremental task entry:default@CacheNativeLibs pre-execution cost: 3 ms .
[2026-09-01T14:34:46.143] [DEBUG] debug-file - entry : default@CacheNativeLibs cost memory 0.11295318603515625
[2026-09-01T14:34:46.144] [INFO] debug-file - UP-TO-DATE :entry:default@CacheNativeLibs...  
[2026-09-01T14:34:47.392] [WARN] debug-file - [33mWARN: [33m[33mArkTS:WARN File: D:/Walkie/HarmonyOS/entry/src/main/ets/WalkieUdp.ets:248:15
 Function may throw exceptions. Special handling is required.
[39m[39m
[33mWARN: [33m[33mArkTS:WARN File: D:/Walkie/HarmonyOS/entry/src/main/ets/WalkieUdp.ets:289:15
 Function may throw exceptions. Special handling is required.
[39m[39m
[33mWARN: [33m[33mArkTS:WARN File: D:/Walkie/HarmonyOS/entry/src/main/ets/WalkieAudio.ets:241:11
 The system capacity of this api 'audio' is not supported on all devices
[39m[39m
[33mWARN: [33m[33mArkTS:WARN File: D:/Walkie/HarmonyOS/entry/src/main/ets/WalkieAudio.ets:244:11
 The system capacity of this api 'audio' is not supported on all devices
[39m[39m
[33mWARN: [33m[33mArkTS:WARN File: D:/Walkie/HarmonyOS/entry/src/main/ets/WalkieAudio.ets:247:11
 The system capacity of this api 'audio' is not supported on all devices
[39m[39m
[33mWARN: [33m[33mArkTS:WARN File: D:/Walkie/HarmonyOS/entry/src/main/ets/WalkieAudio.ets:250:11
 The system capacity of this api 'audio' is not supported on all devices
[39m[39m
[33mWARN: [33m[33mArkTS:WARN File: D:/Walkie/HarmonyOS/entry/src/main/ets/WalkieAudio.ets:256:11
 The system capacity of this api 'audio' is not supported on all devices
[39m[39m
[33mWARN: [33m[33mArkTS:WARN File: D:/Walkie/HarmonyOS/entry/src/main/ets/WalkieAudio.ets:275:15
 The system capacity of this api 'audio' is not supported on all devices
[39m[39m
[33mWARN: [33m[33mArkTS:WARN File: D:/Walkie/HarmonyOS/entry/src/main/ets/WalkieTone.ets:299:11
 The system capacity of this api 'audio' is not supported on all devices
[39m[39m
[33mWARN: [33m[33mArkTS:WARN File: D:/Walkie/HarmonyOS/entry/src/main/ets/WalkieTone.ets:302:11
 The system capacity of this api 'audio' is not supported on all devices
[39m[39m
[33mWARN: [33m[33mArkTS:WARN File: D:/Walkie/HarmonyOS/entry/src/main/ets/WalkieTone.ets:305:11
 The system capacity of this api 'audio' is not supported on all devices
[39m[39m
[33mWARN: [33m[33mArkTS:WARN File: D:/Walkie/HarmonyOS/entry/src/main/ets/WalkieTone.ets:308:11
 The system capacity of this api 'audio' is not supported on all devices
[39m[39m
[33mWARN: [33m[33mArkTS:WARN File: D:/Walkie/HarmonyOS/entry/src/main/ets/WalkieTone.ets:321:11
 The system capacity of this api 'audio' is not supported on all devices
[39m[39m
[33mWARN: [33m[33mArkTS:WARN File: D:/Walkie/HarmonyOS/entry/src/main/ets/WalkieTone.ets:327:11
 The system capacity of this api 'audio' is not supported on all devices
[39m[39m
[33mWARN: [33m[33mArkTS:WARN File: D:/Walkie/HarmonyOS/entry/src/main/ets/WalkieTone.ets:354:15
 The system capacity of this api 'audio' is not supported on all devices
[39m[39m
[33mWARN: [33m[33mArkTS:WARN File: D:/Walkie/HarmonyOS/entry/src/main/ets/WalkiePlayback.ets:241:9
 The system capacity of this api 'audio' is not supported on all devices
[39m[39m
[33mWARN: [33m[33mArkTS:WARN File: D:/Walkie/HarmonyOS/entry/src/main/ets/WalkiePlayback.ets:244:9
 The system capacity of this api 'audio' is not supported on all devices
[39m[39m
[33mWARN: [33m[33mArkTS:WARN File: D:/Walkie/HarmonyOS/entry/src/main/ets/WalkiePlayback.ets:247:9
 The system capacity of this api 'audio' is not supported on all devices
[39m[39m
[33mWARN: [33m[33mArkTS:WARN File: D:/Walkie/HarmonyOS/entry/src/main/ets/WalkiePlayback.ets:250:9
 The system capacity of this api 'audio' is not supported on all devices
[39m[39m
[33mWARN: [33m[33mArkTS:WARN File: D:/Walkie/HarmonyOS/entry/src/main/ets/WalkiePlayback.ets:257:9
 The system capacity of this api 'audio' is not supported on all devices
[39m[39m
[33mWARN: [33m[33mArkTS:WARN File: D:/Walkie/HarmonyOS/entry/src/main/ets/WalkiePlayback.ets:263:9
 The system capacity of this api 'audio' is not supported on all devices
[39m[39m
[33mWARN: [33m[33mArkTS:WARN File: D:/Walkie/HarmonyOS/entry/src/main/ets/WalkiePlayback.ets:278:15
 The system capacity of this api 'audio' is not supported on all devices
[39m[39m
[33mWARN: [33m[33mArkTS:WARN File: D:/Walkie/HarmonyOS/entry/src/main/ets/WalkieClient.ets:3401:10
 'decode' has been deprecated.
[39m[39m
[33mWARN: [33m[33mArkTS:WARN File: D:/Walkie/HarmonyOS/entry/src/main/ets/pages/Index.ets:452:10
 The 'fill' API is supported since SDK version 26.0.0. However, the current compatible SDK version is 6.1.1(24).
 It is recommended to use apiAvailable to safeguard API compatibility.
[39m[39m
[33mWARN: [33m[33mArkTS:WARN File: D:/Walkie/HarmonyOS/entry/src/main/ets/pages/Index.ets:495:12
 The 'fill' API is supported since SDK version 26.0.0. However, the current compatible SDK version is 6.1.1(24).
 It is recommended to use apiAvailable to safeguard API compatibility.
[39m[39m
[33mWARN: [33m[33mArkTS:WARN File: D:/Walkie/HarmonyOS/entry/src/main/ets/pages/Index.ets:720:12
 The 'fill' API is supported since SDK version 26.0.0. However, the current compatible SDK version is 6.1.1(24).
 It is recommended to use apiAvailable to safeguard API compatibility.
[39m[39m
[33mWARN: [33m[33mArkTS:WARN File: D:/Walkie/HarmonyOS/entry/src/main/ets/pages/Index.ets:900:10
 The 'fill' API is supported since SDK version 26.0.0. However, the current compatible SDK version is 6.1.1(24).
 It is recommended to use apiAvailable to safeguard API compatibility.
[39m[39m
[33mWARN: [33m[33mArkTS:WARN File: D:/Walkie/HarmonyOS/entry/src/main/ets/pages/Index.ets:1356:10
 The 'fill' API is supported since SDK version 26.0.0. However, the current compatible SDK version is 6.1.1(24).
 It is recommended to use apiAvailable to safeguard API compatibility.
[39m[39m
[33mWARN: [33m[33mArkTS:WARN File: D:/Walkie/HarmonyOS/entry/src/main/ets/pages/Index.ets:1647:16
 The 'fill' API is supported since SDK version 26.0.0. However, the current compatible SDK version is 6.1.1(24).
 It is recommended to use apiAvailable to safeguard API compatibility.
[39m[39m

[2026-09-01T14:34:47.393] [DEBUG] debug-file - Ark compile task finished.finished time is 22843654243900
[2026-09-01T14:34:47.395] [DEBUG] debug-file - worker[1] has one work done.
[2026-09-01T14:34:47.396] [DEBUG] debug-file - default@CompileArkTS work[371] done.
[2026-09-01T14:34:47.399] [INFO] debug-file - Finished :entry:default@CompileArkTS... after 1 s 306 ms 
[2026-09-01T14:34:47.401] [DEBUG] debug-file - Executing task :entry:default@GeneratePkgModuleJson
[2026-09-01T14:34:47.401] [DEBUG] debug-file - File: 'D:\Walkie\HarmonyOS\entry\build\default\intermediates\preload\default\preload.json' from 'preloadSoJsonPath' is not exists, just ignore.
[2026-09-01T14:34:47.401] [DEBUG] debug-file - Error occurs while handling @Input 'shouldDeduplicateHar': The "data" argument must be of type string or an instance of Buffer, TypedArray, or DataView. Received undefined
[2026-09-01T14:34:47.401] [DEBUG] debug-file - Task 'entry:default@GeneratePkgModuleJson' cost while wrapping incremental declarations: 1 ms 
[2026-09-01T14:34:47.402] [DEBUG] debug-file - Incremental task entry:default@GeneratePkgModuleJson pre-execution cost: 1 ms .
[2026-09-01T14:34:47.402] [DEBUG] debug-file - entry : default@GeneratePkgModuleJson cost memory 0.0775299072265625
[2026-09-01T14:34:47.402] [INFO] debug-file - UP-TO-DATE :entry:default@GeneratePkgModuleJson...  
[2026-09-01T14:34:47.403] [DEBUG] debug-file - Executing task :entry:default@ProcessCompiledResources
[2026-09-01T14:34:47.403] [DEBUG] debug-file - File: 'D:\Walkie\HarmonyOS\entry\build\default\intermediates\preload\default\preload.json' from 'preloadSoJsonPath' is not exists, just ignore.
[2026-09-01T14:34:47.403] [DEBUG] debug-file - Task 'entry:default@ProcessCompiledResources' cost while wrapping incremental declarations: 1 ms 
[2026-09-01T14:34:47.404] [DEBUG] debug-file - entry : default@ProcessCompiledResources cost memory 0.048431396484375
[2026-09-01T14:34:47.404] [DEBUG] debug-file - runTaskFromQueue task cost before running: 2 s 361 ms 
[2026-09-01T14:34:47.404] [INFO] debug-file - Finished :entry:default@ProcessCompiledResources... after 1 ms 
[2026-09-01T14:34:47.405] [DEBUG] debug-file - Executing task :entry:default@PackageHap
[2026-09-01T14:34:47.415] [DEBUG] debug-file - entry:default@PackageHap is not up-to-date, since the input file 'D:\Walkie\HarmonyOS\entry\build\default\intermediates\loader_out\default\ets' has been changed.
[2026-09-01T14:34:47.415] [DEBUG] debug-file - Incremental task entry:default@PackageHap pre-execution cost: 9 ms .
[2026-09-01T14:34:47.415] [DEBUG] debug-file - Use tool [G:\DevEco Studio\sdk\default\openharmony\toolchains\lib\app_packing_tool.jar]
 [
  'java',
  '-Dfile.encoding=GBK',
  '-jar',
  'G:\\DevEco Studio\\sdk\\default\\openharmony\\toolchains\\lib\\app_packing_tool.jar',
  '--mode',
  'hap',
  '--force',
  'true',
  '--lib-path',
  'D:\\Walkie\\HarmonyOS\\entry\\build\\default\\intermediates\\stripped_native_libs\\default',
  '--json-path',
  'D:\\Walkie\\HarmonyOS\\entry\\build\\default\\intermediates\\package\\default\\module.json',
  '--resources-path',
  'D:\\Walkie\\HarmonyOS\\entry\\build\\default\\intermediates\\res\\default\\resources',
  '--index-path',
  'D:\\Walkie\\HarmonyOS\\entry\\build\\default\\intermediates\\res\\default\\resources.index',
  '--pack-info-path',
  'D:\\Walkie\\HarmonyOS\\entry\\build\\default\\outputs\\default\\pack.info',
  '--out-path',
  'D:\\Walkie\\HarmonyOS\\entry\\build\\default\\outputs\\default\\entry-default-unsigned.hap',
  '--ets-path',
  'D:\\Walkie\\HarmonyOS\\entry\\build\\default\\intermediates\\loader_out\\default\\ets',
  '--pkg-context-path',
  'D:\\Walkie\\HarmonyOS\\entry\\build\\default\\intermediates\\loader\\default\\pkgContextInfo.json'
]
[2026-09-01T14:34:47.416] [DEBUG] debug-file - default@PackageHap work[373] is submitted.
[2026-09-01T14:34:47.416] [DEBUG] debug-file - default@PackageHap work[373] is pushed to ready queue.
[2026-09-01T14:34:47.416] [DEBUG] debug-file - default@PackageHap work[373] is not dispatched.
[2026-09-01T14:34:47.418] [DEBUG] debug-file - entry : default@PackageHap cost memory 0.3220977783203125
[2026-09-01T14:34:47.525] [DEBUG] debug-file - A work dispatched to worker[3] failed because unable to get work from ready queue.
[2026-09-01T14:34:47.525] [DEBUG] debug-file - default@PackageHap work[373] has been dispatched to worker[2].
[2026-09-01T14:34:47.529] [DEBUG] debug-file - current process  memoryUsage: {
  rss: 671346688,
  heapTotal: 59891712,
  heapUsed: 56471840,
  external: 5367931,
  arrayBuffers: 169746
} os memoryUsage :8.432426452636719
[2026-09-01T14:34:48.138] [DEBUG] debug-file - worker[2] has one work done.
[2026-09-01T14:34:48.139] [DEBUG] debug-file - default@PackageHap work[373] done.
[2026-09-01T14:34:48.139] [DEBUG] debug-file - A work dispatched to worker[2] failed because unable to get work from ready queue.
[2026-09-01T14:34:48.140] [INFO] debug-file - Finished :entry:default@PackageHap... after 626 ms 
[2026-09-01T14:34:48.142] [DEBUG] debug-file - Executing task :entry:default@PackingCheck
[2026-09-01T14:34:48.146] [DEBUG] debug-file - entry : default@PackingCheck cost memory 0.27338409423828125
[2026-09-01T14:34:48.146] [DEBUG] debug-file - runTaskFromQueue task cost before running: 3 s 103 ms 
[2026-09-01T14:34:48.147] [INFO] debug-file - Finished :entry:default@PackingCheck... after 5 ms 
[2026-09-01T14:34:48.148] [DEBUG] debug-file - Executing task :entry:default@SignHap
[2026-09-01T14:34:48.150] [DEBUG] debug-file - entry:default@SignHap is not up-to-date, since the input file 'D:\Walkie\HarmonyOS\entry\build\default\outputs\default\entry-default-unsigned.hap' has been changed.
[2026-09-01T14:34:48.150] [DEBUG] debug-file - Incremental task entry:default@SignHap pre-execution cost: 2 ms .
[2026-09-01T14:34:48.195] [DEBUG] debug-file - java daemon socket received message:{"code":0,"message":"verify profile success"}
[2026-09-01T14:34:48.199] [DEBUG] debug-file - java daemon socket close code:1000 reason:close by user
[2026-09-01T14:34:48.365] [DEBUG] debug-file - java daemon socket received message:{"code":0,"message":"sign app success"}
[2026-09-01T14:34:48.366] [DEBUG] debug-file - entry : default@SignHap cost memory 0.39888763427734375
[2026-09-01T14:34:48.366] [DEBUG] debug-file - runTaskFromQueue task cost before running: 3 s 323 ms 
[2026-09-01T14:34:48.367] [INFO] debug-file - Finished :entry:default@SignHap... after 219 ms 
[2026-09-01T14:34:48.368] [DEBUG] debug-file - Executing task :entry:default@CollectDebugSymbol
[2026-09-01T14:34:48.369] [DEBUG] debug-file - entry : default@CollectDebugSymbol cost memory 0.06983184814453125
[2026-09-01T14:34:48.369] [DEBUG] debug-file - runTaskFromQueue task cost before running: 3 s 326 ms 
[2026-09-01T14:34:48.369] [INFO] debug-file - Finished :entry:default@CollectDebugSymbol... after 2 ms 
[2026-09-01T14:34:48.369] [DEBUG] debug-file - Executing task :entry:assembleHap
[2026-09-01T14:34:48.369] [DEBUG] debug-file - entry : assembleHap cost memory 0.01331329345703125
[2026-09-01T14:34:48.369] [DEBUG] debug-file - runTaskFromQueue task cost before running: 3 s 326 ms 
[2026-09-01T14:34:48.369] [INFO] debug-file - Finished :entry:assembleHap... after 1 ms 
[2026-09-01T14:34:48.370] [INFO] debug-file - BUILD SUCCESSFUL in 3 s 327 ms 
[2026-09-01T14:34:48.371] [DEBUG] debug-file - Update task entry:default@PreBuild input file:D:\Walkie\HarmonyOS\AppScope\app.json5 cache by regenerate.
[2026-09-01T14:34:48.372] [DEBUG] debug-file - Update task entry:default@PreBuild input file:D:\Walkie\HarmonyOS\entry\src\main\module.json5 cache by regenerate.
[2026-09-01T14:34:48.372] [DEBUG] debug-file - Update task entry:default@PreBuild input file:D:\Walkie\HarmonyOS\build-profile.json5 cache by regenerate.
[2026-09-01T14:34:48.372] [DEBUG] debug-file - Update task entry:default@PreBuild input file:D:\Walkie\HarmonyOS\entry\build-profile.json5 cache by regenerate.
[2026-09-01T14:34:48.372] [DEBUG] debug-file - Update task entry:default@PreBuild input file:D:\Walkie\HarmonyOS\entry\src\main\resources\base\profile\main_pages.json cache by regenerate.
[2026-09-01T14:34:48.373] [DEBUG] debug-file - Update task entry:default@PreBuild input file:D:\Walkie\HarmonyOS\hvigor\hvigor-config.json5 cache by regenerate.
[2026-09-01T14:34:48.373] [DEBUG] debug-file - Update task entry:default@PreBuild input file:D:\Walkie\HarmonyOS\entry\src\mock\mock-config.json5 cache by regenerate.
[2026-09-01T14:34:48.373] [DEBUG] debug-file - Update task entry:default@PreBuild input file:D:\Walkie\HarmonyOS\entry\oh-package.json5 cache by regenerate.
[2026-09-01T14:34:48.373] [DEBUG] debug-file - Update task entry:default@PreBuild input file:D:\Walkie\HarmonyOS\oh-package.json5 cache by regenerate.
[2026-09-01T14:34:48.374] [DEBUG] debug-file - Incremental task entry:default@PreBuild post-execution cost:4 ms .
[2026-09-01T14:34:48.374] [DEBUG] debug-file - Update task entry:default@CreateModuleInfo output file:D:\Walkie\HarmonyOS\entry\build\default\generated\profile\default\ModuleInfo.ts cache.
[2026-09-01T14:34:48.374] [DEBUG] debug-file - Incremental task entry:default@CreateModuleInfo post-execution cost:1 ms .
[2026-09-01T14:34:48.374] [DEBUG] debug-file - There is no need to refresh cache, since the incremental task entry:default@GenerateMetadata is up-to-date.
[2026-09-01T14:34:48.374] [DEBUG] debug-file - There is no need to refresh cache, since the incremental task entry:default@MergeProfile is up-to-date.
[2026-09-01T14:34:48.374] [DEBUG] debug-file - There is no need to refresh cache, since the incremental task entry:default@CreateBuildProfile is up-to-date.
[2026-09-01T14:34:48.374] [DEBUG] debug-file - Update task entry:default@GeneratePkgSdkInfo output file:D:\Walkie\HarmonyOS\entry\build\default\intermediates\loader\default\pkgSdkInfo.json cache.
[2026-09-01T14:34:48.374] [DEBUG] debug-file - Incremental task entry:default@GeneratePkgSdkInfo post-execution cost:1 ms .
[2026-09-01T14:34:48.375] [DEBUG] debug-file - Update task entry:default@ProcessIntegratedHsp output file:D:\Walkie\HarmonyOS\build\cache\default\integrated_hsp\integratedHspCache.json cache.
[2026-09-01T14:34:48.375] [DEBUG] debug-file - Incremental task entry:default@ProcessIntegratedHsp post-execution cost:1 ms .
[2026-09-01T14:34:48.375] [DEBUG] debug-file - There is no need to refresh cache, since the incremental task entry:default@MakePackInfo is up-to-date.
[2026-09-01T14:34:48.375] [DEBUG] debug-file - Update task entry:default@SyscapTransform input file:G:\DevEco Studio\sdk\default\openharmony\toolchains\syscap_tool.exe cache by regenerate.
[2026-09-01T14:34:48.375] [DEBUG] debug-file - Update task entry:default@SyscapTransform input file:G:\DevEco Studio\sdk\default\openharmony\ets\api\device-define cache by regenerate.
[2026-09-01T14:34:48.376] [DEBUG] debug-file - Update task entry:default@SyscapTransform output file:D:\Walkie\HarmonyOS\entry\build\default\intermediates\syscap\default\rpcid.sc cache.
[2026-09-01T14:34:48.376] [DEBUG] debug-file - Incremental task entry:default@SyscapTransform post-execution cost:2 ms .
[2026-09-01T14:34:48.376] [DEBUG] debug-file - There is no need to refresh cache, since the incremental task entry:default@GeneratePkgContextInfo is up-to-date.
[2026-09-01T14:34:48.376] [DEBUG] debug-file - There is no need to refresh cache, since the incremental task entry:default@ProcessProfile is up-to-date.
[2026-09-01T14:34:48.376] [DEBUG] debug-file - There is no need to refresh cache, since the incremental task entry:default@ProcessRouterMap is up-to-date.
[2026-09-01T14:34:48.376] [DEBUG] debug-file - There is no need to refresh cache, since the incremental task entry:default@ProcessShareConfig is up-to-date.
[2026-09-01T14:34:48.377] [DEBUG] debug-file - Update task entry:default@ProcessStartupConfig input file:D:\Walkie\HarmonyOS\entry\build\default\intermediates\loader\default\pkgContextInfo.json cache by regenerate.
[2026-09-01T14:34:48.377] [DEBUG] debug-file - Update task entry:default@ProcessStartupConfig output file:D:\Walkie\HarmonyOS\entry\build\default\intermediates\startup\default\startup_config.json cache.
[2026-09-01T14:34:48.377] [DEBUG] debug-file - Incremental task entry:default@ProcessStartupConfig post-execution cost:1 ms .
[2026-09-01T14:34:48.377] [DEBUG] debug-file - There is no need to refresh cache, since the incremental task entry:default@ProcessResource is up-to-date.
[2026-09-01T14:34:48.378] [DEBUG] debug-file - Update task entry:default@GenerateLoaderJson input file:D:\Walkie\HarmonyOS\entry\src\mock\mock-config.json5 cache by regenerate.
[2026-09-01T14:34:48.378] [DEBUG] debug-file - Update task entry:default@GenerateLoaderJson input file:D:\Walkie\HarmonyOS\entry\build\default\intermediates\loader\default\pkgContextInfo.json cache by regenerate.
[2026-09-01T14:34:48.379] [DEBUG] debug-file - Update task entry:default@GenerateLoaderJson input file:D:\Walkie\HarmonyOS\entry\build\default\intermediates\router_map\default\temp-router-map.json cache by regenerate.
[2026-09-01T14:34:48.379] [DEBUG] debug-file - Update task entry:default@GenerateLoaderJson output file:D:\Walkie\HarmonyOS\entry\build\default\intermediates\loader\default\loader.json cache.
[2026-09-01T14:34:48.379] [DEBUG] debug-file - Incremental task entry:default@GenerateLoaderJson post-execution cost:3 ms .
[2026-09-01T14:34:48.379] [DEBUG] debug-file - There is no need to refresh cache, since the incremental task entry:default@CompileResource is up-to-date.
[2026-09-01T14:34:48.381] [DEBUG] debug-file - Update task entry:default@CompileArkTS input file:D:\Walkie\HarmonyOS\entry\build\default\intermediates\loader\default cache from map.
[2026-09-01T14:34:48.381] [DEBUG] debug-file - Update task entry:default@CompileArkTS input file:D:\Walkie\HarmonyOS\entry\build\default\intermediates\res\default\resources\rawfile cache by regenerate.
[2026-09-01T14:34:48.382] [DEBUG] debug-file - Update task entry:default@CompileArkTS input file:D:\Walkie\HarmonyOS\entry\build\default\intermediates\res\default\ResourceTable.txt cache by regenerate.
[2026-09-01T14:34:48.382] [DEBUG] debug-file - Update task entry:default@CompileArkTS input file:D:\Walkie\HarmonyOS\entry\build\default\intermediates\res\default\ark_module.json cache by regenerate.
[2026-09-01T14:34:48.383] [DEBUG] debug-file - Update task entry:default@CompileArkTS input file:D:\Walkie\HarmonyOS\entry\build\default\intermediates\res\default\resources\base\profile cache by regenerate.
[2026-09-01T14:34:48.383] [DEBUG] debug-file - Update task entry:default@CompileArkTS input file:D:\Walkie\HarmonyOS\entry\src\main\ets cache by regenerate.
[2026-09-01T14:34:48.387] [DEBUG] debug-file - Update task entry:default@CompileArkTS input file:D:\Walkie\HarmonyOS\entry\build\default\intermediates\loader\default\pkgContextInfo.json cache by regenerate.
[2026-09-01T14:34:48.388] [DEBUG] debug-file - Update task entry:default@CompileArkTS input file:D:\Walkie\HarmonyOS\entry\build\default\generated\profile\default\BuildProfile.ets cache by regenerate.
[2026-09-01T14:34:48.388] [DEBUG] debug-file - Update task entry:default@CompileArkTS input file:D:\Walkie\HarmonyOS\entry\src\main\cpp\types cache by regenerate.
[2026-09-01T14:34:48.389] [DEBUG] debug-file - Update task entry:default@CompileArkTS input file:D:\Walkie\HarmonyOS\entry\src\mock\mock-config.json5 cache by regenerate.
[2026-09-01T14:34:48.389] [DEBUG] debug-file - Update task entry:default@CompileArkTS output file:D:\Walkie\HarmonyOS\entry\build\default\intermediates\loader_out\default\ets cache.
[2026-09-01T14:34:48.390] [DEBUG] debug-file - Incremental task entry:default@CompileArkTS post-execution cost:11 ms .
[2026-09-01T14:34:48.391] [DEBUG] debug-file - Update task entry:default@BuildJS input file:D:\Walkie\HarmonyOS\entry\build\default\intermediates\loader\default cache by regenerate.
[2026-09-01T14:34:48.392] [DEBUG] debug-file - Update task entry:default@BuildJS input file:D:\Walkie\HarmonyOS\entry\build\default\intermediates\res\default\resources\rawfile cache by regenerate.
[2026-09-01T14:34:48.393] [DEBUG] debug-file - Update task entry:default@BuildJS input file:D:\Walkie\HarmonyOS\entry\build\default\intermediates\res\default\ResourceTable.txt cache by regenerate.
[2026-09-01T14:34:48.393] [DEBUG] debug-file - Update task entry:default@BuildJS input file:D:\Walkie\HarmonyOS\entry\build\default\intermediates\res\default\ark_module.json cache by regenerate.
[2026-09-01T14:34:48.393] [DEBUG] debug-file - Update task entry:default@BuildJS input file:D:\Walkie\HarmonyOS\entry\build\default\intermediates\res\default\resources\base\profile cache by regenerate.
[2026-09-01T14:34:48.394] [DEBUG] debug-file - Update task entry:default@BuildJS input file:D:\Walkie\HarmonyOS\entry\build\default\intermediates\loader\default\pkgContextInfo.json cache by regenerate.
[2026-09-01T14:34:48.395] [DEBUG] debug-file - Update task entry:default@BuildJS output file:D:\Walkie\HarmonyOS\entry\build\default\intermediates\loader_out\default\js cache.
[2026-09-01T14:34:48.395] [DEBUG] debug-file - Incremental task entry:default@BuildJS post-execution cost:5 ms .
[2026-09-01T14:34:48.395] [DEBUG] debug-file - There is no need to refresh cache, since the incremental task entry:default@ProcessLibs is up-to-date.
[2026-09-01T14:34:48.395] [DEBUG] debug-file - There is no need to refresh cache, since the incremental task entry:default@DoNativeStrip is up-to-date.
[2026-09-01T14:34:48.395] [DEBUG] debug-file - There is no need to refresh cache, since the incremental task entry:default@CacheNativeLibs is up-to-date.
[2026-09-01T14:34:48.395] [DEBUG] debug-file - There is no need to refresh cache, since the incremental task entry:default@GeneratePkgModuleJson is up-to-date.
[2026-09-01T14:34:48.395] [DEBUG] debug-file - Incremental task entry:default@ProcessCompiledResources post-execution cost:1 ms .
[2026-09-01T14:34:48.396] [DEBUG] debug-file - Update task entry:default@PackageHap input file:D:\Walkie\HarmonyOS\entry\build\default\outputs\default\pack.info cache by regenerate.
[2026-09-01T14:34:48.397] [DEBUG] debug-file - Update task entry:default@PackageHap input file:D:\Walkie\HarmonyOS\entry\build\default\intermediates\stripped_native_libs\default cache by regenerate.
[2026-09-01T14:34:48.398] [DEBUG] debug-file - Update task entry:default@PackageHap input file:D:\Walkie\HarmonyOS\entry\build\default\intermediates\res\default\module.json cache by regenerate.
[2026-09-01T14:34:48.398] [DEBUG] debug-file - Update task entry:default@PackageHap input file:D:\Walkie\HarmonyOS\entry\build\default\intermediates\res\default\resources cache by regenerate.
[2026-09-01T14:34:48.401] [DEBUG] debug-file - Update task entry:default@PackageHap input file:D:\Walkie\HarmonyOS\entry\build\default\intermediates\res\default\resources.index cache by regenerate.
[2026-09-01T14:34:48.402] [DEBUG] debug-file - Update task entry:default@PackageHap input file:D:\Walkie\HarmonyOS\entry\build\default\intermediates\loader_out\default\ets cache from map.
[2026-09-01T14:34:48.402] [DEBUG] debug-file - Update task entry:default@PackageHap input file:D:\Walkie\HarmonyOS\entry\build\default\intermediates\loader\default\pkgContextInfo.json cache by regenerate.
[2026-09-01T14:34:48.402] [DEBUG] debug-file - Update task entry:default@PackageHap input file:D:\Walkie\HarmonyOS\entry\build\default\intermediates\package\default\module.json cache by regenerate.
[2026-09-01T14:34:48.402] [DEBUG] debug-file - Update task entry:default@PackageHap input file:D:\Walkie\HarmonyOS\entry\build\default\intermediates\loader_out\default\ets\sourceMaps.map cache by regenerate.
[2026-09-01T14:34:48.403] [DEBUG] debug-file - Update task entry:default@PackageHap input file:D:\Walkie\HarmonyOS\entry\build\default\generated\profile\default\BuildProfile.ets cache by regenerate.
[2026-09-01T14:34:48.403] [DEBUG] debug-file - Update task entry:default@PackageHap output file:D:\Walkie\HarmonyOS\entry\build\default\outputs\default\entry-default-unsigned.hap cache.
[2026-09-01T14:34:48.403] [DEBUG] debug-file - Update task entry:default@PackageHap output file:D:\Walkie\HarmonyOS\entry\build\default\intermediates\source_map\default\sourceMaps.map cache.
[2026-09-01T14:34:48.403] [DEBUG] debug-file - Update task entry:default@PackageHap output file:D:\Walkie\HarmonyOS\entry\build\default\outputs\default\mapping\sourceMaps.map cache.
[2026-09-01T14:34:48.404] [DEBUG] debug-file - Incremental task entry:default@PackageHap post-execution cost:9 ms .
[2026-09-01T14:34:48.404] [DEBUG] debug-file - Update task entry:default@SignHap input file:C:\Users\tb\.ohos\config\default_HarmonyOS_cqBYNafk3_phZ9F6rEdI_k71hUI1bFwG99ZIiTHW4hk=.cer cache by regenerate.
[2026-09-01T14:34:48.404] [DEBUG] debug-file - Update task entry:default@SignHap input file:C:\Users\tb\.ohos\config\default_HarmonyOS_cqBYNafk3_phZ9F6rEdI_k71hUI1bFwG99ZIiTHW4hk=.p7b cache by regenerate.
[2026-09-01T14:34:48.405] [DEBUG] debug-file - Update task entry:default@SignHap input file:C:\Users\tb\.ohos\config\default_HarmonyOS_cqBYNafk3_phZ9F6rEdI_k71hUI1bFwG99ZIiTHW4hk=.p12 cache by regenerate.
[2026-09-01T14:34:48.405] [DEBUG] debug-file - Update task entry:default@SignHap input file:D:\Walkie\HarmonyOS\entry\build\default\outputs\default\entry-default-unsigned.hap cache from map.
[2026-09-01T14:34:48.405] [DEBUG] debug-file - Update task entry:default@SignHap output file:D:\Walkie\HarmonyOS\entry\build\default\outputs\default\entry-default-signed.hap cache.
[2026-09-01T14:34:48.405] [DEBUG] debug-file - Incremental task entry:default@SignHap post-execution cost:2 ms .
[2026-09-01T14:34:48.405] [DEBUG] debug-file - Update task entry:default@CollectDebugSymbol input file:D:\Walkie\HarmonyOS\entry\build\default\intermediates\loader_out\default\ets\sourceMaps.map cache by regenerate.
[2026-09-01T14:34:48.406] [DEBUG] debug-file - Update task entry:default@CollectDebugSymbol input file:D:\Walkie\HarmonyOS\entry\build\default\intermediates\libs\default cache by regenerate.
[2026-09-01T14:34:48.407] [DEBUG] debug-file - Update task entry:default@CollectDebugSymbol output file:D:\Walkie\HarmonyOS\entry\build\default\outputs\default\symbol cache.
[2026-09-01T14:34:48.407] [DEBUG] debug-file - Incremental task entry:default@CollectDebugSymbol post-execution cost:3 ms .
[2026-09-01T14:34:48.418] [DEBUG] debug-file - hvigor build process will be closed.
[2026-09-01T14:34:48.419] [DEBUG] debug-file - java daemon socket close code:1000 reason:close by user
[2026-09-01T14:34:48.458] [DEBUG] debug-file - session manager: send message to worker process. WorkerThreadId: 0, data: {"type":"hvigor_failed","reason":"Server has disconnected."}
[2026-09-01T14:34:48.459] [DEBUG] debug-file - session manager: send message to worker process. WorkerThreadId: 0, data: {"type":"CloseWatch","reason":"Server has disconnected."}
[2026-09-01T14:34:48.459] [DEBUG] debug-file - watch worker: worker id should be larger than 0. Nothing will be sent to any worker thread.
[2026-09-01T14:34:48.459] [DEBUG] debug-file - ABORT_WORK sent to workers.
[2026-09-01T14:34:48.460] [DEBUG] debug-file - watch worker: worker id should be larger than 0. Nothing will be sent to any worker thread.
[2026-09-01T14:42:07.076] [DEBUG] debug-file - session manager: set active socket. socketId=6G-Pl7lzV6KdIY0fAAFn
[2026-09-01T14:42:07.096] [DEBUG] debug-file - watch worker: worker id should be larger than 0. Nothing will be sent to any worker thread.
[2026-09-01T14:42:07.101] [DEBUG] debug-file - Workers' log level updated to INFO
[2026-09-01T14:42:07.104] [DEBUG] debug-file - Hvigor init with startParameters:{
  hvigorfileTypeCheck: false,
  parallelExecution: true,
  incrementalExecution: true,
  printStackTrace: false,
  daemon: true,
  analyze: 0,
  logLevel: Level { level: 20000, levelStr: 'INFO', colour: 'green' },
  optimizationStrategy: 'memory',
  hotCompile: undefined,
  hotReloadBuild: undefined,
  customizedParam: undefined
}
[2026-09-01T14:42:07.108] [DEBUG] debug-file - Cache service initialization finished in 5 ms 
[2026-09-01T14:42:07.109] [DEBUG] debug-file - hvigorfile, resolving D:\Walkie\HarmonyOS\hvigorfile.ts
[2026-09-01T14:42:07.113] [DEBUG] debug-file - hvigorfile, require result:  { default: { plugins: [] } }
[2026-09-01T14:42:07.113] [DEBUG] debug-file - hvigorfile, binding system plugins null
[2026-09-01T14:42:07.113] [DEBUG] debug-file - Starting plugin build process
[2026-09-01T14:42:07.113] [DEBUG] debug-file - App plugin prepare start...
[2026-09-01T14:42:07.113] [DEBUG] debug-file - App plugin prepare end...
[2026-09-01T14:42:07.113] [DEBUG] debug-file - App plugin creating...
[2026-09-01T14:42:07.117] [DEBUG] debug-file - App plugin register hook start...
[2026-09-01T14:42:07.117] [DEBUG] debug-file - App plugin register hook end...
[2026-09-01T14:42:07.117] [DEBUG] debug-file - Plugin build process completed
[2026-09-01T14:42:07.117] [DEBUG] debug-file - Start initialize project's product build option map with build mode debug.
[2026-09-01T14:42:07.117] [DEBUG] debug-file - Picking option from product 'default' with build mode 'debug'.
[2026-09-01T14:42:07.117] [DEBUG] debug-file - Product 'default' build option initialized
[2026-09-01T14:42:07.117] [DEBUG] debug-file - End initialize project's product build option map with build mode 'debug'.
[2026-09-01T14:42:07.118] [DEBUG] debug-file - Obtain build option for product 'default'in this build.
[2026-09-01T14:42:07.118] [DEBUG] debug-file - D:\Walkie\HarmonyOS\build\cache\default\remote_hsp\remoteHspCache.json not exists.
[2026-09-01T14:42:07.120] [DEBUG] debug-file - Start recording SDK configuration permission data.
[2026-09-01T14:42:07.152] [DEBUG] debug-file - Sdk init in 34 ms 
[2026-09-01T14:42:07.154] [DEBUG] debug-file - Project task initialization takes 2 ms 
[2026-09-01T14:42:07.155] [DEBUG] debug-file - hvigorfile, begin to bind custom plugins...
[2026-09-01T14:42:07.155] [DEBUG] debug-file - hvigorfile, no custom plugins were found in D:\Walkie\HarmonyOS\hvigorfile.ts
[2026-09-01T14:42:07.155] [DEBUG] debug-file - hvigorfile, resolve finished D:\Walkie\HarmonyOS\hvigorfile.ts
[2026-09-01T14:42:07.155] [DEBUG] debug-file - hvigorfile, resolving D:\Walkie\HarmonyOS\entry\hvigorfile.ts
[2026-09-01T14:42:07.157] [DEBUG] debug-file - hvigorfile, require result:  { default: { plugins: [] } }
[2026-09-01T14:42:07.157] [DEBUG] debug-file - hvigorfile, binding system plugins null
[2026-09-01T14:42:07.158] [DEBUG] debug-file - Starting plugin build process
[2026-09-01T14:42:07.158] [DEBUG] debug-file - Hap plugin creating...
[2026-09-01T14:42:07.159] [DEBUG] debug-file - failed to load cangjie to dynamically generate schemas: Error: Cannot find module '@ohos/cangjie-build-support/index'
Require stack:
- G:\DevEco Studio\tools\hvigor\hvigor-ohos-plugin\src\plugin\hooks\cangjie-register.js
- G:\DevEco Studio\tools\hvigor\hvigor-ohos-plugin\src\plugin\strategy\stage-init-strategy.js
- G:\DevEco Studio\tools\hvigor\hvigor-ohos-plugin\src\plugin\builder\abstract-plugin-builder.js
- G:\DevEco Studio\tools\hvigor\hvigor-ohos-plugin\src\plugin\builder\app-plugin-builder.js
- G:\DevEco Studio\tools\hvigor\hvigor-ohos-plugin\src\plugin\factory\plugin-factory.js
- G:\DevEco Studio\tools\hvigor\hvigor-ohos-plugin\index.js
- D:\Walkie\HarmonyOS\hvigorfile.ts
- G:\DevEco Studio\tools\hvigor\hvigor\src\base\internal\lifecycle\configuration.js
- G:\DevEco Studio\tools\hvigor\hvigor\src\base\boot\index.js
- G:\DevEco Studio\tools\hvigor\hvigor\src\base\daemon\cluster\worker-process-lifecycle.js
- G:\DevEco Studio\tools\hvigor\hvigor\src\base\daemon\process\daemon-process-boot-script.js
[2026-09-01T14:42:07.161] [DEBUG] debug-file - Start initialize module-target build option map, moduleName=entry, buildMode=debug
[2026-09-01T14:42:07.161] [DEBUG] debug-file - Target 'default' config initialized
[2026-09-01T14:42:07.161] [DEBUG] debug-file - Module 'entry' target 'default' build option initialized
[2026-09-01T14:42:07.161] [DEBUG] debug-file - End initialize module-target build option map, moduleName=entry
[2026-09-01T14:42:07.161] [DEBUG] debug-file - Start initialize module-target build option map, moduleName=entry, buildMode=release
[2026-09-01T14:42:07.161] [DEBUG] debug-file - Target 'default' config initialized
[2026-09-01T14:42:07.161] [DEBUG] debug-file - Module 'entry' target 'default' build option initialized
[2026-09-01T14:42:07.161] [DEBUG] debug-file - End initialize module-target build option map, moduleName=entry
[2026-09-01T14:42:07.162] [DEBUG] debug-file - Start initialize module-target build option map, moduleName=entry, buildMode=debug
[2026-09-01T14:42:07.162] [DEBUG] debug-file - Target 'default' config initialized
[2026-09-01T14:42:07.162] [DEBUG] debug-file - Module 'entry' target 'default' build option initialized
[2026-09-01T14:42:07.162] [DEBUG] debug-file - End initialize module-target build option map, moduleName=entry
[2026-09-01T14:42:07.162] [DEBUG] debug-file - Obtain build option for module 'entry' target 'default'in this build.
[2026-09-01T14:42:07.163] [DEBUG] debug-file - Module entry task initialization takes 2 ms 
[2026-09-01T14:42:07.163] [DEBUG] debug-file - Hap plugin register hook start...
[2026-09-01T14:42:07.163] [DEBUG] debug-file - Hap plugin register hook end...
[2026-09-01T14:42:07.163] [DEBUG] debug-file - Plugin build process completed
[2026-09-01T14:42:07.164] [DEBUG] debug-file - hvigorfile, begin to bind custom plugins...
[2026-09-01T14:42:07.164] [DEBUG] debug-file - hvigorfile, no custom plugins were found in D:\Walkie\HarmonyOS\entry\hvigorfile.ts
[2026-09-01T14:42:07.164] [DEBUG] debug-file - hvigorfile, resolve finished D:\Walkie\HarmonyOS\entry\hvigorfile.ts
[2026-09-01T14:42:07.227] [DEBUG] debug-file - hvigorfile, resolve hvigorfile dependencies in 63 ms 
[2026-09-01T14:42:07.227] [DEBUG] debug-file - project has submodules:entry
[2026-09-01T14:42:07.228] [DEBUG] debug-file - start to load updatedOhPackageInfo to the disk
[2026-09-01T14:42:07.230] [DEBUG] debug-file - load to the disk finished
[2026-09-01T14:42:07.231] [DEBUG] debug-file - Start to initialize dependency information.
[2026-09-01T14:42:07.237] [DEBUG] debug-file - Module HarmonyOS Collected Dependency: 
[2026-09-01T14:42:07.237] [DEBUG] debug-file - Module HarmonyOS's total dependency: 0
[2026-09-01T14:42:07.237] [DEBUG] debug-file - Start to initialize dependency information.
[2026-09-01T14:42:07.242] [DEBUG] debug-file - Module entry Collected Dependency: D:\Walkie\HarmonyOS\entry\src\main\cpp\types\libwalkieopus
[2026-09-01T14:42:07.242] [DEBUG] debug-file - Module entry's total dependency: 1
[2026-09-01T14:42:07.243] [DEBUG] debug-file - Configuration phase cost:135 ms 
[2026-09-01T14:42:07.244] [DEBUG] debug-file - Configuration task cost before running: 143 ms 
[2026-09-01T14:42:07.244] [DEBUG] debug-file - Executing task :entry:init
[2026-09-01T14:42:07.244] [DEBUG] debug-file - entry : init cost memory 0.01381683349609375
[2026-09-01T14:42:07.244] [DEBUG] debug-file - runTaskFromQueue task cost before running: 143 ms 
[2026-09-01T14:42:07.244] [INFO] debug-file - Finished :entry:init... after 1 ms 
[2026-09-01T14:42:07.245] [DEBUG] debug-file - Executing task ::init
[2026-09-01T14:42:07.245] [DEBUG] debug-file - HarmonyOS : init cost memory 0.01198577880859375
[2026-09-01T14:42:07.245] [DEBUG] debug-file - runTaskFromQueue task cost before running: 144 ms 
[2026-09-01T14:42:07.245] [INFO] debug-file - Finished ::init... after 1 ms 
[2026-09-01T14:42:07.246] [DEBUG] debug-file - Obtain build option for module 'entry' target 'default'in this build.
[2026-09-01T14:42:07.248] [DEBUG] debug-file - hvigor build process will be closed.
[2026-09-01T14:42:07.305] [DEBUG] debug-file - session manager: send message to worker process. WorkerThreadId: 0, data: {"type":"hvigor_failed","reason":"Server has disconnected."}
[2026-09-01T14:42:07.306] [DEBUG] debug-file - session manager: send message to worker process. WorkerThreadId: 0, data: {"type":"CloseWatch","reason":"Server has disconnected."}
[2026-09-01T14:42:07.306] [DEBUG] debug-file - watch worker: worker id should be larger than 0. Nothing will be sent to any worker thread.
[2026-09-01T14:42:07.307] [DEBUG] debug-file - ABORT_WORK sent to workers.
[2026-09-01T14:42:07.310] [DEBUG] debug-file - watch worker: worker id should be larger than 0. Nothing will be sent to any worker thread.
[2026-09-01T14:42:07.641] [DEBUG] debug-file - session manager: set active socket. socketId=aRB67tNWhT69KgyVAAFp
[2026-09-01T14:42:07.651] [DEBUG] debug-file - watch worker: worker id should be larger than 0. Nothing will be sent to any worker thread.
[2026-09-01T14:42:07.656] [DEBUG] debug-file - Workers' log level updated to INFO
[2026-09-01T14:42:07.658] [DEBUG] debug-file - Hvigor init with startParameters:{
  hvigorfileTypeCheck: false,
  parallelExecution: true,
  incrementalExecution: true,
  printStackTrace: false,
  daemon: true,
  analyze: 0,
  logLevel: Level { level: 20000, levelStr: 'INFO', colour: 'green' },
  optimizationStrategy: 'memory',
  hotCompile: undefined,
  hotReloadBuild: undefined,
  customizedParam: undefined
}
[2026-09-01T14:42:07.662] [DEBUG] debug-file - Cache service initialization finished in 4 ms 
[2026-09-01T14:42:07.662] [DEBUG] debug-file - hvigorfile, resolving D:\Walkie\HarmonyOS\hvigorfile.ts
[2026-09-01T14:42:07.664] [DEBUG] debug-file - hvigorfile, require result:  { default: { plugins: [] } }
[2026-09-01T14:42:07.664] [DEBUG] debug-file - hvigorfile, binding system plugins null
[2026-09-01T14:42:07.664] [DEBUG] debug-file - Starting plugin build process
[2026-09-01T14:42:07.664] [DEBUG] debug-file - App plugin prepare start...
[2026-09-01T14:42:07.664] [DEBUG] debug-file - App plugin prepare end...
[2026-09-01T14:42:07.664] [DEBUG] debug-file - App plugin creating...
[2026-09-01T14:42:07.668] [DEBUG] debug-file - App plugin register hook start...
[2026-09-01T14:42:07.668] [DEBUG] debug-file - App plugin register hook end...
[2026-09-01T14:42:07.668] [DEBUG] debug-file - Plugin build process completed
[2026-09-01T14:42:07.669] [DEBUG] debug-file - Start initialize project's product build option map with build mode debug.
[2026-09-01T14:42:07.669] [DEBUG] debug-file - Picking option from product 'default' with build mode 'debug'.
[2026-09-01T14:42:07.669] [DEBUG] debug-file - Product 'default' build option initialized
[2026-09-01T14:42:07.669] [DEBUG] debug-file - End initialize project's product build option map with build mode 'debug'.
[2026-09-01T14:42:07.669] [DEBUG] debug-file - Obtain build option for product 'default'in this build.
[2026-09-01T14:42:07.670] [DEBUG] debug-file - D:\Walkie\HarmonyOS\build\cache\default\remote_hsp\remoteHspCache.json not exists.
[2026-09-01T14:42:07.671] [DEBUG] debug-file - Start recording SDK configuration permission data.
[2026-09-01T14:42:07.701] [DEBUG] debug-file - Sdk init in 31 ms 
[2026-09-01T14:42:07.703] [DEBUG] debug-file - Project task initialization takes 2 ms 
[2026-09-01T14:42:07.703] [DEBUG] debug-file - hvigorfile, begin to bind custom plugins...
[2026-09-01T14:42:07.703] [DEBUG] debug-file - hvigorfile, no custom plugins were found in D:\Walkie\HarmonyOS\hvigorfile.ts
[2026-09-01T14:42:07.703] [DEBUG] debug-file - hvigorfile, resolve finished D:\Walkie\HarmonyOS\hvigorfile.ts
[2026-09-01T14:42:07.703] [DEBUG] debug-file - hvigorfile, resolving D:\Walkie\HarmonyOS\entry\hvigorfile.ts
[2026-09-01T14:42:07.706] [DEBUG] debug-file - hvigorfile, require result:  { default: { plugins: [] } }
[2026-09-01T14:42:07.706] [DEBUG] debug-file - hvigorfile, binding system plugins null
[2026-09-01T14:42:07.706] [DEBUG] debug-file - Starting plugin build process
[2026-09-01T14:42:07.707] [DEBUG] debug-file - Hap plugin creating...
[2026-09-01T14:42:07.707] [DEBUG] debug-file - failed to load cangjie to dynamically generate schemas: Error: Cannot find module '@ohos/cangjie-build-support/index'
Require stack:
- G:\DevEco Studio\tools\hvigor\hvigor-ohos-plugin\src\plugin\hooks\cangjie-register.js
- G:\DevEco Studio\tools\hvigor\hvigor-ohos-plugin\src\plugin\strategy\stage-init-strategy.js
- G:\DevEco Studio\tools\hvigor\hvigor-ohos-plugin\src\plugin\builder\abstract-plugin-builder.js
- G:\DevEco Studio\tools\hvigor\hvigor-ohos-plugin\src\plugin\builder\app-plugin-builder.js
- G:\DevEco Studio\tools\hvigor\hvigor-ohos-plugin\src\plugin\factory\plugin-factory.js
- G:\DevEco Studio\tools\hvigor\hvigor-ohos-plugin\index.js
- D:\Walkie\HarmonyOS\hvigorfile.ts
- G:\DevEco Studio\tools\hvigor\hvigor\src\base\internal\lifecycle\configuration.js
- G:\DevEco Studio\tools\hvigor\hvigor\src\base\boot\index.js
- G:\DevEco Studio\tools\hvigor\hvigor\src\base\daemon\cluster\worker-process-lifecycle.js
- G:\DevEco Studio\tools\hvigor\hvigor\src\base\daemon\process\daemon-process-boot-script.js
[2026-09-01T14:42:07.709] [DEBUG] debug-file - Start initialize module-target build option map, moduleName=entry, buildMode=debug
[2026-09-01T14:42:07.709] [DEBUG] debug-file - Target 'default' config initialized
[2026-09-01T14:42:07.709] [DEBUG] debug-file - Module 'entry' target 'default' build option initialized
[2026-09-01T14:42:07.709] [DEBUG] debug-file - End initialize module-target build option map, moduleName=entry
[2026-09-01T14:42:07.709] [DEBUG] debug-file - Start initialize module-target build option map, moduleName=entry, buildMode=release
[2026-09-01T14:42:07.709] [DEBUG] debug-file - Target 'default' config initialized
[2026-09-01T14:42:07.709] [DEBUG] debug-file - Module 'entry' target 'default' build option initialized
[2026-09-01T14:42:07.709] [DEBUG] debug-file - End initialize module-target build option map, moduleName=entry
[2026-09-01T14:42:07.709] [DEBUG] debug-file - Start initialize module-target build option map, moduleName=entry, buildMode=debug
[2026-09-01T14:42:07.710] [DEBUG] debug-file - Target 'default' config initialized
[2026-09-01T14:42:07.710] [DEBUG] debug-file - Module 'entry' target 'default' build option initialized
[2026-09-01T14:42:07.710] [DEBUG] debug-file - End initialize module-target build option map, moduleName=entry
[2026-09-01T14:42:07.710] [DEBUG] debug-file - Obtain build option for module 'entry' target 'default'in this build.
[2026-09-01T14:42:07.711] [DEBUG] debug-file - Module entry task initialization takes 1 ms 
[2026-09-01T14:42:07.711] [DEBUG] debug-file - Hap plugin register hook start...
[2026-09-01T14:42:07.711] [DEBUG] debug-file - Hap plugin register hook end...
[2026-09-01T14:42:07.711] [DEBUG] debug-file - Plugin build process completed
[2026-09-01T14:42:07.711] [DEBUG] debug-file - hvigorfile, begin to bind custom plugins...
[2026-09-01T14:42:07.711] [DEBUG] debug-file - hvigorfile, no custom plugins were found in D:\Walkie\HarmonyOS\entry\hvigorfile.ts
[2026-09-01T14:42:07.711] [DEBUG] debug-file - hvigorfile, resolve finished D:\Walkie\HarmonyOS\entry\hvigorfile.ts
[2026-09-01T14:42:07.811] [DEBUG] debug-file - hvigorfile, resolve hvigorfile dependencies in 100 ms 
[2026-09-01T14:42:07.811] [DEBUG] debug-file - project has submodules:entry
[2026-09-01T14:42:07.813] [DEBUG] debug-file - start to load updatedOhPackageInfo to the disk
[2026-09-01T14:42:07.815] [DEBUG] debug-file - load to the disk finished
[2026-09-01T14:42:07.818] [DEBUG] debug-file - Start to initialize dependency information.
[2026-09-01T14:42:07.825] [DEBUG] debug-file - Module HarmonyOS Collected Dependency: 
[2026-09-01T14:42:07.825] [DEBUG] debug-file - Module HarmonyOS's total dependency: 0
[2026-09-01T14:42:07.825] [DEBUG] debug-file - Start to initialize dependency information.
[2026-09-01T14:42:07.830] [DEBUG] debug-file - Module entry Collected Dependency: D:\Walkie\HarmonyOS\entry\src\main\cpp\types\libwalkieopus
[2026-09-01T14:42:07.831] [DEBUG] debug-file - Module entry's total dependency: 1
[2026-09-01T14:42:07.832] [DEBUG] debug-file - Configuration phase cost:171 ms 
[2026-09-01T14:42:07.834] [DEBUG] debug-file - Configuration task cost before running: 178 ms 
[2026-09-01T14:42:07.841] [DEBUG] debug-file - Executing task :entry:default@PreBuild
[2026-09-01T14:42:07.844] [DEBUG] debug-file - Task 'entry:default@PreBuild' cost while wrapping incremental declarations: 1 ms 
[2026-09-01T14:42:07.854] [DEBUG] debug-file - entry:default@PreBuild is not up-to-date, since the task snapshots are different.
[2026-09-01T14:42:07.854] [DEBUG] debug-file - Incremental task entry:default@PreBuild pre-execution cost: 8 ms .
[2026-09-01T14:42:07.862] [DEBUG] debug-file - current product is not Atomic service.
[2026-09-01T14:42:07.863] [DEBUG] debug-file - Use tool [win32: JAVA_HOME, CLASSPATH]
 [ { JAVA_HOME: 'G:\\DevEco Studio\\jbr' }, { CLASSPATH: undefined } ]
[2026-09-01T14:42:07.863] [DEBUG] debug-file - Use tool [win32: NODE_HOME]
 [ { NODE_HOME: 'G:\\DevEco Studio\\tools\\node' } ]
[2026-09-01T14:42:07.863] [DEBUG] debug-file - entry : default@PreBuild cost memory 0.891204833984375
[2026-09-01T14:42:07.863] [DEBUG] debug-file - runTaskFromQueue task cost before running: 207 ms 
[2026-09-01T14:42:07.866] [INFO] debug-file - Finished :entry:default@PreBuild... after 22 ms 
[2026-09-01T14:42:07.867] [DEBUG] debug-file - Executing task :entry:default@ConfigureCmake
[2026-09-01T14:42:07.869] [DEBUG] debug-file - entry : default@ConfigureCmake cost memory 0.02437591552734375
[2026-09-01T14:42:07.869] [DEBUG] debug-file - runTaskFromQueue task cost before running: 213 ms 
[2026-09-01T14:42:07.870] [INFO] debug-file - Finished :entry:default@ConfigureCmake... after 2 ms 
[2026-09-01T14:42:07.871] [DEBUG] debug-file - Executing task :entry:default@BuildNativeWithCmake
[2026-09-01T14:42:07.872] [DEBUG] debug-file - Use tool [Cmake]
 [
  'G:\\DevEco Studio\\sdk\\default\\openharmony\\native\\build-tools\\cmake\\bin\\cmake.exe',
  '-HD:\\Walkie\\HarmonyOS\\entry\\src\\main\\cpp',
  '-BD:\\Walkie\\HarmonyOS\\entry\\.cxx\\default\\default\\debug\\arm64-v8a',
  '-DOHOS_ARCH=arm64-v8a',
  '-DCMAKE_LIBRARY_OUTPUT_DIRECTORY=D:\\Walkie\\HarmonyOS\\entry\\build\\default\\intermediates\\cmake\\default\\obj\\arm64-v8a',
  '-DCMAKE_BUILD_TYPE=Debug',
  '-DOHOS_SDK_NATIVE=G:\\DevEco Studio\\sdk\\default\\openharmony\\native',
  '-DCMAKE_SYSTEM_NAME=OHOS',
  '-DCMAKE_OHOS_ARCH_ABI=arm64-v8a',
  '-DCMAKE_EXPORT_COMPILE_COMMANDS=ON',
  '-DCMAKE_TOOLCHAIN_FILE=G:\\DevEco Studio\\sdk\\default\\hms\\native\\build\\cmake\\hmos.toolchain.cmake',
  '-GNinja',
  '-DCMAKE_MAKE_PROGRAM=G:\\DevEco Studio\\sdk\\default\\openharmony\\native\\build-tools\\cmake\\bin\\ninja.exe',
  '-DCMAKE_FIND_ROOT_PATH=D:\\Walkie\\HarmonyOS\\entry\\.cxx\\default\\default\\debug\\hvigor\\arm64-v8a',
  '-DPACKAGE_FIND_FILE=D:\\Walkie\\HarmonyOS\\entry\\.cxx\\default\\default\\debug\\hvigor\\arm64-v8a\\summary.cmake',
  '--no-warn-unused-cli',
  '-DHMOS_SDK_NATIVE=G:\\DevEco Studio\\sdk\\default\\hms\\native'
]
[2026-09-01T14:42:07.886] [DEBUG] debug-file - CMake configuration was up-to-date
[2026-09-01T14:42:07.912] [DEBUG] debug-file - entry : default@BuildNativeWithCmake cost memory 0.17565155029296875
[2026-09-01T14:42:07.913] [DEBUG] debug-file - runTaskFromQueue task cost before running: 257 ms 
[2026-09-01T14:42:07.913] [INFO] debug-file - Finished :entry:default@BuildNativeWithCmake... after 42 ms 
[2026-09-01T14:42:07.913] [DEBUG] debug-file - Executing task :entry:compileNative
[2026-09-01T14:42:07.913] [DEBUG] debug-file - entry : compileNative cost memory 0.011566162109375
[2026-09-01T14:42:07.913] [DEBUG] debug-file - runTaskFromQueue task cost before running: 258 ms 
[2026-09-01T14:42:07.913] [INFO] debug-file - Finished :entry:compileNative... after 1 ms 
[2026-09-01T14:42:07.913] [INFO] debug-file - BUILD SUCCESSFUL in 258 ms 
[2026-09-01T14:42:07.915] [DEBUG] debug-file - Update task entry:default@PreBuild input file:D:\Walkie\HarmonyOS\AppScope\app.json5 cache by regenerate.
[2026-09-01T14:42:07.915] [DEBUG] debug-file - Update task entry:default@PreBuild input file:D:\Walkie\HarmonyOS\entry\src\main\module.json5 cache by regenerate.
[2026-09-01T14:42:07.916] [DEBUG] debug-file - Update task entry:default@PreBuild input file:D:\Walkie\HarmonyOS\build-profile.json5 cache by regenerate.
[2026-09-01T14:42:07.916] [DEBUG] debug-file - Update task entry:default@PreBuild input file:D:\Walkie\HarmonyOS\entry\build-profile.json5 cache by regenerate.
[2026-09-01T14:42:07.916] [DEBUG] debug-file - Update task entry:default@PreBuild input file:D:\Walkie\HarmonyOS\entry\src\main\resources\base\profile\main_pages.json cache by regenerate.
[2026-09-01T14:42:07.917] [DEBUG] debug-file - Update task entry:default@PreBuild input file:D:\Walkie\HarmonyOS\hvigor\hvigor-config.json5 cache by regenerate.
[2026-09-01T14:42:07.917] [DEBUG] debug-file - Update task entry:default@PreBuild input file:D:\Walkie\HarmonyOS\entry\src\mock\mock-config.json5 cache by regenerate.
[2026-09-01T14:42:07.917] [DEBUG] debug-file - Update task entry:default@PreBuild input file:D:\Walkie\HarmonyOS\entry\oh-package.json5 cache by regenerate.
[2026-09-01T14:42:07.918] [DEBUG] debug-file - Update task entry:default@PreBuild input file:D:\Walkie\HarmonyOS\oh-package.json5 cache by regenerate.
[2026-09-01T14:42:07.920] [DEBUG] debug-file - Incremental task entry:default@PreBuild post-execution cost:6 ms .
[2026-09-01T14:42:07.971] [DEBUG] debug-file - hvigor build process will be closed.
[2026-09-01T14:42:08.033] [DEBUG] debug-file - session manager: send message to worker process. WorkerThreadId: 0, data: {"type":"hvigor_failed","reason":"Server has disconnected."}
[2026-09-01T14:42:08.034] [DEBUG] debug-file - session manager: send message to worker process. WorkerThreadId: 0, data: {"type":"CloseWatch","reason":"Server has disconnected."}
[2026-09-01T14:42:08.034] [DEBUG] debug-file - watch worker: worker id should be larger than 0. Nothing will be sent to any worker thread.
[2026-09-01T14:42:08.034] [DEBUG] debug-file - ABORT_WORK sent to workers.
[2026-09-01T14:42:08.034] [DEBUG] debug-file - watch worker: worker id should be larger than 0. Nothing will be sent to any worker thread.
[2026-09-01T14:42:10.888] [DEBUG] debug-file - session manager: set active socket. socketId=CdtUw0b-rL3lCNNwAAFr
[2026-09-01T14:42:10.901] [DEBUG] debug-file - watch worker: worker id should be larger than 0. Nothing will be sent to any worker thread.
[2026-09-01T14:42:10.905] [DEBUG] debug-file - Workers' log level updated to INFO
[2026-09-01T14:42:10.908] [DEBUG] debug-file - Hvigor init with startParameters:{
  hvigorfileTypeCheck: false,
  parallelExecution: true,
  incrementalExecution: true,
  printStackTrace: false,
  daemon: true,
  analyze: 0,
  logLevel: Level { level: 20000, levelStr: 'INFO', colour: 'green' },
  optimizationStrategy: 'memory',
  hotCompile: undefined,
  hotReloadBuild: undefined,
  customizedParam: undefined
}
[2026-09-01T14:42:10.912] [DEBUG] debug-file - Cache service initialization finished in 4 ms 
[2026-09-01T14:42:10.912] [DEBUG] debug-file - hvigorfile, resolving D:\Walkie\HarmonyOS\hvigorfile.ts
[2026-09-01T14:42:10.914] [DEBUG] debug-file - hvigorfile, require result:  { default: { plugins: [] } }
[2026-09-01T14:42:10.915] [DEBUG] debug-file - hvigorfile, binding system plugins null
[2026-09-01T14:42:10.915] [DEBUG] debug-file - Starting plugin build process
[2026-09-01T14:42:10.915] [DEBUG] debug-file - App plugin prepare start...
[2026-09-01T14:42:10.915] [DEBUG] debug-file - App plugin prepare end...
[2026-09-01T14:42:10.915] [DEBUG] debug-file - App plugin creating...
[2026-09-01T14:42:10.919] [DEBUG] debug-file - App plugin register hook start...
[2026-09-01T14:42:10.919] [DEBUG] debug-file - App plugin register hook end...
[2026-09-01T14:42:10.919] [DEBUG] debug-file - Plugin build process completed
[2026-09-01T14:42:10.919] [DEBUG] debug-file - Start initialize project's product build option map with build mode debug.
[2026-09-01T14:42:10.919] [DEBUG] debug-file - Picking option from product 'default' with build mode 'debug'.
[2026-09-01T14:42:10.919] [DEBUG] debug-file - Product 'default' build option initialized
[2026-09-01T14:42:10.919] [DEBUG] debug-file - End initialize project's product build option map with build mode 'debug'.
[2026-09-01T14:42:10.919] [DEBUG] debug-file - Obtain build option for product 'default'in this build.
[2026-09-01T14:42:10.920] [DEBUG] debug-file - D:\Walkie\HarmonyOS\build\cache\default\remote_hsp\remoteHspCache.json not exists.
[2026-09-01T14:42:10.922] [DEBUG] debug-file - Start recording SDK configuration permission data.
[2026-09-01T14:42:10.953] [DEBUG] debug-file - Sdk init in 32 ms 
[2026-09-01T14:42:10.955] [DEBUG] debug-file - Project task initialization takes 2 ms 
[2026-09-01T14:42:10.955] [DEBUG] debug-file - hvigorfile, begin to bind custom plugins...
[2026-09-01T14:42:10.955] [DEBUG] debug-file - hvigorfile, no custom plugins were found in D:\Walkie\HarmonyOS\hvigorfile.ts
[2026-09-01T14:42:10.955] [DEBUG] debug-file - hvigorfile, resolve finished D:\Walkie\HarmonyOS\hvigorfile.ts
[2026-09-01T14:42:10.956] [DEBUG] debug-file - hvigorfile, resolving D:\Walkie\HarmonyOS\entry\hvigorfile.ts
[2026-09-01T14:42:10.959] [DEBUG] debug-file - hvigorfile, require result:  { default: { plugins: [] } }
[2026-09-01T14:42:10.959] [DEBUG] debug-file - hvigorfile, binding system plugins null
[2026-09-01T14:42:10.959] [DEBUG] debug-file - Starting plugin build process
[2026-09-01T14:42:10.959] [DEBUG] debug-file - Hap plugin creating...
[2026-09-01T14:42:10.961] [DEBUG] debug-file - failed to load cangjie to dynamically generate schemas: Error: Cannot find module '@ohos/cangjie-build-support/index'
Require stack:
- G:\DevEco Studio\tools\hvigor\hvigor-ohos-plugin\src\plugin\hooks\cangjie-register.js
- G:\DevEco Studio\tools\hvigor\hvigor-ohos-plugin\src\plugin\strategy\stage-init-strategy.js
- G:\DevEco Studio\tools\hvigor\hvigor-ohos-plugin\src\plugin\builder\abstract-plugin-builder.js
- G:\DevEco Studio\tools\hvigor\hvigor-ohos-plugin\src\plugin\builder\app-plugin-builder.js
- G:\DevEco Studio\tools\hvigor\hvigor-ohos-plugin\src\plugin\factory\plugin-factory.js
- G:\DevEco Studio\tools\hvigor\hvigor-ohos-plugin\index.js
- D:\Walkie\HarmonyOS\hvigorfile.ts
- G:\DevEco Studio\tools\hvigor\hvigor\src\base\internal\lifecycle\configuration.js
- G:\DevEco Studio\tools\hvigor\hvigor\src\base\boot\index.js
- G:\DevEco Studio\tools\hvigor\hvigor\src\base\daemon\cluster\worker-process-lifecycle.js
- G:\DevEco Studio\tools\hvigor\hvigor\src\base\daemon\process\daemon-process-boot-script.js
[2026-09-01T14:42:10.963] [DEBUG] debug-file - Start initialize module-target build option map, moduleName=entry, buildMode=debug
[2026-09-01T14:42:10.963] [DEBUG] debug-file - Target 'default' config initialized
[2026-09-01T14:42:10.963] [DEBUG] debug-file - Module 'entry' target 'default' build option initialized
[2026-09-01T14:42:10.963] [DEBUG] debug-file - End initialize module-target build option map, moduleName=entry
[2026-09-01T14:42:10.963] [DEBUG] debug-file - Start initialize module-target build option map, moduleName=entry, buildMode=release
[2026-09-01T14:42:10.963] [DEBUG] debug-file - Target 'default' config initialized
[2026-09-01T14:42:10.963] [DEBUG] debug-file - Module 'entry' target 'default' build option initialized
[2026-09-01T14:42:10.964] [DEBUG] debug-file - End initialize module-target build option map, moduleName=entry
[2026-09-01T14:42:10.964] [DEBUG] debug-file - Start initialize module-target build option map, moduleName=entry, buildMode=debug
[2026-09-01T14:42:10.964] [DEBUG] debug-file - Target 'default' config initialized
[2026-09-01T14:42:10.964] [DEBUG] debug-file - Module 'entry' target 'default' build option initialized
[2026-09-01T14:42:10.964] [DEBUG] debug-file - End initialize module-target build option map, moduleName=entry
[2026-09-01T14:42:10.964] [DEBUG] debug-file - Obtain build option for module 'entry' target 'default'in this build.
[2026-09-01T14:42:10.965] [DEBUG] debug-file - Module entry task initialization takes 1 ms 
[2026-09-01T14:42:10.965] [DEBUG] debug-file - Hap plugin register hook start...
[2026-09-01T14:42:10.965] [DEBUG] debug-file - Hap plugin register hook end...
[2026-09-01T14:42:10.965] [DEBUG] debug-file - Plugin build process completed
[2026-09-01T14:42:10.965] [DEBUG] debug-file - hvigorfile, begin to bind custom plugins...
[2026-09-01T14:42:10.965] [DEBUG] debug-file - hvigorfile, no custom plugins were found in D:\Walkie\HarmonyOS\entry\hvigorfile.ts
[2026-09-01T14:42:10.965] [DEBUG] debug-file - hvigorfile, resolve finished D:\Walkie\HarmonyOS\entry\hvigorfile.ts
[2026-09-01T14:42:11.033] [DEBUG] debug-file - hvigorfile, resolve hvigorfile dependencies in 68 ms 
[2026-09-01T14:42:11.033] [DEBUG] debug-file - project has submodules:entry
[2026-09-01T14:42:11.034] [DEBUG] debug-file - Start to initialize dependency information.
[2026-09-01T14:42:11.042] [DEBUG] debug-file - Module HarmonyOS Collected Dependency: 
[2026-09-01T14:42:11.042] [DEBUG] debug-file - Module HarmonyOS's total dependency: 0
[2026-09-01T14:42:11.043] [DEBUG] debug-file - Start to initialize dependency information.
[2026-09-01T14:42:11.048] [DEBUG] debug-file - Module entry Collected Dependency: D:\Walkie\HarmonyOS\entry\src\main\cpp\types\libwalkieopus
[2026-09-01T14:42:11.048] [DEBUG] debug-file - Module entry's total dependency: 1
[2026-09-01T14:42:11.050] [DEBUG] debug-file - Configuration phase cost:139 ms 
[2026-09-01T14:42:11.052] [DEBUG] debug-file - Configuration task cost before running: 147 ms 
[2026-09-01T14:42:11.052] [DEBUG] debug-file - Executing task :entry:clean
[2026-09-01T14:42:11.053] [DEBUG] debug-file - clean: Start terminating worker pool.
[2026-09-01T14:42:11.053] [DEBUG] debug-file - Current worker pool is stopped or closed.
[2026-09-01T14:42:11.053] [DEBUG] debug-file - Clear worker 1.
[2026-09-01T14:42:11.053] [DEBUG] debug-file - Clear worker 2.
[2026-09-01T14:42:11.166] [DEBUG] debug-file - worker[2] exits with exit code 1.
[2026-09-01T14:42:11.166] [DEBUG] debug-file - Worker 2 has been cleared.
[2026-09-01T14:42:11.166] [DEBUG] debug-file - Current idle worker size: 0.
[2026-09-01T14:42:11.166] [DEBUG] debug-file - Current busy worker size: 0.
[2026-09-01T14:42:11.171] [DEBUG] debug-file - Current worker pool is terminated.
[2026-09-01T14:42:11.171] [DEBUG] debug-file - clean: Terminating worker pool finished.
[2026-09-01T14:42:11.284] [DEBUG] debug-file - ninja: Entering directory `D:\Walkie\HarmonyOS\entry\.cxx\default\default\debug\arm64-v8a'
[1/1] Cleaning all built files...
Cleaning... 169 files.

[2026-09-01T14:42:11.380] [DEBUG] debug-file - entry : clean cost memory -15.887550354003906
[2026-09-01T14:42:11.380] [DEBUG] debug-file - runTaskFromQueue task cost before running: 475 ms 
[2026-09-01T14:42:11.380] [INFO] debug-file - Finished :entry:clean... after 328 ms 
[2026-09-01T14:42:11.381] [DEBUG] debug-file - Executing task ::clean
[2026-09-01T14:42:11.381] [DEBUG] debug-file - clean: Worker pool is inactive.
[2026-09-01T14:42:11.381] [DEBUG] debug-file - HarmonyOS : clean cost memory 0.0218505859375
[2026-09-01T14:42:11.381] [DEBUG] debug-file - runTaskFromQueue task cost before running: 476 ms 
[2026-09-01T14:42:11.381] [INFO] debug-file - Finished ::clean... after 1 ms 
[2026-09-01T14:42:11.381] [INFO] debug-file - BUILD SUCCESSFUL in 476 ms 
[2026-09-01T14:42:11.390] [DEBUG] debug-file - worker[1] exits with exit code 1.
[2026-09-01T14:42:11.390] [DEBUG] debug-file - Worker 1 has been cleared.
[2026-09-01T14:42:11.390] [DEBUG] debug-file - Current idle worker size: 0.
[2026-09-01T14:42:11.390] [DEBUG] debug-file - Current busy worker size: 0.
[2026-09-01T14:42:11.390] [DEBUG] debug-file - Current worker pool is terminated.
[2026-09-01T14:42:11.391] [DEBUG] debug-file - Since there is no instance or instance is terminated, create a new worker pool.
[2026-09-01T14:42:11.391] [DEBUG] debug-file - Worker pool is initialized with config:  {
  minPoolNum: 2,
  maxPoolNum: undefined,
  maxCoreSize: undefined,
  cacheCapacity: undefined,
  cacheTtl: undefined
}
[2026-09-01T14:42:11.391] [DEBUG] debug-file - Create  resident worker with id: 0.
[2026-09-01T14:42:11.392] [DEBUG] debug-file - Create  resident worker with id: 1.
[2026-09-01T14:42:11.394] [DEBUG] debug-file - Cleanup worker 0.
[2026-09-01T14:42:11.394] [DEBUG] debug-file - Cleanup worker 1.
[2026-09-01T14:42:11.395] [DEBUG] debug-file - hvigor build process will be closed.
[2026-09-01T14:42:11.411] [DEBUG] debug-file - worker[1] exits with exit code 0.
[2026-09-01T14:42:11.412] [DEBUG] debug-file - Worker 1 has been cleaned up.
[2026-09-01T14:42:11.412] [DEBUG] debug-file - Current idle worker size: 0.
[2026-09-01T14:42:11.412] [DEBUG] debug-file - Current resident worker size: 1.
[2026-09-01T14:42:11.412] [DEBUG] debug-file - worker[0] exits with exit code 0.
[2026-09-01T14:42:11.412] [DEBUG] debug-file - Worker 0 has been cleaned up.
[2026-09-01T14:42:11.412] [DEBUG] debug-file - Current idle worker size: 0.
[2026-09-01T14:42:11.412] [DEBUG] debug-file - Current resident worker size: 0.
[2026-09-01T14:42:11.496] [DEBUG] debug-file - session manager: send message to worker process. WorkerThreadId: 0, data: {"type":"hvigor_failed","reason":"Server has disconnected."}
[2026-09-01T14:42:11.496] [DEBUG] debug-file - session manager: send message to worker process. WorkerThreadId: 0, data: {"type":"CloseWatch","reason":"Server has disconnected."}
[2026-09-01T14:42:11.496] [DEBUG] debug-file - watch worker: worker id should be larger than 0. Nothing will be sent to any worker thread.
[2026-09-01T14:42:11.496] [DEBUG] debug-file - ABORT_WORK sent to workers.
[2026-09-01T14:42:11.496] [DEBUG] debug-file - watch worker: worker id should be larger than 0. Nothing will be sent to any worker thread.
[2026-09-01T14:42:16.413] [DEBUG] debug-file - session manager: set active socket. socketId=O_p_zFKPPhU10tTKAAFt
[2026-09-01T14:42:16.424] [DEBUG] debug-file - watch worker: worker id should be larger than 0. Nothing will be sent to any worker thread.
[2026-09-01T14:42:16.429] [DEBUG] debug-file - Workers' log level updated to INFO
[2026-09-01T14:42:16.431] [DEBUG] debug-file - Hvigor init with startParameters:{
  hvigorfileTypeCheck: false,
  parallelExecution: true,
  incrementalExecution: true,
  printStackTrace: false,
  daemon: true,
  analyze: 0,
  logLevel: Level { level: 20000, levelStr: 'INFO', colour: 'green' },
  optimizationStrategy: 'memory',
  hotCompile: undefined,
  hotReloadBuild: undefined,
  customizedParam: undefined
}
[2026-09-01T14:42:16.435] [DEBUG] debug-file - Cache service initialization finished in 5 ms 
[2026-09-01T14:42:16.436] [DEBUG] debug-file - hvigorfile, resolving D:\Walkie\HarmonyOS\hvigorfile.ts
[2026-09-01T14:42:16.439] [DEBUG] debug-file - hvigorfile, require result:  { default: { plugins: [] } }
[2026-09-01T14:42:16.439] [DEBUG] debug-file - hvigorfile, binding system plugins null
[2026-09-01T14:42:16.439] [DEBUG] debug-file - Starting plugin build process
[2026-09-01T14:42:16.439] [DEBUG] debug-file - App plugin prepare start...
[2026-09-01T14:42:16.439] [DEBUG] debug-file - App plugin prepare end...
[2026-09-01T14:42:16.439] [DEBUG] debug-file - App plugin creating...
[2026-09-01T14:42:16.666] [DEBUG] debug-file - App plugin register hook start...
[2026-09-01T14:42:16.666] [DEBUG] debug-file - App plugin register hook end...
[2026-09-01T14:42:16.666] [DEBUG] debug-file - Plugin build process completed
[2026-09-01T14:42:16.666] [DEBUG] debug-file - Start initialize project's product build option map with build mode debug.
[2026-09-01T14:42:16.666] [DEBUG] debug-file - Picking option from product 'default' with build mode 'debug'.
[2026-09-01T14:42:16.666] [DEBUG] debug-file - Product 'default' build option initialized
[2026-09-01T14:42:16.666] [DEBUG] debug-file - End initialize project's product build option map with build mode 'debug'.
[2026-09-01T14:42:16.667] [DEBUG] debug-file - Obtain build option for product 'default'in this build.
[2026-09-01T14:42:16.668] [DEBUG] debug-file - D:\Walkie\HarmonyOS\build\cache\default\remote_hsp\remoteHspCache.json not exists.
[2026-09-01T14:42:16.670] [DEBUG] debug-file - Start recording SDK configuration permission data.
[2026-09-01T14:42:16.722] [DEBUG] debug-file - Sdk init in 53 ms 
[2026-09-01T14:42:16.727] [DEBUG] debug-file - Project task initialization takes 2 ms 
[2026-09-01T14:42:16.727] [DEBUG] debug-file - hvigorfile, begin to bind custom plugins...
[2026-09-01T14:42:16.727] [DEBUG] debug-file - hvigorfile, no custom plugins were found in D:\Walkie\HarmonyOS\hvigorfile.ts
[2026-09-01T14:42:16.727] [DEBUG] debug-file - hvigorfile, resolve finished D:\Walkie\HarmonyOS\hvigorfile.ts
[2026-09-01T14:42:16.728] [DEBUG] debug-file - hvigorfile, resolving D:\Walkie\HarmonyOS\entry\hvigorfile.ts
[2026-09-01T14:42:16.737] [DEBUG] debug-file - hvigorfile, require result:  { default: { plugins: [] } }
[2026-09-01T14:42:16.737] [DEBUG] debug-file - hvigorfile, binding system plugins null
[2026-09-01T14:42:16.737] [DEBUG] debug-file - Starting plugin build process
[2026-09-01T14:42:16.738] [DEBUG] debug-file - Hap plugin creating...
[2026-09-01T14:42:16.739] [DEBUG] debug-file - failed to load cangjie to dynamically generate schemas: Error: Cannot find module '@ohos/cangjie-build-support/index'
Require stack:
- G:\DevEco Studio\tools\hvigor\hvigor-ohos-plugin\src\plugin\hooks\cangjie-register.js
- G:\DevEco Studio\tools\hvigor\hvigor-ohos-plugin\src\plugin\strategy\stage-init-strategy.js
- G:\DevEco Studio\tools\hvigor\hvigor-ohos-plugin\src\plugin\builder\abstract-plugin-builder.js
- G:\DevEco Studio\tools\hvigor\hvigor-ohos-plugin\src\plugin\builder\app-plugin-builder.js
- G:\DevEco Studio\tools\hvigor\hvigor-ohos-plugin\src\plugin\factory\plugin-factory.js
- G:\DevEco Studio\tools\hvigor\hvigor-ohos-plugin\index.js
- D:\Walkie\HarmonyOS\hvigorfile.ts
- G:\DevEco Studio\tools\hvigor\hvigor\src\base\internal\lifecycle\configuration.js
- G:\DevEco Studio\tools\hvigor\hvigor\src\base\boot\index.js
- G:\DevEco Studio\tools\hvigor\hvigor\src\base\daemon\cluster\worker-process-lifecycle.js
- G:\DevEco Studio\tools\hvigor\hvigor\src\base\daemon\process\daemon-process-boot-script.js
[2026-09-01T14:42:16.740] [DEBUG] debug-file - Start initialize module-target build option map, moduleName=entry, buildMode=debug
[2026-09-01T14:42:16.740] [DEBUG] debug-file - Target 'default' config initialized
[2026-09-01T14:42:16.740] [DEBUG] debug-file - Module 'entry' target 'default' build option initialized
[2026-09-01T14:42:16.740] [DEBUG] debug-file - End initialize module-target build option map, moduleName=entry
[2026-09-01T14:42:16.741] [DEBUG] debug-file - Start initialize module-target build option map, moduleName=entry, buildMode=release
[2026-09-01T14:42:16.741] [DEBUG] debug-file - Target 'default' config initialized
[2026-09-01T14:42:16.741] [DEBUG] debug-file - Module 'entry' target 'default' build option initialized
[2026-09-01T14:42:16.741] [DEBUG] debug-file - End initialize module-target build option map, moduleName=entry
[2026-09-01T14:42:16.741] [DEBUG] debug-file - Start initialize module-target build option map, moduleName=entry, buildMode=debug
[2026-09-01T14:42:16.741] [DEBUG] debug-file - Target 'default' config initialized
[2026-09-01T14:42:16.741] [DEBUG] debug-file - Module 'entry' target 'default' build option initialized
[2026-09-01T14:42:16.741] [DEBUG] debug-file - End initialize module-target build option map, moduleName=entry
[2026-09-01T14:42:16.741] [DEBUG] debug-file - Obtain build option for module 'entry' target 'default'in this build.
[2026-09-01T14:42:16.743] [DEBUG] debug-file - Module entry task initialization takes 1 ms 
[2026-09-01T14:42:16.743] [DEBUG] debug-file - Hap plugin register hook start...
[2026-09-01T14:42:16.743] [DEBUG] debug-file - Hap plugin register hook end...
[2026-09-01T14:42:16.743] [DEBUG] debug-file - Plugin build process completed
[2026-09-01T14:42:16.743] [DEBUG] debug-file - hvigorfile, begin to bind custom plugins...
[2026-09-01T14:42:16.743] [DEBUG] debug-file - hvigorfile, no custom plugins were found in D:\Walkie\HarmonyOS\entry\hvigorfile.ts
[2026-09-01T14:42:16.743] [DEBUG] debug-file - hvigorfile, resolve finished D:\Walkie\HarmonyOS\entry\hvigorfile.ts
[2026-09-01T14:42:16.798] [DEBUG] debug-file - hvigorfile, resolve hvigorfile dependencies in 55 ms 
[2026-09-01T14:42:16.798] [DEBUG] debug-file - project has submodules:entry
[2026-09-01T14:42:16.799] [DEBUG] debug-file - start to load updatedOhPackageInfo to the disk
[2026-09-01T14:42:16.803] [DEBUG] debug-file - load to the disk finished
[2026-09-01T14:42:16.805] [DEBUG] debug-file - Start to initialize dependency information.
[2026-09-01T14:42:16.813] [DEBUG] debug-file - Module HarmonyOS Collected Dependency: 
[2026-09-01T14:42:16.813] [DEBUG] debug-file - Module HarmonyOS's total dependency: 0
[2026-09-01T14:42:16.813] [DEBUG] debug-file - Start to initialize dependency information.
[2026-09-01T14:42:16.818] [DEBUG] debug-file - Module entry Collected Dependency: D:\Walkie\HarmonyOS\entry\src\main\cpp\types\libwalkieopus
[2026-09-01T14:42:16.819] [DEBUG] debug-file - Module entry's total dependency: 1
[2026-09-01T14:42:16.820] [DEBUG] debug-file - Configuration phase cost:385 ms 
[2026-09-01T14:42:16.823] [DEBUG] debug-file - Configuration task cost before running: 394 ms 
[2026-09-01T14:42:16.827] [DEBUG] debug-file - Executing task :entry:default@PreBuild
[2026-09-01T14:42:16.831] [DEBUG] debug-file - Task 'entry:default@PreBuild' cost while wrapping incremental declarations: 1 ms 
[2026-09-01T14:42:16.849] [DEBUG] debug-file - Incremental task entry:default@PreBuild pre-execution cost: 15 ms .
[2026-09-01T14:42:16.849] [DEBUG] debug-file - entry : default@PreBuild cost memory 0.5905685424804688
[2026-09-01T14:42:16.853] [INFO] debug-file - UP-TO-DATE :entry:default@PreBuild...  
[2026-09-01T14:42:16.855] [DEBUG] debug-file - Executing task :entry:default@CreateModuleInfo
[2026-09-01T14:42:16.856] [DEBUG] debug-file - Task 'entry:default@CreateModuleInfo' cost while wrapping incremental declarations: 1 ms 
[2026-09-01T14:42:16.856] [DEBUG] debug-file - entry : default@CreateModuleInfo cost memory 0.0369110107421875
[2026-09-01T14:42:16.856] [DEBUG] debug-file - runTaskFromQueue task cost before running: 428 ms 
[2026-09-01T14:42:16.857] [INFO] debug-file - Finished :entry:default@CreateModuleInfo... after 2 ms 
[2026-09-01T14:42:16.862] [DEBUG] debug-file - Executing task :entry:default@GenerateMetadata
[2026-09-01T14:42:16.862] [DEBUG] debug-file - Task 'entry:default@GenerateMetadata' cost while wrapping incremental declarations: 1 ms 
[2026-09-01T14:42:16.863] [DEBUG] debug-file - entry:default@GenerateMetadata is not up-to-date, since the output file 'D:\Walkie\HarmonyOS\entry\build\default\intermediates\hap_metadata\default\output_metadata.json' does not exist.
[2026-09-01T14:42:16.863] [DEBUG] debug-file - Incremental task entry:default@GenerateMetadata pre-execution cost: 1 ms .
[2026-09-01T14:42:16.886] [DEBUG] debug-file - entry : default@GenerateMetadata cost memory 0.0768890380859375
[2026-09-01T14:42:16.886] [DEBUG] debug-file - runTaskFromQueue task cost before running: 458 ms 
[2026-09-01T14:42:16.887] [INFO] debug-file - Finished :entry:default@GenerateMetadata... after 25 ms 
[2026-09-01T14:42:16.888] [DEBUG] debug-file - Executing task :entry:default@ConfigureCmake
[2026-09-01T14:42:16.892] [DEBUG] debug-file - entry : default@ConfigureCmake cost memory -10.194892883300781
[2026-09-01T14:42:16.893] [DEBUG] debug-file - runTaskFromQueue task cost before running: 464 ms 
[2026-09-01T14:42:16.893] [INFO] debug-file - Finished :entry:default@ConfigureCmake... after 5 ms 
[2026-09-01T14:42:16.895] [DEBUG] debug-file - Executing task :entry:default@MergeProfile
[2026-09-01T14:42:16.896] [DEBUG] debug-file - Task 'entry:default@MergeProfile' cost while wrapping incremental declarations: 1 ms 
[2026-09-01T14:42:16.897] [DEBUG] debug-file - entry:default@MergeProfile is not up-to-date, since the output file 'D:\Walkie\HarmonyOS\entry\build\default\intermediates\merge_profile\default\module.json' does not exist.
[2026-09-01T14:42:16.897] [DEBUG] debug-file - Incremental task entry:default@MergeProfile pre-execution cost: 2 ms .
[2026-09-01T14:42:16.897] [DEBUG] debug-file - Change app api release type with 'Release'
[2026-09-01T14:42:16.897] [DEBUG] debug-file - Change app compile API version with '26.0.0.105'
[2026-09-01T14:42:16.897] [DEBUG] debug-file - Change app target API version with '260000026'
[2026-09-01T14:42:16.898] [DEBUG] debug-file - Change app minimum API version with '60101024'
[2026-09-01T14:42:16.898] [DEBUG] debug-file - Use cli appEnvironment
[2026-09-01T14:42:16.965] [DEBUG] debug-file - entry : default@MergeProfile cost memory 7.2313079833984375
[2026-09-01T14:42:16.965] [DEBUG] debug-file - runTaskFromQueue task cost before running: 537 ms 
[2026-09-01T14:42:16.966] [INFO] debug-file - Finished :entry:default@MergeProfile... after 71 ms 
[2026-09-01T14:42:16.967] [DEBUG] debug-file - Executing task :entry:default@CreateBuildProfile
[2026-09-01T14:42:16.968] [DEBUG] debug-file - Task 'entry:default@CreateBuildProfile' cost while wrapping incremental declarations: 1 ms 
[2026-09-01T14:42:16.969] [DEBUG] debug-file - entry:default@CreateBuildProfile is not up-to-date, since the output file 'D:\Walkie\HarmonyOS\entry\build\default\generated\profile\default\BuildProfile.ets' does not exist.
[2026-09-01T14:42:16.969] [DEBUG] debug-file - Incremental task entry:default@CreateBuildProfile pre-execution cost: 1 ms .
[2026-09-01T14:42:16.971] [DEBUG] debug-file - entry : default@CreateBuildProfile cost memory 0.08278656005859375
[2026-09-01T14:42:16.971] [DEBUG] debug-file - runTaskFromQueue task cost before running: 542 ms 
[2026-09-01T14:42:16.971] [INFO] debug-file - Finished :entry:default@CreateBuildProfile... after 4 ms 
[2026-09-01T14:42:16.972] [DEBUG] debug-file - Executing task :entry:default@PreCheckSyscap
[2026-09-01T14:42:16.972] [DEBUG] debug-file - entry : default@PreCheckSyscap cost memory 0.0138702392578125
[2026-09-01T14:42:16.972] [DEBUG] debug-file - runTaskFromQueue task cost before running: 543 ms 
[2026-09-01T14:42:16.972] [INFO] debug-file - Finished :entry:default@PreCheckSyscap... after 1 ms 
[2026-09-01T14:42:16.973] [DEBUG] debug-file - Executing task :entry:default@GeneratePkgSdkInfo
[2026-09-01T14:42:16.978] [DEBUG] debug-file - Task 'entry:default@GeneratePkgSdkInfo' cost while wrapping incremental declarations: 1 ms 
[2026-09-01T14:42:16.979] [DEBUG] debug-file - entry : default@GeneratePkgSdkInfo cost memory 0.10715484619140625
[2026-09-01T14:42:16.979] [DEBUG] debug-file - runTaskFromQueue task cost before running: 550 ms 
[2026-09-01T14:42:16.979] [INFO] debug-file - Finished :entry:default@GeneratePkgSdkInfo... after 6 ms 
[2026-09-01T14:42:16.986] [DEBUG] debug-file - Executing task :entry:default@ProcessIntegratedHsp
[2026-09-01T14:42:16.987] [DEBUG] debug-file - entry:default@ProcessIntegratedHsp is not up-to-date, since the output file 'D:\Walkie\HarmonyOS\build\cache\default\integrated_hsp\integratedHspCache.json' does not exist.
[2026-09-01T14:42:16.987] [DEBUG] debug-file - Incremental task entry:default@ProcessIntegratedHsp pre-execution cost: 1 ms .
[2026-09-01T14:42:16.987] [DEBUG] debug-file - entry : default@ProcessIntegratedHsp cost memory 0.04657745361328125
[2026-09-01T14:42:16.987] [DEBUG] debug-file - runTaskFromQueue task cost before running: 558 ms 
[2026-09-01T14:42:16.988] [INFO] debug-file - Finished :entry:default@ProcessIntegratedHsp... after 1 ms 
[2026-09-01T14:42:16.989] [DEBUG] debug-file - Executing task :entry:default@BuildNativeWithCmake
[2026-09-01T14:42:16.991] [DEBUG] debug-file - Use tool [Cmake]
 [
  'G:\\DevEco Studio\\sdk\\default\\openharmony\\native\\build-tools\\cmake\\bin\\cmake.exe',
  '-HD:\\Walkie\\HarmonyOS\\entry\\src\\main\\cpp',
  '-BD:\\Walkie\\HarmonyOS\\entry\\.cxx\\default\\default\\debug\\arm64-v8a',
  '-DOHOS_ARCH=arm64-v8a',
  '-DCMAKE_LIBRARY_OUTPUT_DIRECTORY=D:\\Walkie\\HarmonyOS\\entry\\build\\default\\intermediates\\cmake\\default\\obj\\arm64-v8a',
  '-DCMAKE_BUILD_TYPE=Debug',
  '-DOHOS_SDK_NATIVE=G:\\DevEco Studio\\sdk\\default\\openharmony\\native',
  '-DCMAKE_SYSTEM_NAME=OHOS',
  '-DCMAKE_OHOS_ARCH_ABI=arm64-v8a',
  '-DCMAKE_EXPORT_COMPILE_COMMANDS=ON',
  '-DCMAKE_TOOLCHAIN_FILE=G:\\DevEco Studio\\sdk\\default\\hms\\native\\build\\cmake\\hmos.toolchain.cmake',
  '-GNinja',
  '-DCMAKE_MAKE_PROGRAM=G:\\DevEco Studio\\sdk\\default\\openharmony\\native\\build-tools\\cmake\\bin\\ninja.exe',
  '-DCMAKE_FIND_ROOT_PATH=D:\\Walkie\\HarmonyOS\\entry\\.cxx\\default\\default\\debug\\hvigor\\arm64-v8a',
  '-DPACKAGE_FIND_FILE=D:\\Walkie\\HarmonyOS\\entry\\.cxx\\default\\default\\debug\\hvigor\\arm64-v8a\\summary.cmake',
  '--no-warn-unused-cli',
  '-DHMOS_SDK_NATIVE=G:\\DevEco Studio\\sdk\\default\\hms\\native'
]
[2026-09-01T14:42:17.004] [DEBUG] debug-file - - a file changed
[2026-09-01T14:42:17.005] [DEBUG] debug-file -   - D:\Walkie\HarmonyOS\entry\.cxx\default\default\debug\arm64-v8a\CMakeCache.txt (DELETED)
[2026-09-01T14:42:17.005] [DEBUG] debug-file - default@BuildNativeWithCmake work[374] is submitted.
[2026-09-01T14:42:17.006] [DEBUG] debug-file - default@BuildNativeWithCmake work[374] is pushed to ready queue.
[2026-09-01T14:42:17.006] [DEBUG] debug-file - default@BuildNativeWithCmake work[374] is not dispatched.
[2026-09-01T14:42:17.006] [DEBUG] debug-file - entry : default@BuildNativeWithCmake cost memory 0.21482086181640625
[2026-09-01T14:42:17.007] [DEBUG] debug-file - Executing task :entry:default@MakePackInfo
[2026-09-01T14:42:17.010] [DEBUG] debug-file - entry:default@MakePackInfo is not up-to-date, since the output file 'D:\Walkie\HarmonyOS\entry\build\default\outputs\default\pack.info' does not exist.
[2026-09-01T14:42:17.010] [DEBUG] debug-file - Incremental task entry:default@MakePackInfo pre-execution cost: 3 ms .
[2026-09-01T14:42:17.010] [DEBUG] debug-file - Module Pack Info:  {
  summary: {
    app: { bundleName: 'c***s', bundleType: 'app', version: [Object] },
    modules: [ [Object] ]
  },
  packages: [
    {
      deviceType: [Array],
      moduleType: 'entry',
      deliveryWithInstall: true,
      name: 'entry-default'
    }
  ]
}
[2026-09-01T14:42:17.012] [DEBUG] debug-file - entry : default@MakePackInfo cost memory 0.1179351806640625
[2026-09-01T14:42:17.012] [DEBUG] debug-file - runTaskFromQueue task cost before running: 583 ms 
[2026-09-01T14:42:17.013] [INFO] debug-file - Finished :entry:default@MakePackInfo... after 5 ms 
[2026-09-01T14:42:17.014] [DEBUG] debug-file - Executing task :entry:default@SyscapTransform
[2026-09-01T14:42:17.014] [DEBUG] debug-file - File: 'D:\Walkie\HarmonyOS\entry\src\main\syscap.json' from 'sysCapJsonPath' is not exists, just ignore.
[2026-09-01T14:42:17.014] [DEBUG] debug-file - Task 'entry:default@SyscapTransform' cost while wrapping incremental declarations: 1 ms 
[2026-09-01T14:42:17.016] [DEBUG] debug-file - entry:default@SyscapTransform is not up-to-date, since the output file 'D:\Walkie\HarmonyOS\entry\build\default\intermediates\syscap\default\rpcid.sc' does not exist.
[2026-09-01T14:42:17.016] [DEBUG] debug-file - Incremental task entry:default@SyscapTransform pre-execution cost: 2 ms .
[2026-09-01T14:42:17.016] [DEBUG] debug-file - entry : default@SyscapTransform cost memory 0.10282135009765625
[2026-09-01T14:42:17.016] [DEBUG] debug-file - runTaskFromQueue task cost before running: 588 ms 
[2026-09-01T14:42:17.016] [INFO] debug-file - Finished :entry:default@SyscapTransform... after 3 ms 
[2026-09-01T14:42:17.226] [DEBUG] debug-file - A work dispatched to worker[3] failed because unable to get work from ready queue.
[2026-09-01T14:42:17.226] [DEBUG] debug-file - Create  resident worker with id: 2.
[2026-09-01T14:42:17.227] [DEBUG] debug-file - default@BuildNativeWithCmake work[374] has been dispatched to worker[2].
[2026-09-01T14:42:18.609] [DEBUG] debug-file - Not searching for unused variables given on the command line.

[2026-09-01T14:42:18.777] [DEBUG] debug-file - -- The C compiler identification is Clang 15.0.4

[2026-09-01T14:42:18.956] [DEBUG] debug-file - -- The CXX compiler identification is Clang 15.0.4

[2026-09-01T14:42:19.075] [DEBUG] debug-file - -- Detecting C compiler ABI info

[2026-09-01T14:42:19.501] [DEBUG] debug-file - -- Detecting C compiler ABI info - done

[2026-09-01T14:42:19.522] [DEBUG] debug-file - -- Check for working C compiler: G:/DevEco Studio/sdk/default/openharmony/native/llvm/bin/clang.exe - skipped

[2026-09-01T14:42:19.522] [DEBUG] debug-file - -- Detecting C compile features

[2026-09-01T14:42:19.523] [DEBUG] debug-file - -- Detecting C compile features - done

[2026-09-01T14:42:19.590] [DEBUG] debug-file - -- Detecting CXX compiler ABI info

[2026-09-01T14:42:20.009] [DEBUG] debug-file - -- Detecting CXX compiler ABI info - done

[2026-09-01T14:42:20.031] [DEBUG] debug-file - -- Check for working CXX compiler: G:/DevEco Studio/sdk/default/openharmony/native/llvm/bin/clang++.exe - skipped

[2026-09-01T14:42:20.031] [DEBUG] debug-file - -- Detecting CXX compile features

[2026-09-01T14:42:20.032] [DEBUG] debug-file - -- Detecting CXX compile features - done

[2026-09-01T14:42:20.040] [DEBUG] debug-file - -- Configuring done (1.4s)

[2026-09-01T14:42:20.137] [DEBUG] debug-file - -- Generating done (0.1s)

[2026-09-01T14:42:20.232] [DEBUG] debug-file - -- Build files have been written to: D:/Walkie/HarmonyOS/entry/.cxx/default/default/debug/arm64-v8a

[2026-09-01T14:42:20.245] [DEBUG] debug-file - worker[2] has one work done.
[2026-09-01T14:42:20.337] [DEBUG] debug-file - default@BuildNativeWithCmake work[374] done.
[2026-09-01T14:42:20.337] [INFO] debug-file - Finished :entry:default@BuildNativeWithCmake... after 1 s 720 ms 
[2026-09-01T14:42:20.339] [DEBUG] debug-file - Executing task :entry:default@BuildNativeWithNinja
[2026-09-01T14:42:20.340] [DEBUG] debug-file - Use tool [Ninja]
 [
  'G:\\DevEco Studio\\sdk\\default\\openharmony\\native\\build-tools\\cmake\\bin\\ninja.exe',
  '-C',
  'D:\\Walkie\\HarmonyOS\\entry\\.cxx\\default\\default\\debug\\arm64-v8a'
]
[2026-09-01T14:42:20.340] [DEBUG] debug-file - default@BuildNativeWithNinja work[375] is submitted.
[2026-09-01T14:42:20.340] [DEBUG] debug-file - default@BuildNativeWithNinja work[375] is pushed to ready queue.
[2026-09-01T14:42:20.340] [DEBUG] debug-file - default@BuildNativeWithNinja work[375] is not dispatched.
[2026-09-01T14:42:20.350] [DEBUG] debug-file - OHOS_STL is c++_shared
[2026-09-01T14:42:20.351] [DEBUG] debug-file - Copy STL libc++_shared.so to D:\Walkie\HarmonyOS\entry\build\default\intermediates\cmake\default\obj\arm64-v8a due to OHOS_STL is 'c++_shared'
[2026-09-01T14:42:20.369] [DEBUG] debug-file - entry : default@BuildNativeWithNinja cost memory 1.8310699462890625
[2026-09-01T14:42:20.371] [DEBUG] debug-file - Executing task :entry:default@GeneratePkgContextInfo
[2026-09-01T14:42:20.386] [DEBUG] debug-file - Task 'entry:default@GeneratePkgContextInfo' cost while wrapping incremental declarations: 1 ms 
[2026-09-01T14:42:20.387] [DEBUG] debug-file - entry:default@GeneratePkgContextInfo is not up-to-date, since the output file 'D:\Walkie\HarmonyOS\entry\build\default\intermediates\loader\default\pkgContextInfo.json' does not exist.
[2026-09-01T14:42:20.387] [DEBUG] debug-file - Incremental task entry:default@GeneratePkgContextInfo pre-execution cost: 1 ms .
[2026-09-01T14:42:20.387] [DEBUG] debug-file - entry : default@GeneratePkgContextInfo cost memory 2.0089111328125
[2026-09-01T14:42:20.387] [DEBUG] debug-file - runTaskFromQueue task cost before running: 3 s 959 ms 
[2026-09-01T14:42:20.388] [INFO] debug-file - Finished :entry:default@GeneratePkgContextInfo... after 17 ms 
[2026-09-01T14:42:20.391] [DEBUG] debug-file - Executing task :entry:default@ProcessProfile
[2026-09-01T14:42:20.412] [DEBUG] debug-file - Task 'entry:default@ProcessProfile' cost while wrapping incremental declarations: 1 ms 
[2026-09-01T14:42:20.412] [DEBUG] debug-file - entry:default@ProcessProfile is not up-to-date, since the input file 'D:\Walkie\HarmonyOS\entry\build\default\intermediates\merge_profile\default\module.json' has been changed.
[2026-09-01T14:42:20.412] [DEBUG] debug-file - Incremental task entry:default@ProcessProfile pre-execution cost: 1 ms .
[2026-09-01T14:42:20.413] [DEBUG] debug-file - [
  'G:\\DevEco Studio\\tools\\node\\node.exe',
  'G:\\DevEco Studio\\sdk\\default\\openharmony\\ets\\build-tools\\ets-loader\\bin\\ark\\ts2abc.js',
  '--target-api-version',
  '24'
]
[2026-09-01T14:42:20.538] [DEBUG] debug-file - 24.0.0.0
[2026-09-01T14:42:20.540] [DEBUG] debug-file - No need to add fake ui ability because of not in preview process.
[2026-09-01T14:42:20.541] [DEBUG] debug-file - entry : default@ProcessProfile cost memory 2.984588623046875
[2026-09-01T14:42:20.541] [DEBUG] debug-file - runTaskFromQueue task cost before running: 4 s 113 ms 
[2026-09-01T14:42:20.542] [INFO] debug-file - Finished :entry:default@ProcessProfile... after 151 ms 
[2026-09-01T14:42:20.543] [DEBUG] debug-file - Executing task :entry:default@ProcessRouterMap
[2026-09-01T14:42:20.546] [DEBUG] debug-file - entry:default@ProcessRouterMap is not up-to-date, since the input file 'D:\Walkie\HarmonyOS\entry\build\default\intermediates\loader\default\pkgContextInfo.json' has been changed.
[2026-09-01T14:42:20.546] [DEBUG] debug-file - Incremental task entry:default@ProcessRouterMap pre-execution cost: 3 ms .
[2026-09-01T14:42:20.549] [DEBUG] debug-file - entry : default@ProcessRouterMap cost memory 0.09860992431640625
[2026-09-01T14:42:20.549] [DEBUG] debug-file - runTaskFromQueue task cost before running: 4 s 121 ms 
[2026-09-01T14:42:20.550] [INFO] debug-file - Finished :entry:default@ProcessRouterMap... after 7 ms 
[2026-09-01T14:42:20.551] [DEBUG] debug-file - Executing task :entry:default@ProcessShareConfig
[2026-09-01T14:42:20.554] [DEBUG] debug-file - entry:default@ProcessShareConfig is not up-to-date, since the input file 'D:\Walkie\HarmonyOS\entry\build\default\intermediates\loader\default\pkgContextInfo.json' has been changed.
[2026-09-01T14:42:20.554] [DEBUG] debug-file - Incremental task entry:default@ProcessShareConfig pre-execution cost: 3 ms .
[2026-09-01T14:42:20.556] [DEBUG] debug-file - entry : default@ProcessShareConfig cost memory 0.09226226806640625
[2026-09-01T14:42:20.556] [DEBUG] debug-file - runTaskFromQueue task cost before running: 4 s 127 ms 
[2026-09-01T14:42:20.557] [INFO] debug-file - Finished :entry:default@ProcessShareConfig... after 5 ms 
[2026-09-01T14:42:20.558] [DEBUG] debug-file - Executing task :entry:default@ProcessStartupConfig
[2026-09-01T14:42:20.558] [DEBUG] debug-file - Task 'entry:default@ProcessStartupConfig' cost while wrapping incremental declarations: 1 ms 
[2026-09-01T14:42:20.559] [DEBUG] debug-file - entry:default@ProcessStartupConfig is not up-to-date, since the input file 'D:\Walkie\HarmonyOS\entry\build\default\intermediates\loader\default\pkgContextInfo.json' has been changed.
[2026-09-01T14:42:20.559] [DEBUG] debug-file - Incremental task entry:default@ProcessStartupConfig pre-execution cost: 1 ms .
[2026-09-01T14:42:20.560] [DEBUG] debug-file - entry : default@ProcessStartupConfig cost memory 0.110198974609375
[2026-09-01T14:42:20.560] [DEBUG] debug-file - runTaskFromQueue task cost before running: 4 s 131 ms 
[2026-09-01T14:42:20.560] [INFO] debug-file - Finished :entry:default@ProcessStartupConfig... after 3 ms 
[2026-09-01T14:42:20.561] [DEBUG] debug-file - restool module names: entry; moduleName=entry, taskName=default@ProcessResource
[2026-09-01T14:42:20.563] [DEBUG] debug-file - Executing task :entry:default@ProcessResource
[2026-09-01T14:42:20.563] [DEBUG] debug-file - Task 'entry:default@ProcessResource' cost while wrapping incremental declarations: 1 ms 
[2026-09-01T14:42:20.563] [DEBUG] debug-file - entry:default@ProcessResource is not up-to-date, since the output file 'D:\Walkie\HarmonyOS\entry\build\default\intermediates\res\default\resConfig.json' does not exist.
[2026-09-01T14:42:20.563] [DEBUG] debug-file - Incremental task entry:default@ProcessResource pre-execution cost: 1 ms .
[2026-09-01T14:42:20.565] [DEBUG] debug-file - entry : default@ProcessResource cost memory 0.09726715087890625
[2026-09-01T14:42:20.565] [DEBUG] debug-file - runTaskFromQueue task cost before running: 4 s 137 ms 
[2026-09-01T14:42:20.566] [INFO] debug-file - Finished :entry:default@ProcessResource... after 4 ms 
[2026-09-01T14:42:20.568] [DEBUG] debug-file - Executing task :entry:default@GenerateLoaderJson
[2026-09-01T14:42:20.569] [DEBUG] debug-file - Task 'entry:default@GenerateLoaderJson' cost while wrapping incremental declarations: 1 ms 
[2026-09-01T14:42:20.576] [DEBUG] debug-file - entry:default@GenerateLoaderJson is not up-to-date, since the input file 'D:\Walkie\HarmonyOS\entry\build\default\intermediates\loader\default\pkgContextInfo.json' has been changed.
[2026-09-01T14:42:20.576] [DEBUG] debug-file - Incremental task entry:default@GenerateLoaderJson pre-execution cost: 5 ms .
[2026-09-01T14:42:20.578] [DEBUG] debug-file - entry : default@GenerateLoaderJson cost memory 0.3133697509765625
[2026-09-01T14:42:20.578] [DEBUG] debug-file - runTaskFromQueue task cost before running: 4 s 150 ms 
[2026-09-01T14:42:20.582] [INFO] debug-file - Finished :entry:default@GenerateLoaderJson... after 11 ms 
[2026-09-01T14:42:20.583] [DEBUG] debug-file - restool module names: entry; moduleName=entry, taskName=default@CompileResource
[2026-09-01T14:42:20.584] [DEBUG] debug-file - Executing task :entry:default@CompileResource
[2026-09-01T14:42:20.595] [DEBUG] debug-file - entry:default@CompileResource is not up-to-date, since the input file 'D:\Walkie\HarmonyOS\entry\build\default\intermediates\process_profile\default\module.json' has been changed.
[2026-09-01T14:42:20.595] [DEBUG] debug-file - Incremental task entry:default@CompileResource pre-execution cost: 11 ms .
[2026-09-01T14:42:20.597] [DEBUG] debug-file - Use tool [G:\DevEco Studio\sdk\default\openharmony\toolchains\restool.exe]
 [
  'G:\\DevEco Studio\\sdk\\default\\openharmony\\toolchains\\restool.exe',
  '-l',
  'D:\\Walkie\\HarmonyOS\\entry\\build\\default\\intermediates\\res\\default\\resConfig.json'
]
[2026-09-01T14:42:20.597] [DEBUG] debug-file - current process  memoryUsage: {
  rss: 353562624,
  heapTotal: 171749376,
  heapUsed: 133646256,
  external: 3985737,
  arrayBuffers: 50968
} os memoryUsage :8.006271362304688
[2026-09-01T14:42:20.708] [DEBUG] debug-file - A work dispatched to worker[3] failed because unable to get work from ready queue.
[2026-09-01T14:42:20.727] [DEBUG] debug-file - default@BuildNativeWithNinja work[375] has been dispatched to worker[2].
[2026-09-01T14:42:20.738] [DEBUG] debug-file - Info: Pack: normal pack mode

[2026-09-01T14:42:20.821] [DEBUG] debug-file - A work dispatched to worker[2] failed because of worker busy.
[2026-09-01T14:42:20.899] [DEBUG] debug-file - Info: hardware concurrency count is : 4

[2026-09-01T14:42:20.899] [DEBUG] debug-file - Info: thread count is : 4

[2026-09-01T14:42:20.900] [DEBUG] debug-file - Info: thread pool is started

[2026-09-01T14:42:20.902] [DEBUG] debug-file - Info: GenericCompiler::CompileFiles

[2026-09-01T14:42:21.020] [DEBUG] debug-file - ninja: Entering directory `D:\Walkie\HarmonyOS\entry\.cxx\default\default\debug\arm64-v8a'
[1/169] Building C object CMakeFiles/opus.dir/opus/celt/cwrs.c.o
clang: warning: argument unused during compilation: '--gcc-toolchain=G:/DevEco Studio/sdk/default/openharmony/native/llvm' [-Wunused-command-line-argument]

[2026-09-01T14:42:21.036] [DEBUG] debug-file - [2/169] Building C object CMakeFiles/opus.dir/opus/celt/celt_lpc.c.o
clang: warning: argument unused during compilation: '--gcc-toolchain=G:/DevEco Studio/sdk/default/openharmony/native/llvm' [-Wunused-command-line-argument]

[2026-09-01T14:42:21.134] [DEBUG] debug-file - Info: GenericCompiler::CompileFiles
Warning: 'D:\Walkie\HarmonyOS\entry\src\main\resources\base\media\background.png' is defined repeatedly.

[2026-09-01T14:42:21.135] [DEBUG] debug-file - Warning: 'D:\Walkie\HarmonyOS\entry\src\main\resources\base\media\foreground.png' is defined repeatedly.
Warning: 'D:\Walkie\HarmonyOS\entry\src\main\resources\base\media\layered_image.json' is defined repeatedly.

[2026-09-01T14:42:21.136] [DEBUG] debug-file - Info: GenericCompiler::CompileFiles

[2026-09-01T14:42:21.142] [DEBUG] debug-file - 09-01 14:42:21.142  7072 12540 I C01400/SvgDecodeUtils: SvgDecodeUtils::IsSvgFormat probe svg format, path:D:\Walkie\HarmonyOS\AppScope\resources\base\media\background.png.

[2026-09-01T14:42:21.142] [DEBUG] debug-file - 09-01 14:42:21.142  7072 12540 E C01400/ImageTranscoderUtils: DecodeToRGBA IN

[2026-09-01T14:42:21.142] [DEBUG] debug-file - 09-01 14:42:21.143  7072 12540 I C01400/SvgDecodeUtils: SvgDecodeUtils::IsSvgFormat probe svg format, path:D:\Walkie\HarmonyOS\AppScope\resources\base\media\background.png.

[2026-09-01T14:42:21.142] [DEBUG] debug-file - 09-01 14:42:21.143  7072 12540 E C01400/ImageTranscoderUtils: ImageFilter IN D:\Walkie\HarmonyOS\AppScope\resources\base\media\background.png

[2026-09-01T14:42:21.251] [DEBUG] debug-file - [3/169] Building C object CMakeFiles/opus.dir/opus/celt/bands.c.o
clang: warning: argument unused during compilation: '--gcc-toolchain=G:/DevEco Studio/sdk/default/openharmony/native/llvm' [-Wunused-command-line-argument]

[2026-09-01T14:42:21.267] [DEBUG] debug-file - [4/169] Building C object CMakeFiles/opus.dir/opus/celt/entcode.c.o
clang: warning: argument unused during compilation: '--gcc-toolchain=G:/DevEco Studio/sdk/default/openharmony/native/llvm' [-Wunused-command-line-argument]

[2026-09-01T14:42:21.276] [DEBUG] debug-file - [5/169] Building C object CMakeFiles/opus.dir/opus/celt/entdec.c.o
clang: warning: argument unused during compilation: '--gcc-toolchain=G:/DevEco Studio/sdk/default/openharmony/native/llvm' [-Wunused-command-line-argument]

[2026-09-01T14:42:21.308] [DEBUG] debug-file - 09-01 14:42:21.309  7072 12540 I C01400/SvgDecodeUtils: SvgDecodeUtils::IsSvgFormat probe svg format, path:D:\Walkie\HarmonyOS\AppScope\resources\base\media\foreground.png.

[2026-09-01T14:42:21.309] [DEBUG] debug-file - 09-01 14:42:21.309  7072 12540 E C01400/ImageTranscoderUtils: DecodeToRGBA IN
09-01 14:42:21.309  7072 12540 I C01400/SvgDecodeUtils: SvgDecodeUtils::IsSvgFormat probe svg format, path:D:\Walkie\HarmonyOS\AppScope\resources\base\media\foreground.png.
09-01 14:42:21.309  7072 12540 E C01400/ImageTranscoderUtils: ImageFilter IN D:\Walkie\HarmonyOS\AppScope\resources\base\media\foreground.png

[2026-09-01T14:42:21.352] [DEBUG] debug-file - [6/169] Building C object CMakeFiles/opus.dir/opus/celt/celt.c.o
clang: warning: argument unused during compilation: '--gcc-toolchain=G:/DevEco Studio/sdk/default/openharmony/native/llvm' [-Wunused-command-line-argument]

[2026-09-01T14:42:21.397] [DEBUG] debug-file - [7/169] Building C object CMakeFiles/opus.dir/opus/celt/entenc.c.o
clang: warning: argument unused during compilation: '--gcc-toolchain=G:/DevEco Studio/sdk/default/openharmony/native/llvm' [-Wunused-command-line-argument]

[2026-09-01T14:42:21.432] [DEBUG] debug-file - Info: can't scale media json file.

[2026-09-01T14:42:21.432] [DEBUG] debug-file - Warning: The width or height of the png file referenced by the icon exceeds the limit (41 pixels)
at D:\Walkie\HarmonyOS\AppScope\resources\base\media\background.png

[2026-09-01T14:42:21.433] [DEBUG] debug-file - Warning: The width or height of the png file referenced by the icon exceeds the limit (41 pixels)
at D:\Walkie\HarmonyOS\AppScope\resources\base\media\foreground.png

[2026-09-01T14:42:21.433] [DEBUG] debug-file - Warning: D:\Walkie\HarmonyOS\AppScope\resources\base\media\layered_image.json is not png format

[2026-09-01T14:42:21.433] [DEBUG] debug-file - Warning: The width or height of the png file referenced by the startWindowIcon exceeds the limit (144 pixels)
at D:\Walkie\HarmonyOS\entry\src\main\resources\base\media\startIcon.png

[2026-09-01T14:42:21.434] [DEBUG] debug-file - Info: restool resources compile success.

[2026-09-01T14:42:21.444] [DEBUG] debug-file - [8/169] Building C object CMakeFiles/opus.dir/opus/celt/laplace.c.o
clang: warning: argument unused during compilation: '--gcc-toolchain=G:/DevEco Studio/sdk/default/openharmony/native/llvm' [-Wunused-command-line-argument]

[2026-09-01T14:42:21.508] [DEBUG] debug-file - Info: thread pool is stopped

[2026-09-01T14:42:21.534] [DEBUG] debug-file - [9/169] Building C object CMakeFiles/opus.dir/opus/celt/mdct.c.o
clang: warning: argument unused during compilation: '--gcc-toolchain=G:/DevEco Studio/sdk/default/openharmony/native/llvm' [-Wunused-command-line-argument]

[2026-09-01T14:42:21.550] [DEBUG] debug-file - [10/169] Building C object CMakeFiles/opus.dir/opus/celt/kiss_fft.c.o
clang: warning: argument unused during compilation: '--gcc-toolchain=G:/DevEco Studio/sdk/default/openharmony/native/llvm' [-Wunused-command-line-argument]

[2026-09-01T14:42:21.559] [DEBUG] debug-file - [11/169] Building C object CMakeFiles/opus.dir/opus/celt/celt_decoder.c.o
clang: warning: argument unused during compilation: '--gcc-toolchain=G:/DevEco Studio/sdk/default/openharmony/native/llvm' [-Wunused-command-line-argument]

[2026-09-01T14:42:21.705] [DEBUG] debug-file - entry : default@CompileResource cost memory 0.6021499633789062
[2026-09-01T14:42:21.705] [DEBUG] debug-file - runTaskFromQueue task cost before running: 5 s 276 ms 
[2026-09-01T14:42:21.706] [INFO] debug-file - Finished :entry:default@CompileResource... after 1 s 122 ms 
[2026-09-01T14:42:21.707] [DEBUG] debug-file - Executing task :entry:default@CompileArkTS
[2026-09-01T14:42:21.707] [DEBUG] debug-file - obfuscationOptions: undefined
[2026-09-01T14:42:21.712] [DEBUG] debug-file - Task 'entry:default@CompileArkTS' cost while wrapping incremental declarations: 1 ms 
[2026-09-01T14:42:21.719] [DEBUG] debug-file - entry:default@CompileArkTS is not up-to-date, since the input file 'D:\Walkie\HarmonyOS\entry\build\default\intermediates\loader\default' has been changed.
[2026-09-01T14:42:21.719] [DEBUG] debug-file - Incremental task entry:default@CompileArkTS pre-execution cost: 5 ms .
[2026-09-01T14:42:21.735] [DEBUG] debug-file - build config:
[2026-09-01T14:42:21.736] [DEBUG] debug-file - {
  moduleType: 'entry',
  perf: 0,
  targetName: '.default',
  packageManagerType: 'ohpm',
  localPropertiesPath: 'D:\\Walkie\\HarmonyOS\\local.properties',
  isPreview: false,
  isOhosTest: false,
  isLocalTest: false,
  buildMode: 'Debug',
  hotReloadBuild: undefined,
  watchMode: 'false',
  aceProfilePath: 'D:\\Walkie\\HarmonyOS\\entry\\build\\default\\intermediates\\res\\default\\resources\\base\\profile',
  etsLoaderPath: 'G:\\DevEco Studio\\sdk\\default\\openharmony\\ets\\build-tools\\ets-loader',
  modulePath: 'D:\\Walkie\\HarmonyOS\\entry',
  testFrameworkPar: {
    testMode: undefined,
    coveragePathFilter: undefined,
    coverageMode: undefined
  },
  needCoverageInsert: false,
  debugLine: false,
  projectTopDir: 'D:\\Walkie\\HarmonyOS',
  compileSdkVersion: 26,
  compatibleSdkVersion: 24,
  originCompatibleSdkVersion: '6.1.1(24)',
  compatibleSdkVersionStage: undefined,
  bundleName: 'c***s',
  etsLoaderVersion: '26.0.0.105',
  etsLoaderReleaseType: 'Release',
  aotCompileMode: 'type',
  apPath: 'D:\\Walkie\\HarmonyOS\\entry\\modules.ap',
  entryModuleName: 'entry',
  entryModuleVersion: '1.0.0',
  entryPackageName: 'entry',
  allModuleNameHash: 'a8fd18c035955df3504313cc77096cc5eebe701cea4ff96683a97a1834bc7dac',
  externalApiPaths: [ 'G:\\DevEco Studio\\sdk\\default\\hms\\ets' ],
  compilerTypes: [],
  isCrossplatform: false,
  hvigorPluginFile: undefined,
  compilePluginPath: undefined,
  buildGeneratedProfilePath: 'D:\\Walkie\\HarmonyOS\\entry\\build\\default\\generated\\profile\\default',
  bundleType: 'app',
  arkTSVersion: undefined,
  apiVersion: 26,
  needCompleteSourcesMap: false,
  isFaMode: false,
  buildDir: 'D:\\Walkie\\HarmonyOS\\entry\\build',
  buildCacheProjectDir: 'D:\\Walkie\\HarmonyOS',
  deviceTypes: [ 'phone' ],
  pkgContextInfo: {
    'libwalkieopus.so': {
      packageName: 'libwalkieopus.so',
      bundleName: '*****',
      moduleName: '',
      version: '',
      entryPath: 'Index',
      isSO: true,
      dependencyAlias: ''
    },
    '@ohos/hypium': {
      packageName: '@ohos/hypium',
      bundleName: '*****',
      moduleName: '',
      version: '1.0.25',
      entryPath: 'index.js',
      isSO: false,
      dependencyAlias: ''
    },
    '@ohos/hamock': {
      packageName: '@ohos/hamock',
      bundleName: '*****',
      moduleName: '',
      version: '1.0.0',
      entryPath: 'index.ets',
      isSO: false,
      dependencyAlias: ''
    },
    entry: {
      packageName: 'entry',
      bundleName: '*****',
      moduleName: '',
      version: '',
      entryPath: 'src/main/',
      isSO: false,
      dependencyAlias: ''
    },
    'libopus.a': {
      packageName: 'libopus.a',
      bundleName: '*****',
      moduleName: '',
      version: '',
      entryPath: '',
      isSO: true,
      dependencyAlias: ''
    }
  },
  ohPackagePathMap: {},
  dependencyAliasMap: {},
  permission: {
    requestPermissions: [ [Object], [Object], [Object] ],
    definePermissions: undefined
  },
  useGetCurrentBundleName: false,
  projectArkOption: undefined,
  sourceMapDir: undefined,
  branchElimination: false,
  transformLib: undefined,
  tsImportSendable: false,
  resolveConflictMode: true,
  depName2RootPath: {},
  depName2DepInfo: {},
  depName2OhExports: {},
  rootPathSet: [ 'D:\\Walkie\\HarmonyOS' ],
  useNativeResolver: true,
  shouldEmitJs: true,
  useUnifiedAst: false,
  useTscResolve: false,
  singleFileEmit: false,
  userProjectConfig: {
    autoLazyImport: false,
    allowEmptyBundleName: false,
    reExportCheckMode: 'noCheck',
    executionMode: 'memory',
    usePathPlaceholder: false,
    writeRollupCache: true,
    isExpandImportEnabled: false,
    expandImportExclude: '',
    lazyImportExclude: '',
    lazyImportInclude: '',
    ignoreCrossplatformCheck: false,
    isHarDeduplicateEnabled: false,
    skipOhModulesLint: false,
    enableStrictCheckOHModule: false,
    disableSendableCheckRules: [],
    useDeclarationFileSignature: false,
    customizedOptions: undefined,
    integratedHsp: false,
    tsImportSoCheck: false,
    isPreloadSoEnabled: false
  },
  executionMode: 'memory',
  arkCompileCachePath: 'D:\\Walkie\\HarmonyOS\\entry\\build\\default\\cache\\default\\default@CompileArkTS\\esmodule',
  autoLazyFilter: undefined,
  isHarDeduplicateEnabled: false,
  intermediateHarDuplicateDirPath: 'D:\\Walkie\\HarmonyOS\\entry\\build\\default\\intermediates\\har_duplicate\\default',
  autoLazyImport: false,
  allowEmptyBundleName: false,
  reExportCheckMode: 'noCheck',
  usePathPlaceholder: false,
  writeRollupCache: true,
  isExpandImportEnabled: false,
  expandImportExclude: '',
  lazyImportExclude: '',
  lazyImportInclude: '',
  ignoreCrossplatformCheck: false,
  skipOhModulesLint: false,
  enableStrictCheckOHModule: false,
  disableSendableCheckRules: [],
  useDeclarationFileSignature: false,
  customizedOptions: undefined,
  integratedHsp: false,
  tsImportSoCheck: false,
  isPreloadSoEnabled: false,
  strictMode: {
    caseSensitiveCheck: true,
    useNormalizedOHMUrl: true,
    noExternalImportByPath: true
  },
  useNormalizedOHMUrl: true,
  caseSensitiveCheck: true,
  strictCheckerOnly: false,
  aceModuleJsonPath: 'D:\\Walkie\\HarmonyOS\\entry\\build\\default\\intermediates\\res\\default\\ark_module.json',
  appResource: 'D:\\Walkie\\HarmonyOS\\entry\\build\\default\\intermediates\\res\\default\\ResourceTable.txt',
  rawFileResource: 'D:\\Walkie\\HarmonyOS\\entry\\build\\default\\intermediates\\res\\default\\resources\\rawfile',
  resourceTableHash: 'fae0125d63a47f1b42603ade6089d7cdc79e91eb696362cc088354972df05f3d',
  runtimeOS: 'HarmonyOS',
  sdkInfo: 'false:26:26.0.0.105:Release',
  aceModuleRoot: 'D:\\Walkie\\HarmonyOS\\entry\\src\\main\\ets',
  compileMode: 'esmodule',
  aceSuperVisualPath: 'D:\\Walkie\\HarmonyOS\\entry\\src\\main\\supervisual',
  aceBuildJson: 'D:\\Walkie\\HarmonyOS\\entry\\build\\default\\intermediates\\loader\\default\\loader.json',
  cachePath: 'D:\\Walkie\\HarmonyOS\\entry\\build\\default\\cache\\default\\default@CompileArkTS\\esmodule\\debug',
  aceModuleBuild: 'D:\\Walkie\\HarmonyOS\\entry\\build\\default\\intermediates\\loader_out\\default\\ets',
  supportChunks: true,
  declaredFilesPath: undefined,
  shouldCollectDirectImportees: false,
  isByteCodeHarOptimize: false,
  expandImportPath: undefined,
  resourceTableTs: 'D:\\Walkie\\HarmonyOS\\entry\\build\\default\\generated\\r\\default\\ResourceTable.ts',
  moduleMetaInfoFiles: [
    {
      filePath: 'D:\\Walkie\\HarmonyOS\\entry\\build\\default\\generated\\r\\default\\ResourceTable.ts',
      ohmurl: '&entry/build/generated/r/ResourceTable&'
    }
  ],
  pkgNameToPkgBriefInfo: {
    entry: {
      pkgRoot: 'D:\\Walkie\\HarmonyOS\\entry',
      originalSourceRoots: undefined,
      sourceRoots: [Array],
      pkgName: 'entry'
    }
  },
  projectModel: {
    'D:\\Walkie\\HarmonyOS\\entry\\src\\main': {
      moduleName: 'entry',
      modulePkgPath: 'D:\\Walkie\\HarmonyOS\\entry',
      belongProjectPath: 'D:\\Walkie\\HarmonyOS'
    },
    'D:\\Walkie\\HarmonyOS\\entry': {
      moduleName: 'entry',
      modulePkgPath: 'D:\\Walkie\\HarmonyOS\\entry',
      belongProjectPath: 'D:\\Walkie\\HarmonyOS'
    },
    'D:\\Walkie\\HarmonyOS': {
      moduleName: 'HarmonyOS',
      modulePkgPath: 'D:\\Walkie\\HarmonyOS',
      belongProjectPath: 'D:\\Walkie\\HarmonyOS'
    }
  },
  pkgJsonFileHash: '31009a1b1f5fc6d0fc14fddbbb73cb6da7cef12b41ca288f873fad459761e3af',
  allModulePaths: [ 'D:\\Walkie\\HarmonyOS\\entry' ],
  routerMap: {},
  obfuscationOptions: undefined,
  byteCodeHarToDependencyKeys: undefined,
  compileBlockPkg: [],
  mockParams: {
    decorator: '@MockSetup',
    packageName: '@ohos/hamock',
    etsSourceRootPath: 'src/main/ets',
    mockConfigPath: 'D:\\Walkie\\HarmonyOS\\entry\\src\\mock\\mock-config.json5',
    mockConfigKey2ModuleInfo: {},
    source2ModuleIdMap: {}
  },
  copyCodeResourceEnable: true,
  copyCodeResourceExcludes: [],
  copyCodeResourceIncludes: undefined,
  uiTransformOptimization: false,
  sdkPath: 'G:/DevEco Studio/sdk',
  needPreloadSoFileSet: {},
  preloadSoFilePath: 'D:\\Walkie\\HarmonyOS\\entry\\build\\default\\intermediates\\preload\\default\\preload.json',
  useSourceHash: false,
  localModuleParamMap: {},
  otherPaths: {
    'entry/*': [
      '..\\*',
      '..\\..\\..\\build\\default\\generated\\profile\\default\\*'
    ]
  },
  collectImportersConfig: undefined
}
[2026-09-01T14:42:21.736] [DEBUG] debug-file - Compile arkts with external api path: G:\DevEco Studio\sdk\default\hms\ets
[2026-09-01T14:42:21.744] [DEBUG] debug-file - [12/169] Building C object CMakeFiles/opus.dir/opus/celt/mini_kfft.c.o
clang: warning: argument unused during compilation: '--gcc-toolchain=G:/DevEco Studio/sdk/default/openharmony/native/llvm' [-Wunused-command-line-argument]

[2026-09-01T14:42:21.763] [DEBUG] debug-file - before submitting ArkTS compile task to worker pool, config.buildDir: D:\Walkie\HarmonyOS\entry\build
[2026-09-01T14:42:21.763] [DEBUG] debug-file - default@CompileArkTS work[376] is submitted.
[2026-09-01T14:42:21.763] [DEBUG] debug-file - default@CompileArkTS work[376] is pushed to ready queue.
[2026-09-01T14:42:21.763] [DEBUG] debug-file - default@CompileArkTS work[376] is not dispatched.
[2026-09-01T14:42:21.763] [DEBUG] debug-file - CopyResources startTime: 23298024868400
[2026-09-01T14:42:21.763] [DEBUG] debug-file - default@CompileArkTS work[377] is submitted.
[2026-09-01T14:42:21.763] [DEBUG] debug-file - default@CompileArkTS work[377] is pushed to ready queue.
[2026-09-01T14:42:21.763] [DEBUG] debug-file - default@CompileArkTS work[377] is not dispatched.
[2026-09-01T14:42:21.764] [DEBUG] debug-file - entry : default@CompileArkTS cost memory 0.9845962524414062
[2026-09-01T14:42:21.765] [DEBUG] debug-file - Executing task :entry:default@BuildJS
[2026-09-01T14:42:21.765] [DEBUG] debug-file - Task 'entry:default@BuildJS' cost while wrapping incremental declarations: 1 ms 
[2026-09-01T14:42:21.768] [DEBUG] debug-file - entry : default@BuildJS cost memory 0.12176513671875
[2026-09-01T14:42:21.768] [DEBUG] debug-file - runTaskFromQueue task cost before running: 5 s 339 ms 
[2026-09-01T14:42:21.768] [INFO] debug-file - Finished :entry:default@BuildJS... after 4 ms 
[2026-09-01T14:42:21.778] [DEBUG] debug-file - [13/169] Building C object CMakeFiles/opus.dir/opus/celt/opus_custom_demo.c.o
clang: warning: argument unused during compilation: '--gcc-toolchain=G:/DevEco Studio/sdk/default/openharmony/native/llvm' [-Wunused-command-line-argument]

[2026-09-01T14:42:21.794] [DEBUG] debug-file - [14/169] Building C object CMakeFiles/opus.dir/opus/celt/pitch.c.o
clang: warning: argument unused during compilation: '--gcc-toolchain=G:/DevEco Studio/sdk/default/openharmony/native/llvm' [-Wunused-command-line-argument]

[2026-09-01T14:42:21.808] [DEBUG] debug-file - [15/169] Building C object CMakeFiles/opus.dir/opus/celt/modes.c.o
clang: warning: argument unused during compilation: '--gcc-toolchain=G:/DevEco Studio/sdk/default/openharmony/native/llvm' [-Wunused-command-line-argument]

[2026-09-01T14:42:21.817] [DEBUG] debug-file - [16/169] Building C object CMakeFiles/opus.dir/opus/celt/celt_encoder.c.o
clang: warning: argument unused during compilation: '--gcc-toolchain=G:/DevEco Studio/sdk/default/openharmony/native/llvm' [-Wunused-command-line-argument]

[2026-09-01T14:42:21.983] [DEBUG] debug-file - [17/169] Building C object CMakeFiles/opus.dir/opus/celt/quant_bands.c.o
clang: warning: argument unused during compilation: '--gcc-toolchain=G:/DevEco Studio/sdk/default/openharmony/native/llvm' [-Wunused-command-line-argument]

[2026-09-01T14:42:22.018] [DEBUG] debug-file - [18/169] Building C object CMakeFiles/opus.dir/opus/celt/rate.c.o
clang: warning: argument unused during compilation: '--gcc-toolchain=G:/DevEco Studio/sdk/default/openharmony/native/llvm' [-Wunused-command-line-argument]

[2026-09-01T14:42:22.018] [DEBUG] debug-file - A work dispatched to worker[3] failed because unable to get work from ready queue.
[2026-09-01T14:42:22.018] [DEBUG] debug-file - A work dispatched to worker[2] failed because of worker busy.
[2026-09-01T14:42:22.019] [DEBUG] debug-file - Create  resident worker with id: 1.
[2026-09-01T14:42:22.020] [DEBUG] debug-file - default@CompileArkTS work[377] has been dispatched to worker[1].
[2026-09-01T14:42:22.027] [DEBUG] debug-file - [19/169] Building C object CMakeFiles/opus.dir/opus/celt/mathops.c.o

[2026-09-01T14:42:22.028] [DEBUG] debug-file - clang: warning: argument unused during compilation: '--gcc-toolchain=G:/DevEco Studio/sdk/default/openharmony/native/llvm' [-Wunused-command-line-argument]

[2026-09-01T14:42:22.046] [DEBUG] debug-file - [20/169] Building C object CMakeFiles/opus.dir/opus/silk/CNG.c.o
clang: warning: argument unused during compilation: '--gcc-toolchain=G:/DevEco Studio/sdk/default/openharmony/native/llvm' [-Wunused-command-line-argument]

[2026-09-01T14:42:22.055] [DEBUG] debug-file - [21/169] Building C object CMakeFiles/opus.dir/opus/silk/A2NLSF.c.o
clang: warning: argument unused during compilation: '--gcc-toolchain=G:/DevEco Studio/sdk/default/openharmony/native/llvm' [-Wunused-command-line-argument]

[2026-09-01T14:42:22.089] [DEBUG] debug-file - [22/169] Building C object CMakeFiles/opus.dir/opus/celt/vq.c.o
clang: warning: argument unused during compilation: '--gcc-toolchain=G:/DevEco Studio/sdk/default/openharmony/native/llvm' [-Wunused-command-line-argument]

[2026-09-01T14:42:22.277] [DEBUG] debug-file - [23/169] Building C object CMakeFiles/opus.dir/opus/silk/LPC_inv_pred_gain.c.o
clang: warning: argument unused during compilation: '--gcc-toolchain=G:/DevEco Studio/sdk/default/openharmony/native/llvm' [-Wunused-command-line-argument]

[2026-09-01T14:42:22.286] [DEBUG] debug-file - [24/169] Building C object CMakeFiles/opus.dir/opus/silk/LP_variable_cutoff.c.o
clang: warning: argument unused during compilation: '--gcc-toolchain=G:/DevEco Studio/sdk/default/openharmony/native/llvm' [-Wunused-command-line-argument]

[2026-09-01T14:42:22.310] [DEBUG] debug-file - [25/169] Building C object CMakeFiles/opus.dir/opus/silk/LPC_fit.c.o
clang: warning: argument unused during compilation: '--gcc-toolchain=G:/DevEco Studio/sdk/default/openharmony/native/llvm' [-Wunused-command-line-argument]

[2026-09-01T14:42:22.325] [DEBUG] debug-file - [26/169] Building C object CMakeFiles/opus.dir/opus/silk/LPC_analysis_filter.c.o
clang: warning: argument unused during compilation: '--gcc-toolchain=G:/DevEco Studio/sdk/default/openharmony/native/llvm' [-Wunused-command-line-argument]

[2026-09-01T14:42:22.453] [DEBUG] debug-file - [27/169] Building C object CMakeFiles/opus.dir/opus/silk/NLSF2A.c.o
clang: warning: argument unused during compilation: '--gcc-toolchain=G:/DevEco Studio/sdk/default/openharmony/native/llvm' [-Wunused-command-line-argument]

[2026-09-01T14:42:22.539] [DEBUG] debug-file - [28/169] Building C object CMakeFiles/opus.dir/opus/silk/NLSF_decode.c.o
clang: warning: argument unused during compilation: '--gcc-toolchain=G:/DevEco Studio/sdk/default/openharmony/native/llvm' [-Wunused-command-line-argument]

[2026-09-01T14:42:22.552] [DEBUG] debug-file - [29/169] Building C object CMakeFiles/opus.dir/opus/silk/NLSF_del_dec_quant.c.o
clang: warning: argument unused during compilation: '--gcc-toolchain=G:/DevEco Studio/sdk/default/openharmony/native/llvm' [-Wunused-command-line-argument]

[2026-09-01T14:42:22.561] [DEBUG] debug-file - [30/169] Building C object CMakeFiles/opus.dir/opus/silk/NLSF_VQ_weights_laroia.c.o
clang: warning: argument unused during compilation: '--gcc-toolchain=G:/DevEco Studio/sdk/default/openharmony/native/llvm' [-Wunused-command-line-argument]

[2026-09-01T14:42:22.613] [DEBUG] debug-file - [31/169] Building C object CMakeFiles/opus.dir/opus/silk/NLSF_VQ.c.o
clang: warning: argument unused during compilation: '--gcc-toolchain=G:/DevEco Studio/sdk/default/openharmony/native/llvm' [-Wunused-command-line-argument]

[2026-09-01T14:42:22.651] [DEBUG] debug-file - [32/169] Building C object CMakeFiles/opus.dir/opus/silk/HP_variable_cutoff.c.o
clang: warning: argument unused during compilation: '--gcc-toolchain=G:/DevEco Studio/sdk/default/openharmony/native/llvm' [-Wunused-command-line-argument]

[2026-09-01T14:42:22.679] [DEBUG] debug-file - [33/169] Building C object CMakeFiles/opus.dir/opus/silk/NLSF_encode.c.o
clang: warning: argument unused during compilation: '--gcc-toolchain=G:/DevEco Studio/sdk/default/openharmony/native/llvm' [-Wunused-command-line-argument]

[2026-09-01T14:42:22.772] [DEBUG] debug-file - [34/169] Building C object CMakeFiles/opus.dir/opus/silk/NLSF_stabilize.c.o
clang: warning: argument unused during compilation: '--gcc-toolchain=G:/DevEco Studio/sdk/default/openharmony/native/llvm' [-Wunused-command-line-argument]

[2026-09-01T14:42:22.858] [DEBUG] debug-file - A work dispatched to worker[3] failed because unable to get work from ready queue.
[2026-09-01T14:42:22.859] [DEBUG] debug-file - A work dispatched to worker[2] failed because of worker busy.
[2026-09-01T14:42:22.859] [DEBUG] debug-file - A work dispatched to worker[1] failed because of worker busy.
[2026-09-01T14:42:22.859] [DEBUG] debug-file - A work dispatched to worker[0] failed because unable to get work from ready queue.
[2026-09-01T14:42:22.867] [DEBUG] debug-file - [35/169] Building C object CMakeFiles/opus.dir/opus/silk/NSQ_del_dec.c.o
clang: warning: argument unused during compilation: '--gcc-toolchain=G:/DevEco Studio/sdk/default/openharmony/native/llvm' [-Wunused-command-line-argument]

[2026-09-01T14:42:22.876] [DEBUG] debug-file - [36/169] Building C object CMakeFiles/opus.dir/opus/silk/NSQ.c.o
clang: warning: argument unused during compilation: '--gcc-toolchain=G:/DevEco Studio/sdk/default/openharmony/native/llvm' [-Wunused-command-line-argument]

[2026-09-01T14:42:22.909] [DEBUG] debug-file - [37/169] Building C object CMakeFiles/opus.dir/opus/silk/NLSF_unpack.c.o
clang: warning: argument unused during compilation: '--gcc-toolchain=G:/DevEco Studio/sdk/default/openharmony/native/llvm' [-Wunused-command-line-argument]

[2026-09-01T14:42:23.020] [DEBUG] debug-file - [38/169] Building C object CMakeFiles/opus.dir/opus/silk/PLC.c.o
clang: warning: argument unused during compilation: '--gcc-toolchain=G:/DevEco Studio/sdk/default/openharmony/native/llvm' [-Wunused-command-line-argument]

[2026-09-01T14:42:23.033] [DEBUG] debug-file - [39/169] Building C object CMakeFiles/opus.dir/opus/silk/bwexpander.c.o
clang: warning: argument unused during compilation: '--gcc-toolchain=G:/DevEco Studio/sdk/default/openharmony/native/llvm' [-Wunused-command-line-argument]

[2026-09-01T14:42:23.045] [DEBUG] debug-file - [40/169] Building C object CMakeFiles/opus.dir/opus/silk/VQ_WMat_EC.c.o
clang: warning: argument unused during compilation: '--gcc-toolchain=G:/DevEco Studio/sdk/default/openharmony/native/llvm' [-Wunused-command-line-argument]

[2026-09-01T14:42:23.060] [DEBUG] debug-file - [41/169] Building C object CMakeFiles/opus.dir/opus/silk/VAD.c.o
clang: warning: argument unused during compilation: '--gcc-toolchain=G:/DevEco Studio/sdk/default/openharmony/native/llvm' [-Wunused-command-line-argument]

[2026-09-01T14:42:23.085] [DEBUG] debug-file - [42/169] Building C object CMakeFiles/opus.dir/opus/silk/biquad_alt.c.o
clang: warning: argument unused during compilation: '--gcc-toolchain=G:/DevEco Studio/sdk/default/openharmony/native/llvm' [-Wunused-command-line-argument]

[2026-09-01T14:42:23.154] [DEBUG] debug-file - [43/169] Building C object CMakeFiles/opus.dir/opus/silk/check_control_input.c.o
clang: warning: argument unused during compilation: '--gcc-toolchain=G:/DevEco Studio/sdk/default/openharmony/native/llvm' [-Wunused-command-line-argument]

[2026-09-01T14:42:23.163] [DEBUG] debug-file - [44/169] Building C object CMakeFiles/opus.dir/opus/silk/bwexpander_32.c.o
clang: warning: argument unused during compilation: '--gcc-toolchain=G:/DevEco Studio/sdk/default/openharmony/native/llvm' [-Wunused-command-line-argument]

[2026-09-01T14:42:23.172] [DEBUG] debug-file - [45/169] Building C object CMakeFiles/opus.dir/opus/silk/ana_filt_bank_1.c.o
clang: warning: argument unused during compilation: '--gcc-toolchain=G:/DevEco Studio/sdk/default/openharmony/native/llvm' [-Wunused-command-line-argument]

[2026-09-01T14:42:23.190] [DEBUG] debug-file - [46/169] Building C object CMakeFiles/opus.dir/opus/silk/control_SNR.c.o
clang: warning: argument unused during compilation: '--gcc-toolchain=G:/DevEco Studio/sdk/default/openharmony/native/llvm' [-Wunused-command-line-argument]

[2026-09-01T14:42:23.239] [DEBUG] debug-file - [47/169] Building C object CMakeFiles/opus.dir/opus/silk/code_signs.c.o
clang: warning: argument unused during compilation: '--gcc-toolchain=G:/DevEco Studio/sdk/default/openharmony/native/llvm' [-Wunused-command-line-argument]

[2026-09-01T14:42:23.251] [DEBUG] debug-file - [48/169] Building C object CMakeFiles/opus.dir/opus/silk/debug.c.o
clang: warning: argument unused during compilation: '--gcc-toolchain=G:/DevEco Studio/sdk/default/openharmony/native/llvm' [-Wunused-command-line-argument]

[2026-09-01T14:42:23.321] [DEBUG] debug-file - [49/169] Building C object CMakeFiles/opus.dir/opus/silk/control_audio_bandwidth.c.o
clang: warning: argument unused during compilation: '--gcc-toolchain=G:/DevEco Studio/sdk/default/openharmony/native/llvm' [-Wunused-command-line-argument]

[2026-09-01T14:42:23.364] [DEBUG] debug-file - [50/169] Building C object CMakeFiles/opus.dir/opus/silk/dec_API.c.o
clang: warning: argument unused during compilation: '--gcc-toolchain=G:/DevEco Studio/sdk/default/openharmony/native/llvm' [-Wunused-command-line-argument]

[2026-09-01T14:42:23.373] [DEBUG] debug-file - [51/169] Building C object CMakeFiles/opus.dir/opus/silk/decode_frame.c.o
clang: warning: argument unused during compilation: '--gcc-toolchain=G:/DevEco Studio/sdk/default/openharmony/native/llvm' [-Wunused-command-line-argument]

[2026-09-01T14:42:23.385] [DEBUG] debug-file - [52/169] Building C object CMakeFiles/opus.dir/opus/silk/decode_indices.c.o
clang: warning: argument unused during compilation: '--gcc-toolchain=G:/DevEco Studio/sdk/default/openharmony/native/llvm' [-Wunused-command-line-argument]

[2026-09-01T14:42:23.513] [DEBUG] debug-file - [53/169] Building C object CMakeFiles/opus.dir/opus/silk/decoder_set_fs.c.o
clang: warning: argument unused during compilation: '--gcc-toolchain=G:/DevEco Studio/sdk/default/openharmony/native/llvm' [-Wunused-command-line-argument]

[2026-09-01T14:42:23.523] [DEBUG] debug-file - [54/169] Building C object CMakeFiles/opus.dir/opus/silk/decode_pitch.c.o
clang: warning: argument unused during compilation: '--gcc-toolchain=G:/DevEco Studio/sdk/default/openharmony/native/llvm' [-Wunused-command-line-argument]

[2026-09-01T14:42:23.532] [DEBUG] debug-file - [55/169] Building C object CMakeFiles/opus.dir/opus/silk/decode_core.c.o
clang: warning: argument unused during compilation: '--gcc-toolchain=G:/DevEco Studio/sdk/default/openharmony/native/llvm' [-Wunused-command-line-argument]

[2026-09-01T14:42:23.565] [DEBUG] debug-file - [56/169] Building C object CMakeFiles/opus.dir/opus/silk/decode_pulses.c.o
clang: warning: argument unused during compilation: '--gcc-toolchain=G:/DevEco Studio/sdk/default/openharmony/native/llvm' [-Wunused-command-line-argument]

[2026-09-01T14:42:23.601] [DEBUG] debug-file - worker[1] has one work done.
[2026-09-01T14:42:23.601] [DEBUG] debug-file - CopyResources is end, endTime: 23299862321400
[2026-09-01T14:42:23.601] [DEBUG] debug-file - default@CompileArkTS work[377] done.
[2026-09-01T14:42:23.636] [DEBUG] debug-file - [57/169] Building C object CMakeFiles/opus.dir/opus/silk/decode_parameters.c.o
clang: warning: argument unused during compilation: '--gcc-toolchain=G:/DevEco Studio/sdk/default/openharmony/native/llvm' [-Wunused-command-line-argument]

[2026-09-01T14:42:23.739] [DEBUG] debug-file - [58/169] Building C object CMakeFiles/opus.dir/opus/silk/encode_pulses.c.o
clang: warning: argument unused during compilation: '--gcc-toolchain=G:/DevEco Studio/sdk/default/openharmony/native/llvm' [-Wunused-command-line-argument]

[2026-09-01T14:42:23.775] [DEBUG] debug-file - [59/169] Building C object CMakeFiles/opus.dir/opus/silk/encode_indices.c.o
clang: warning: argument unused during compilation: '--gcc-toolchain=G:/DevEco Studio/sdk/default/openharmony/native/llvm' [-Wunused-command-line-argument]

[2026-09-01T14:42:23.784] [DEBUG] debug-file - [60/169] Building C object CMakeFiles/opus.dir/opus/silk/control_codec.c.o
clang: warning: argument unused during compilation: '--gcc-toolchain=G:/DevEco Studio/sdk/default/openharmony/native/llvm' [-Wunused-command-line-argument]

[2026-09-01T14:42:23.803] [DEBUG] debug-file - [61/169] Building C object CMakeFiles/opus.dir/opus/silk/fixed/LTP_analysis_filter_FIX.c.o
clang: warning: argument unused during compilation: '--gcc-toolchain=G:/DevEco Studio/sdk/default/openharmony/native/llvm' [-Wunused-command-line-argument]

[2026-09-01T14:42:23.834] [DEBUG] debug-file - [62/169] Building C object CMakeFiles/opus.dir/opus/silk/fixed/LTP_scale_ctrl_FIX.c.o
clang: warning: argument unused during compilation: '--gcc-toolchain=G:/DevEco Studio/sdk/default/openharmony/native/llvm' [-Wunused-command-line-argument]

[2026-09-01T14:42:23.890] [DEBUG] debug-file - [63/169] Building C object CMakeFiles/opus.dir/opus/silk/fixed/apply_sine_window_FIX.c.o
clang: warning: argument unused during compilation: '--gcc-toolchain=G:/DevEco Studio/sdk/default/openharmony/native/llvm' [-Wunused-command-line-argument]

[2026-09-01T14:42:23.904] [DEBUG] debug-file - [64/169] Building C object CMakeFiles/opus.dir/opus/silk/fixed/autocorr_FIX.c.o
clang: warning: argument unused during compilation: '--gcc-toolchain=G:/DevEco Studio/sdk/default/openharmony/native/llvm' [-Wunused-command-line-argument]
D:/Walkie/HarmonyOS/entry/src/main/cpp/opus/silk/fixed/autocorr_FIX.c:47:29: warning: incompatible pointer types passing 'const opus_int16 *' (aka 'const short *') to parameter of type 'const opus_val16 *' (aka 'const float *') [-Wincompatible-pointer-types]
    *scale = _celt_autocorr(inputData, results, NULL, 0, corrCount-1, inputDataSize, arch);
                            ^~~~~~~~~
D:/Walkie/HarmonyOS/entry/src/main/cpp/opus/celt/celt_lpc.h:63:38: note: passing argument to parameter 'x' here
int _celt_autocorr(const opus_val16 *x, opus_val32 *ac,
                                     ^
D:/Walkie/HarmonyOS/entry/src/main/cpp/opus/silk/fixed/autocorr_FIX.c:47:40: warning: incompatible pointer types passing 'opus_int32 *' (aka 'int *') to parameter of type 'opus_val32 *' (aka 'float *') [-Wincompatible-pointer-types]
    *scale = _celt_autocorr(inputData, results, NULL, 0, corrCount-1, inputDataSize, arch);
                                       ^~~~~~~
D:/Walkie/HarmonyOS/entry/src/main/cpp/opus/celt/celt_lpc.h:63:53: note: passing argument to parameter 'ac' here
int _celt_autocorr(const opus_val16 *x, opus_val32 *ac,
                                                    ^
2 warnings generated.

[2026-09-01T14:42:23.921] [DEBUG] debug-file - [65/169] Building C object CMakeFiles/opus.dir/opus/silk/fixed/corrMatrix_FIX.c.o
clang: warning: argument unused during compilation: '--gcc-toolchain=G:/DevEco Studio/sdk/default/openharmony/native/llvm' [-Wunused-command-line-argument]

[2026-09-01T14:42:23.979] [DEBUG] debug-file - [66/169] Building C object CMakeFiles/opus.dir/opus/silk/fixed/burg_modified_FIX.c.o
clang: warning: argument unused during compilation: '--gcc-toolchain=G:/DevEco Studio/sdk/default/openharmony/native/llvm' [-Wunused-command-line-argument]
D:/Walkie/HarmonyOS/entry/src/main/cpp/opus/silk/fixed/burg_modified_FIX.c:99:30: warning: incompatible pointer types passing 'const opus_int16 *' (aka 'const short *') to parameter of type 'const opus_val16 *' (aka 'const float *') [-Wincompatible-pointer-types]
            celt_pitch_xcorr(x_ptr, x_ptr + 1, xcorr, subfr_length - D, D, arch );
                             ^~~~~
D:/Walkie/HarmonyOS/entry/src/main/cpp/opus/celt/pitch.h:185:38: note: passing argument to parameter '_x' here
celt_pitch_xcorr_c(const opus_val16 *_x, const opus_val16 *_y,
                                     ^
D:/Walkie/HarmonyOS/entry/src/main/cpp/opus/silk/fixed/burg_modified_FIX.c:99:37: warning: incompatible pointer types passing 'const opus_int16 *' (aka 'const short *') to parameter of type 'const opus_val16 *' (aka 'const float *') [-Wincompatible-pointer-types]
            celt_pitch_xcorr(x_ptr, x_ptr + 1, xcorr, subfr_length - D, D, arch );
                                    ^~~~~~~~~
D:/Walkie/HarmonyOS/entry/src/main/cpp/opus/celt/pitch.h:185:60: note: passing argument to parameter '_y' here
celt_pitch_xcorr_c(const opus_val16 *_x, const opus_val16 *_y,
                                                           ^
D:/Walkie/HarmonyOS/entry/src/main/cpp/opus/silk/fixed/burg_modified_FIX.c:99:48: warning: incompatible pointer types passing 'opus_int32[24]' (aka 'int[24]') to parameter of type 'opus_val32 *' (aka 'float *') [-Wincompatible-pointer-types]
            celt_pitch_xcorr(x_ptr, x_ptr + 1, xcorr, subfr_length - D, D, arch );
                                               ^~~~~
D:/Walkie/HarmonyOS/entry/src/main/cpp/opus/celt/pitch.h:186:19: note: passing argument to parameter 'xcorr' here
      opus_val32 *xcorr, int len, int max_pitch, int arch);
                  ^
3 warnings generated.

[2026-09-01T14:42:24.060] [DEBUG] debug-file - [67/169] Building C object CMakeFiles/opus.dir/opus/silk/fixed/find_LPC_FIX.c.o
clang: warning: argument unused during compilation: '--gcc-toolchain=G:/DevEco Studio/sdk/default/openharmony/native/llvm' [-Wunused-command-line-argument]

[2026-09-01T14:42:24.076] [DEBUG] debug-file - [68/169] Building C object CMakeFiles/opus.dir/opus/silk/fixed/encode_frame_FIX.c.o
clang: warning: argument unused during compilation: '--gcc-toolchain=G:/DevEco Studio/sdk/default/openharmony/native/llvm' [-Wunused-command-line-argument]

[2026-09-01T14:42:24.085] [DEBUG] debug-file - [69/169] Building C object CMakeFiles/opus.dir/opus/silk/fixed/find_LTP_FIX.c.o
clang: warning: argument unused during compilation: '--gcc-toolchain=G:/DevEco Studio/sdk/default/openharmony/native/llvm' [-Wunused-command-line-argument]

[2026-09-01T14:42:24.106] [DEBUG] debug-file - [70/169] Building C object CMakeFiles/opus.dir/opus/silk/enc_API.c.o
clang: warning: argument unused during compilation: '--gcc-toolchain=G:/DevEco Studio/sdk/default/openharmony/native/llvm' [-Wunused-command-line-argument]

[2026-09-01T14:42:24.186] [DEBUG] debug-file - [71/169] Building C object CMakeFiles/opus.dir/opus/silk/fixed/find_pitch_lags_FIX.c.o
clang: warning: argument unused during compilation: '--gcc-toolchain=G:/DevEco Studio/sdk/default/openharmony/native/llvm' [-Wunused-command-line-argument]

[2026-09-01T14:42:24.201] [DEBUG] debug-file - [72/169] Building C object CMakeFiles/opus.dir/opus/silk/fixed/k2a_Q16_FIX.c.o
clang: warning: argument unused during compilation: '--gcc-toolchain=G:/DevEco Studio/sdk/default/openharmony/native/llvm' [-Wunused-command-line-argument]

[2026-09-01T14:42:24.247] [DEBUG] debug-file - [73/169] Building C object CMakeFiles/opus.dir/opus/silk/fixed/find_pred_coefs_FIX.c.o
clang: warning: argument unused during compilation: '--gcc-toolchain=G:/DevEco Studio/sdk/default/openharmony/native/llvm' [-Wunused-command-line-argument]

[2026-09-01T14:42:24.255] [DEBUG] debug-file - default@CompileArkTS work[376] has been dispatched to worker[1].
[2026-09-01T14:42:24.266] [DEBUG] debug-file - [74/169] Building C object CMakeFiles/opus.dir/opus/silk/fixed/k2a_FIX.c.o
clang: warning: argument unused during compilation: '--gcc-toolchain=G:/DevEco Studio/sdk/default/openharmony/native/llvm' [-Wunused-command-line-argument]

[2026-09-01T14:42:24.309] [DEBUG] debug-file - [75/169] Building C object CMakeFiles/opus.dir/opus/silk/fixed/noise_shape_analysis_FIX.c.o
clang: warning: argument unused during compilation: '--gcc-toolchain=G:/DevEco Studio/sdk/default/openharmony/native/llvm' [-Wunused-command-line-argument]

[2026-09-01T14:42:24.403] [DEBUG] debug-file - [76/169] Building C object CMakeFiles/opus.dir/opus/silk/fixed/process_gains_FIX.c.o
clang: warning: argument unused during compilation: '--gcc-toolchain=G:/DevEco Studio/sdk/default/openharmony/native/llvm' [-Wunused-command-line-argument]

[2026-09-01T14:42:24.412] [DEBUG] debug-file - [77/169] Building C object CMakeFiles/opus.dir/opus/silk/fixed/pitch_analysis_core_FIX.c.o
clang: warning: argument unused during compilation: '--gcc-toolchain=G:/DevEco Studio/sdk/default/openharmony/native/llvm' [-Wunused-command-line-argument]
D:/Walkie/HarmonyOS/entry/src/main/cpp/opus/silk/fixed/pitch_analysis_core_FIX.c:200:27: warning: incompatible pointer types passing 'const opus_int16 *' (aka 'const short *') to parameter of type 'const opus_val16 *' (aka 'const float *') [-Wincompatible-pointer-types]
        celt_pitch_xcorr( target_ptr, target_ptr - MAX_LAG_4KHZ, xcorr32, SF_LENGTH_8KHZ, MAX_LAG_4KHZ - MIN_LAG_4KHZ + 1, arch );
                          ^~~~~~~~~~
D:/Walkie/HarmonyOS/entry/src/main/cpp/opus/celt/pitch.h:185:38: note: passing argument to parameter '_x' here
celt_pitch_xcorr_c(const opus_val16 *_x, const opus_val16 *_y,
                                     ^
D:/Walkie/HarmonyOS/entry/src/main/cpp/opus/silk/fixed/pitch_analysis_core_FIX.c:200:39: warning: incompatible pointer types passing 'const opus_int16 *' (aka 'const short *') to parameter of type 'const opus_val16 *' (aka 'const float *') [-Wincompatible-pointer-types]
        celt_pitch_xcorr( target_ptr, target_ptr - MAX_LAG_4KHZ, xcorr32, SF_LENGTH_8KHZ, MAX_LAG_4KHZ - MIN_LAG_4KHZ + 1, arch );
                                      ^~~~~~~~~~~~~~~~~~~~~~~~~
D:/Walkie/HarmonyOS/entry/src/main/cpp/opus/celt/pitch.h:185:60: note: passing argument to parameter '_y' here
celt_pitch_xcorr_c(const opus_val16 *_x, const opus_val16 *_y,
                                                           ^
D:/Walkie/HarmonyOS/entry/src/main/cpp/opus/silk/fixed/pitch_analysis_core_FIX.c:200:66: warning: incompatible pointer types passing 'opus_int32[65]' (aka 'int[65]') to parameter of type 'opus_val32 *' (aka 'float *') [-Wincompatible-pointer-types]
        celt_pitch_xcorr( target_ptr, target_ptr - MAX_LAG_4KHZ, xcorr32, SF_LENGTH_8KHZ, MAX_LAG_4KHZ - MIN_LAG_4KHZ + 1, arch );
                                                                 ^~~~~~~
D:/Walkie/HarmonyOS/entry/src/main/cpp/opus/celt/pitch.h:186:19: note: passing argument to parameter 'xcorr' here
      opus_val32 *xcorr, int len, int max_pitch, int arch);
                  ^
D:/Walkie/HarmonyOS/entry/src/main/cpp/opus/silk/fixed/pitch_analysis_core_FIX.c:616:27: warning: incompatible pointer types passing 'const opus_int16 *' (aka 'const short *') to parameter of type 'const opus_val16 *' (aka 'const float *') [-Wincompatible-pointer-types]
        celt_pitch_xcorr( target_ptr, target_ptr - start_lag - lag_high, xcorr32, sf_length, lag_high - lag_low + 1, arch );
                          ^~~~~~~~~~
D:/Walkie/HarmonyOS/entry/src/main/cpp/opus/celt/pitch.h:185:38: note: passing argument to parameter '_x' here
celt_pitch_xcorr_c(const opus_val16 *_x, const opus_val16 *_y,
                                     ^
D:/Walkie/HarmonyOS/entry/src/main/cpp/opus/silk/fixed/pitch_analysis_core_FIX.c:616:39: warning: incompatible pointer types passing 'const opus_int16 *' (aka 'const short *') to parameter of type 'const opus_val16 *' (aka 'const float *') [-Wincompatible-pointer-types]
        celt_pitch_xcorr( target_ptr, target_ptr - start_lag - lag_high, xcorr32, sf_length, lag_high - lag_low + 1, arch );
                                      ^~~~~~~~~~~~~~~~~~~~~~~~~~~~~~~~~
D:/Walkie/HarmonyOS/entry/src/main/cpp/opus/celt/pitch.h:185:60: note: passing argument to parameter '_y' here
celt_pitch_xcorr_c(const opus_val16 *_x, const opus_val16 *_y,
                                                           ^
D:/Walkie/HarmonyOS/entry/src/main/cpp/opus/silk/fixed/pitch_analysis_core_FIX.c:616:74: warning: incompatible pointer types passing 'opus_int32[22]' (aka 'int[22]') to parameter of type 'opus_val32 *' (aka 'float *') [-Wincompatible-pointer-types]
        celt_pitch_xcorr( target_ptr, target_ptr - start_lag - lag_high, xcorr32, sf_length, lag_high - lag_low + 1, arch );
                                                                         ^~~~~~~
D:/Walkie/HarmonyOS/entry/src/main/cpp/opus/celt/pitch.h:186:19: note: passing argument to parameter 'xcorr' here
      opus_val32 *xcorr, int len, int max_pitch, int arch);
                  ^
6 warnings generated.

[2026-09-01T14:42:24.421] [DEBUG] debug-file - [78/169] Building C object CMakeFiles/opus.dir/opus/silk/fixed/residual_energy_FIX.c.o
clang: warning: argument unused during compilation: '--gcc-toolchain=G:/DevEco Studio/sdk/default/openharmony/native/llvm' [-Wunused-command-line-argument]

[2026-09-01T14:42:24.431] [DEBUG] debug-file - [79/169] Building C object CMakeFiles/opus.dir/opus/silk/fixed/regularize_correlations_FIX.c.o
clang: warning: argument unused during compilation: '--gcc-toolchain=G:/DevEco Studio/sdk/default/openharmony/native/llvm' [-Wunused-command-line-argument]

[2026-09-01T14:42:24.540] [DEBUG] debug-file - [80/169] Building C object CMakeFiles/opus.dir/opus/silk/fixed/schur64_FIX.c.o
clang: warning: argument unused during compilation: '--gcc-toolchain=G:/DevEco Studio/sdk/default/openharmony/native/llvm' [-Wunused-command-line-argument]

[2026-09-01T14:42:24.610] [DEBUG] debug-file - [81/169] Building C object CMakeFiles/opus.dir/opus/silk/fixed/residual_energy16_FIX.c.o
clang: warning: argument unused during compilation: '--gcc-toolchain=G:/DevEco Studio/sdk/default/openharmony/native/llvm' [-Wunused-command-line-argument]

[2026-09-01T14:42:24.630] [DEBUG] debug-file - [82/169] Building C object CMakeFiles/opus.dir/opus/silk/fixed/schur_FIX.c.o
clang: warning: argument unused during compilation: '--gcc-toolchain=G:/DevEco Studio/sdk/default/openharmony/native/llvm' [-Wunused-command-line-argument]

[2026-09-01T14:42:24.639] [DEBUG] debug-file - [83/169] Building C object CMakeFiles/opus.dir/opus/silk/fixed/vector_ops_FIX.c.o
clang: warning: argument unused during compilation: '--gcc-toolchain=G:/DevEco Studio/sdk/default/openharmony/native/llvm' [-Wunused-command-line-argument]

[2026-09-01T14:42:24.699] [DEBUG] debug-file - [84/169] Building C object CMakeFiles/opus.dir/opus/silk/fixed/warped_autocorrelation_FIX.c.o
clang: warning: argument unused during compilation: '--gcc-toolchain=G:/DevEco Studio/sdk/default/openharmony/native/llvm' [-Wunused-command-line-argument]

[2026-09-01T14:42:25.050] [DEBUG] debug-file - [85/169] Building C object CMakeFiles/opus.dir/opus/silk/float/LPC_analysis_filter_FLP.c.o
clang: warning: argument unused during compilation: '--gcc-toolchain=G:/DevEco Studio/sdk/default/openharmony/native/llvm' [-Wunused-command-line-argument]

[2026-09-01T14:42:25.097] [DEBUG] debug-file - [86/169] Building C object CMakeFiles/opus.dir/opus/silk/float/LTP_scale_ctrl_FLP.c.o
clang: warning: argument unused during compilation: '--gcc-toolchain=G:/DevEco Studio/sdk/default/openharmony/native/llvm' [-Wunused-command-line-argument]

[2026-09-01T14:42:25.112] [DEBUG] debug-file - [87/169] Building C object CMakeFiles/opus.dir/opus/silk/float/LPC_inv_pred_gain_FLP.c.o
clang: warning: argument unused during compilation: '--gcc-toolchain=G:/DevEco Studio/sdk/default/openharmony/native/llvm' [-Wunused-command-line-argument]

[2026-09-01T14:42:25.121] [DEBUG] debug-file - [88/169] Building C object CMakeFiles/opus.dir/opus/silk/float/LTP_analysis_filter_FLP.c.o
clang: warning: argument unused during compilation: '--gcc-toolchain=G:/DevEco Studio/sdk/default/openharmony/native/llvm' [-Wunused-command-line-argument]

[2026-09-01T14:42:25.129] [DEBUG] debug-file - [89/169] Building C object CMakeFiles/opus.dir/opus/silk/float/apply_sine_window_FLP.c.o
clang: warning: argument unused during compilation: '--gcc-toolchain=G:/DevEco Studio/sdk/default/openharmony/native/llvm' [-Wunused-command-line-argument]

[2026-09-01T14:42:25.348] [DEBUG] debug-file - [90/169] Building C object CMakeFiles/opus.dir/opus/silk/float/autocorrelation_FLP.c.o
clang: warning: argument unused during compilation: '--gcc-toolchain=G:/DevEco Studio/sdk/default/openharmony/native/llvm' [-Wunused-command-line-argument]

[2026-09-01T14:42:25.560] [DEBUG] debug-file - [91/169] Building C object CMakeFiles/opus.dir/opus/silk/float/burg_modified_FLP.c.o
clang: warning: argument unused during compilation: '--gcc-toolchain=G:/DevEco Studio/sdk/default/openharmony/native/llvm' [-Wunused-command-line-argument]

[2026-09-01T14:42:25.571] [DEBUG] debug-file - [92/169] Building C object CMakeFiles/opus.dir/opus/silk/float/bwexpander_FLP.c.o
clang: warning: argument unused during compilation: '--gcc-toolchain=G:/DevEco Studio/sdk/default/openharmony/native/llvm' [-Wunused-command-line-argument]

[2026-09-01T14:42:25.583] [DEBUG] debug-file - [93/169] Building C object CMakeFiles/opus.dir/opus/silk/float/corrMatrix_FLP.c.o
clang: warning: argument unused during compilation: '--gcc-toolchain=G:/DevEco Studio/sdk/default/openharmony/native/llvm' [-Wunused-command-line-argument]

[2026-09-01T14:42:25.674] [DEBUG] debug-file - [94/169] Building C object CMakeFiles/opus.dir/opus/silk/float/encode_frame_FLP.c.o
clang: warning: argument unused during compilation: '--gcc-toolchain=G:/DevEco Studio/sdk/default/openharmony/native/llvm' [-Wunused-command-line-argument]

[2026-09-01T14:42:25.684] [DEBUG] debug-file - [95/169] Building C object CMakeFiles/opus.dir/opus/silk/float/energy_FLP.c.o
clang: warning: argument unused during compilation: '--gcc-toolchain=G:/DevEco Studio/sdk/default/openharmony/native/llvm' [-Wunused-command-line-argument]

[2026-09-01T14:42:25.994] [DEBUG] debug-file - [96/169] Building C object CMakeFiles/opus.dir/opus/silk/float/find_LPC_FLP.c.o
clang: warning: argument unused during compilation: '--gcc-toolchain=G:/DevEco Studio/sdk/default/openharmony/native/llvm' [-Wunused-command-line-argument]

[2026-09-01T14:42:26.073] [DEBUG] debug-file - [97/169] Building C object CMakeFiles/opus.dir/opus/silk/float/find_LTP_FLP.c.o
clang: warning: argument unused during compilation: '--gcc-toolchain=G:/DevEco Studio/sdk/default/openharmony/native/llvm' [-Wunused-command-line-argument]

[2026-09-01T14:42:26.119] [DEBUG] debug-file - [98/169] Building C object CMakeFiles/opus.dir/opus/silk/float/find_pitch_lags_FLP.c.o
clang: warning: argument unused during compilation: '--gcc-toolchain=G:/DevEco Studio/sdk/default/openharmony/native/llvm' [-Wunused-command-line-argument]

[2026-09-01T14:42:26.209] [DEBUG] debug-file - [99/169] Building C object CMakeFiles/opus.dir/opus/silk/float/find_pred_coefs_FLP.c.o
clang: warning: argument unused during compilation: '--gcc-toolchain=G:/DevEco Studio/sdk/default/openharmony/native/llvm' [-Wunused-command-line-argument]

[2026-09-01T14:42:26.258] [DEBUG] debug-file - [100/169] Building C object CMakeFiles/opus.dir/opus/silk/float/inner_product_FLP.c.o
clang: warning: argument unused during compilation: '--gcc-toolchain=G:/DevEco Studio/sdk/default/openharmony/native/llvm' [-Wunused-command-line-argument]

[2026-09-01T14:42:26.345] [DEBUG] debug-file - [101/169] Building C object CMakeFiles/opus.dir/opus/silk/float/k2a_FLP.c.o
clang: warning: argument unused during compilation: '--gcc-toolchain=G:/DevEco Studio/sdk/default/openharmony/native/llvm' [-Wunused-command-line-argument]

[2026-09-01T14:42:26.605] [DEBUG] debug-file - [102/169] Building C object CMakeFiles/opus.dir/opus/silk/float/noise_shape_analysis_FLP.c.o
clang: warning: argument unused during compilation: '--gcc-toolchain=G:/DevEco Studio/sdk/default/openharmony/native/llvm' [-Wunused-command-line-argument]

[2026-09-01T14:42:26.672] [DEBUG] debug-file - [103/169] Building C object CMakeFiles/opus.dir/opus/silk/float/process_gains_FLP.c.o
clang: warning: argument unused during compilation: '--gcc-toolchain=G:/DevEco Studio/sdk/default/openharmony/native/llvm' [-Wunused-command-line-argument]

[2026-09-01T14:42:26.769] [DEBUG] debug-file - [104/169] Building C object CMakeFiles/opus.dir/opus/silk/float/pitch_analysis_core_FLP.c.o
clang: warning: argument unused during compilation: '--gcc-toolchain=G:/DevEco Studio/sdk/default/openharmony/native/llvm' [-Wunused-command-line-argument]

[2026-09-01T14:42:26.822] [DEBUG] debug-file - [105/169] Building C object CMakeFiles/opus.dir/opus/silk/float/regularize_correlations_FLP.c.o
clang: warning: argument unused during compilation: '--gcc-toolchain=G:/DevEco Studio/sdk/default/openharmony/native/llvm' [-Wunused-command-line-argument]

[2026-09-01T14:42:26.891] [DEBUG] debug-file - [106/169] Building C object CMakeFiles/opus.dir/opus/silk/float/residual_energy_FLP.c.o
clang: warning: argument unused during compilation: '--gcc-toolchain=G:/DevEco Studio/sdk/default/openharmony/native/llvm' [-Wunused-command-line-argument]

[2026-09-01T14:42:26.959] [DEBUG] debug-file - [107/169] Building C object CMakeFiles/opus.dir/opus/silk/float/scale_copy_vector_FLP.c.o
clang: warning: argument unused during compilation: '--gcc-toolchain=G:/DevEco Studio/sdk/default/openharmony/native/llvm' [-Wunused-command-line-argument]

[2026-09-01T14:42:27.088] [DEBUG] debug-file - [108/169] Building C object CMakeFiles/opus.dir/opus/silk/gain_quant.c.o
clang: warning: argument unused during compilation: '--gcc-toolchain=G:/DevEco Studio/sdk/default/openharmony/native/llvm' [-Wunused-command-line-argument]

[2026-09-01T14:42:27.173] [DEBUG] debug-file - [109/169] Building C object CMakeFiles/opus.dir/opus/silk/float/schur_FLP.c.o
clang: warning: argument unused during compilation: '--gcc-toolchain=G:/DevEco Studio/sdk/default/openharmony/native/llvm' [-Wunused-command-line-argument]

[2026-09-01T14:42:27.206] [DEBUG] debug-file - [110/169] Building C object CMakeFiles/opus.dir/opus/silk/float/scale_vector_FLP.c.o
clang: warning: argument unused during compilation: '--gcc-toolchain=G:/DevEco Studio/sdk/default/openharmony/native/llvm' [-Wunused-command-line-argument]

[2026-09-01T14:42:27.214] [DEBUG] debug-file - [111/169] Building C object CMakeFiles/opus.dir/opus/silk/float/sort_FLP.c.o
clang: warning: argument unused during compilation: '--gcc-toolchain=G:/DevEco Studio/sdk/default/openharmony/native/llvm' [-Wunused-command-line-argument]

[2026-09-01T14:42:27.223] [DEBUG] debug-file - [112/169] Building C object CMakeFiles/opus.dir/opus/silk/init_decoder.c.o
clang: warning: argument unused during compilation: '--gcc-toolchain=G:/DevEco Studio/sdk/default/openharmony/native/llvm' [-Wunused-command-line-argument]

[2026-09-01T14:42:27.307] [DEBUG] debug-file - [113/169] Building C object CMakeFiles/opus.dir/opus/silk/float/warped_autocorrelation_FLP.c.o
clang: warning: argument unused during compilation: '--gcc-toolchain=G:/DevEco Studio/sdk/default/openharmony/native/llvm' [-Wunused-command-line-argument]

[2026-09-01T14:42:27.328] [DEBUG] debug-file - [114/169] Building C object CMakeFiles/opus.dir/opus/silk/inner_prod_aligned.c.o
clang: warning: argument unused during compilation: '--gcc-toolchain=G:/DevEco Studio/sdk/default/openharmony/native/llvm' [-Wunused-command-line-argument]

[2026-09-01T14:42:27.336] [DEBUG] debug-file - [115/169] Building C object CMakeFiles/opus.dir/opus/silk/interpolate.c.o
clang: warning: argument unused during compilation: '--gcc-toolchain=G:/DevEco Studio/sdk/default/openharmony/native/llvm' [-Wunused-command-line-argument]

[2026-09-01T14:42:27.352] [DEBUG] debug-file - [116/169] Building C object CMakeFiles/opus.dir/opus/silk/lin2log.c.o
clang: warning: argument unused during compilation: '--gcc-toolchain=G:/DevEco Studio/sdk/default/openharmony/native/llvm' [-Wunused-command-line-argument]

[2026-09-01T14:42:27.509] [DEBUG] debug-file - [117/169] Building C object CMakeFiles/opus.dir/opus/silk/float/wrappers_FLP.c.o
clang: warning: argument unused during compilation: '--gcc-toolchain=G:/DevEco Studio/sdk/default/openharmony/native/llvm' [-Wunused-command-line-argument]

[2026-09-01T14:42:27.558] [DEBUG] debug-file - [118/169] Building C object CMakeFiles/opus.dir/opus/silk/log2lin.c.o
clang: warning: argument unused during compilation: '--gcc-toolchain=G:/DevEco Studio/sdk/default/openharmony/native/llvm' [-Wunused-command-line-argument]

[2026-09-01T14:42:27.614] [DEBUG] debug-file - [119/169] Building C object CMakeFiles/opus.dir/opus/silk/pitch_est_tables.c.o
clang: warning: argument unused during compilation: '--gcc-toolchain=G:/DevEco Studio/sdk/default/openharmony/native/llvm' [-Wunused-command-line-argument]

[2026-09-01T14:42:27.627] [DEBUG] debug-file - [120/169] Building C object CMakeFiles/opus.dir/opus/silk/process_NLSFs.c.o
clang: warning: argument unused during compilation: '--gcc-toolchain=G:/DevEco Studio/sdk/default/openharmony/native/llvm' [-Wunused-command-line-argument]

[2026-09-01T14:42:27.682] [DEBUG] debug-file - [121/169] Building C object CMakeFiles/opus.dir/opus/silk/quant_LTP_gains.c.o
clang: warning: argument unused during compilation: '--gcc-toolchain=G:/DevEco Studio/sdk/default/openharmony/native/llvm' [-Wunused-command-line-argument]

[2026-09-01T14:42:27.776] [DEBUG] debug-file - [122/169] Building C object CMakeFiles/opus.dir/opus/silk/resampler_down2_3.c.o
clang: warning: argument unused during compilation: '--gcc-toolchain=G:/DevEco Studio/sdk/default/openharmony/native/llvm' [-Wunused-command-line-argument]

[2026-09-01T14:42:27.836] [DEBUG] debug-file - [123/169] Building C object CMakeFiles/opus.dir/opus/silk/resampler_private_AR2.c.o
clang: warning: argument unused during compilation: '--gcc-toolchain=G:/DevEco Studio/sdk/default/openharmony/native/llvm' [-Wunused-command-line-argument]

[2026-09-01T14:42:27.851] [DEBUG] debug-file - [124/169] Building C object CMakeFiles/opus.dir/opus/silk/init_encoder.c.o
clang: warning: argument unused during compilation: '--gcc-toolchain=G:/DevEco Studio/sdk/default/openharmony/native/llvm' [-Wunused-command-line-argument]

[2026-09-01T14:42:27.880] [DEBUG] debug-file - [125/169] Building C object CMakeFiles/opus.dir/opus/silk/resampler_down2.c.o
clang: warning: argument unused during compilation: '--gcc-toolchain=G:/DevEco Studio/sdk/default/openharmony/native/llvm' [-Wunused-command-line-argument]

[2026-09-01T14:42:27.966] [DEBUG] debug-file - [126/169] Building C object CMakeFiles/opus.dir/opus/silk/resampler.c.o
clang: warning: argument unused during compilation: '--gcc-toolchain=G:/DevEco Studio/sdk/default/openharmony/native/llvm' [-Wunused-command-line-argument]

[2026-09-01T14:42:28.042] [DEBUG] debug-file - [127/169] Building C object CMakeFiles/opus.dir/opus/silk/resampler_private_IIR_FIR.c.o
clang: warning: argument unused during compilation: '--gcc-toolchain=G:/DevEco Studio/sdk/default/openharmony/native/llvm' [-Wunused-command-line-argument]

[2026-09-01T14:42:28.055] [DEBUG] debug-file - [128/169] Building C object CMakeFiles/opus.dir/opus/silk/resampler_private_down_FIR.c.o
clang: warning: argument unused during compilation: '--gcc-toolchain=G:/DevEco Studio/sdk/default/openharmony/native/llvm' [-Wunused-command-line-argument]

[2026-09-01T14:42:28.064] [DEBUG] debug-file - [129/169] Building C object CMakeFiles/opus.dir/opus/silk/resampler_rom.c.o
clang: warning: argument unused during compilation: '--gcc-toolchain=G:/DevEco Studio/sdk/default/openharmony/native/llvm' [-Wunused-command-line-argument]

[2026-09-01T14:42:28.189] [DEBUG] debug-file - [130/169] Building C object CMakeFiles/opus.dir/opus/silk/sort.c.o
clang: warning: argument unused during compilation: '--gcc-toolchain=G:/DevEco Studio/sdk/default/openharmony/native/llvm' [-Wunused-command-line-argument]

[2026-09-01T14:42:28.211] [DEBUG] debug-file - [131/169] Building C object CMakeFiles/opus.dir/opus/silk/resampler_private_up2_HQ.c.o
clang: warning: argument unused during compilation: '--gcc-toolchain=G:/DevEco Studio/sdk/default/openharmony/native/llvm' [-Wunused-command-line-argument]

[2026-09-01T14:42:28.226] [DEBUG] debug-file - [132/169] Building C object CMakeFiles/opus.dir/opus/silk/shell_coder.c.o
clang: warning: argument unused during compilation: '--gcc-toolchain=G:/DevEco Studio/sdk/default/openharmony/native/llvm' [-Wunused-command-line-argument]

[2026-09-01T14:42:28.337] [DEBUG] debug-file - [133/169] Building C object CMakeFiles/opus.dir/opus/silk/sigm_Q15.c.o
clang: warning: argument unused during compilation: '--gcc-toolchain=G:/DevEco Studio/sdk/default/openharmony/native/llvm' [-Wunused-command-line-argument]

[2026-09-01T14:42:28.428] [DEBUG] debug-file - [134/169] Building C object CMakeFiles/opus.dir/opus/silk/stereo_MS_to_LR.c.o
clang: warning: argument unused during compilation: '--gcc-toolchain=G:/DevEco Studio/sdk/default/openharmony/native/llvm' [-Wunused-command-line-argument]

[2026-09-01T14:42:28.479] [DEBUG] debug-file - [135/169] Building C object CMakeFiles/opus.dir/opus/silk/stereo_LR_to_MS.c.o
clang: warning: argument unused during compilation: '--gcc-toolchain=G:/DevEco Studio/sdk/default/openharmony/native/llvm' [-Wunused-command-line-argument]

[2026-09-01T14:42:28.495] [DEBUG] debug-file - [136/169] Building C object CMakeFiles/opus.dir/opus/silk/stereo_find_predictor.c.o
clang: warning: argument unused during compilation: '--gcc-toolchain=G:/DevEco Studio/sdk/default/openharmony/native/llvm' [-Wunused-command-line-argument]

[2026-09-01T14:42:28.510] [DEBUG] debug-file - [137/169] Building C object CMakeFiles/opus.dir/opus/silk/stereo_encode_pred.c.o
clang: warning: argument unused during compilation: '--gcc-toolchain=G:/DevEco Studio/sdk/default/openharmony/native/llvm' [-Wunused-command-line-argument]

[2026-09-01T14:42:28.572] [DEBUG] debug-file - [138/169] Building C object CMakeFiles/opus.dir/opus/silk/stereo_decode_pred.c.o
clang: warning: argument unused during compilation: '--gcc-toolchain=G:/DevEco Studio/sdk/default/openharmony/native/llvm' [-Wunused-command-line-argument]

[2026-09-01T14:42:28.650] [DEBUG] debug-file - [139/169] Building C object CMakeFiles/opus.dir/opus/silk/stereo_quant_pred.c.o
clang: warning: argument unused during compilation: '--gcc-toolchain=G:/DevEco Studio/sdk/default/openharmony/native/llvm' [-Wunused-command-line-argument]

[2026-09-01T14:42:28.675] [DEBUG] debug-file - [140/169] Building C object CMakeFiles/opus.dir/opus/silk/sum_sqr_shift.c.o
clang: warning: argument unused during compilation: '--gcc-toolchain=G:/DevEco Studio/sdk/default/openharmony/native/llvm' [-Wunused-command-line-argument]

[2026-09-01T14:42:28.684] [DEBUG] debug-file - [141/169] Building C object CMakeFiles/opus.dir/opus/silk/tables_NLSF_CB_NB_MB.c.o
clang: warning: argument unused during compilation: '--gcc-toolchain=G:/DevEco Studio/sdk/default/openharmony/native/llvm' [-Wunused-command-line-argument]

[2026-09-01T14:42:28.698] [DEBUG] debug-file - [142/169] Building C object CMakeFiles/opus.dir/opus/silk/table_LSF_cos.c.o
clang: warning: argument unused during compilation: '--gcc-toolchain=G:/DevEco Studio/sdk/default/openharmony/native/llvm' [-Wunused-command-line-argument]

[2026-09-01T14:42:28.791] [DEBUG] debug-file - [143/169] Building C object CMakeFiles/opus.dir/opus/silk/tables_LTP.c.o
clang: warning: argument unused during compilation: '--gcc-toolchain=G:/DevEco Studio/sdk/default/openharmony/native/llvm' [-Wunused-command-line-argument]

[2026-09-01T14:42:28.843] [DEBUG] debug-file - [144/169] Building C object CMakeFiles/opus.dir/opus/silk/tables_NLSF_CB_WB.c.o
clang: warning: argument unused during compilation: '--gcc-toolchain=G:/DevEco Studio/sdk/default/openharmony/native/llvm' [-Wunused-command-line-argument]

[2026-09-01T14:42:28.853] [DEBUG] debug-file - [145/169] Building C object CMakeFiles/opus.dir/opus/silk/tables_gain.c.o
clang: warning: argument unused during compilation: '--gcc-toolchain=G:/DevEco Studio/sdk/default/openharmony/native/llvm' [-Wunused-command-line-argument]

[2026-09-01T14:42:28.862] [DEBUG] debug-file - [146/169] Building C object CMakeFiles/opus.dir/opus/silk/tables_pitch_lag.c.o
clang: warning: argument unused during compilation: '--gcc-toolchain=G:/DevEco Studio/sdk/default/openharmony/native/llvm' [-Wunused-command-line-argument]

[2026-09-01T14:42:28.965] [DEBUG] debug-file - [147/169] Building C object CMakeFiles/opus.dir/opus/silk/tables_other.c.o
clang: warning: argument unused during compilation: '--gcc-toolchain=G:/DevEco Studio/sdk/default/openharmony/native/llvm' [-Wunused-command-line-argument]

[2026-09-01T14:42:28.996] [DEBUG] debug-file - [148/169] Building C object CMakeFiles/opus.dir/opus/silk/tables_pulses_per_block.c.o
clang: warning: argument unused during compilation: '--gcc-toolchain=G:/DevEco Studio/sdk/default/openharmony/native/llvm' [-Wunused-command-line-argument]

[2026-09-01T14:42:29.005] [DEBUG] debug-file - [149/169] Building C object CMakeFiles/opus.dir/opus/src/mlp.c.o
clang: warning: argument unused during compilation: '--gcc-toolchain=G:/DevEco Studio/sdk/default/openharmony/native/llvm' [-Wunused-command-line-argument]

[2026-09-01T14:42:29.138] [DEBUG] debug-file - [150/169] Building C object CMakeFiles/opus.dir/opus/src/extensions.c.o
clang: warning: argument unused during compilation: '--gcc-toolchain=G:/DevEco Studio/sdk/default/openharmony/native/llvm' [-Wunused-command-line-argument]

[2026-09-01T14:42:29.152] [DEBUG] debug-file - [151/169] Building C object CMakeFiles/opus.dir/opus/src/mlp_data.c.o
clang: warning: argument unused during compilation: '--gcc-toolchain=G:/DevEco Studio/sdk/default/openharmony/native/llvm' [-Wunused-command-line-argument]

[2026-09-01T14:42:29.334] [DEBUG] debug-file - [152/169] Building C object CMakeFiles/opus.dir/opus/src/opus.c.o
clang: warning: argument unused during compilation: '--gcc-toolchain=G:/DevEco Studio/sdk/default/openharmony/native/llvm' [-Wunused-command-line-argument]

[2026-09-01T14:42:29.348] [DEBUG] debug-file - [153/169] Building C object CMakeFiles/opus.dir/opus/src/opus_compare.c.o
clang: warning: argument unused during compilation: '--gcc-toolchain=G:/DevEco Studio/sdk/default/openharmony/native/llvm' [-Wunused-command-line-argument]

[2026-09-01T14:42:29.671] [DEBUG] debug-file - [154/169] Building C object CMakeFiles/opus.dir/opus/src/mapping_matrix.c.o
clang: warning: argument unused during compilation: '--gcc-toolchain=G:/DevEco Studio/sdk/default/openharmony/native/llvm' [-Wunused-command-line-argument]

[2026-09-01T14:42:29.679] [DEBUG] debug-file - [155/169] Building C object CMakeFiles/opus.dir/opus/src/analysis.c.o
clang: warning: argument unused during compilation: '--gcc-toolchain=G:/DevEco Studio/sdk/default/openharmony/native/llvm' [-Wunused-command-line-argument]

[2026-09-01T14:42:29.688] [DEBUG] debug-file - [156/169] Building C object CMakeFiles/opus.dir/opus/src/opus_demo.c.o
clang: warning: argument unused during compilation: '--gcc-toolchain=G:/DevEco Studio/sdk/default/openharmony/native/llvm' [-Wunused-command-line-argument]

[2026-09-01T14:42:29.938] [DEBUG] debug-file - [157/169] Building C object CMakeFiles/opus.dir/opus/src/opus_projection_decoder.c.o
clang: warning: argument unused during compilation: '--gcc-toolchain=G:/DevEco Studio/sdk/default/openharmony/native/llvm' [-Wunused-command-line-argument]

[2026-09-01T14:42:30.113] [DEBUG] debug-file - [158/169] Building C object CMakeFiles/opus.dir/opus/src/opus_decoder.c.o
clang: warning: argument unused during compilation: '--gcc-toolchain=G:/DevEco Studio/sdk/default/openharmony/native/llvm' [-Wunused-command-line-argument]
D:/Walkie/HarmonyOS/entry/src/main/cpp/opus/src/opus_decoder.c:38:10: warning: You appear to be compiling without optimization, if so opus will be very slow. [-W#pragma-messages]
# pragma message "You appear to be compiling without optimization, if so opus will be very slow."
         ^
1 warning generated.

[2026-09-01T14:42:30.139] [DEBUG] debug-file - [159/169] Building C object CMakeFiles/opus.dir/opus/src/opus_multistream.c.o
clang: warning: argument unused during compilation: '--gcc-toolchain=G:/DevEco Studio/sdk/default/openharmony/native/llvm' [-Wunused-command-line-argument]

[2026-09-01T14:42:30.365] [DEBUG] debug-file - [160/169] Building C object CMakeFiles/opus.dir/opus/src/repacketizer.c.o
clang: warning: argument unused during compilation: '--gcc-toolchain=G:/DevEco Studio/sdk/default/openharmony/native/llvm' [-Wunused-command-line-argument]

[2026-09-01T14:42:30.374] [DEBUG] debug-file - [161/169] Building C object CMakeFiles/opus.dir/opus/src/qext_compare.c.o
clang: warning: argument unused during compilation: '--gcc-toolchain=G:/DevEco Studio/sdk/default/openharmony/native/llvm' [-Wunused-command-line-argument]

[2026-09-01T14:42:30.404] [DEBUG] debug-file - [162/169] Building C object CMakeFiles/opus.dir/opus/src/opus_projection_encoder.c.o
clang: warning: argument unused during compilation: '--gcc-toolchain=G:/DevEco Studio/sdk/default/openharmony/native/llvm' [-Wunused-command-line-argument]

[2026-09-01T14:42:30.412] [DEBUG] debug-file - [163/169] Building C object CMakeFiles/opus.dir/opus/src/opus_multistream_encoder.c.o
clang: warning: argument unused during compilation: '--gcc-toolchain=G:/DevEco Studio/sdk/default/openharmony/native/llvm' [-Wunused-command-line-argument]

[2026-09-01T14:42:30.501] [DEBUG] debug-file - [164/169] Building C object CMakeFiles/opus.dir/opus/src/repacketizer_demo.c.o
clang: warning: argument unused during compilation: '--gcc-toolchain=G:/DevEco Studio/sdk/default/openharmony/native/llvm' [-Wunused-command-line-argument]

[2026-09-01T14:42:30.504] [DEBUG] debug-file - [165/169] Building C object CMakeFiles/opus.dir/opus/src/opus_multistream_decoder.c.o
clang: warning: argument unused during compilation: '--gcc-toolchain=G:/DevEco Studio/sdk/default/openharmony/native/llvm' [-Wunused-command-line-argument]

[2026-09-01T14:42:30.518] [DEBUG] debug-file - [166/169] Building C object CMakeFiles/opus.dir/opus/src/opus_encoder.c.o
clang: warning: argument unused during compilation: '--gcc-toolchain=G:/DevEco Studio/sdk/default/openharmony/native/llvm' [-Wunused-command-line-argument]

[2026-09-01T14:42:30.579] [DEBUG] debug-file - [167/169] Building CXX object CMakeFiles/walkieopus.dir/walkie_opus_napi.cpp.o
clang++: warning: argument unused during compilation: '--gcc-toolchain=G:/DevEco Studio/sdk/default/openharmony/native/llvm' [-Wunused-command-line-argument]

[2026-09-01T14:42:31.724] [DEBUG] debug-file - [168/169] Linking C static library libopus.a

[2026-09-01T14:42:31.881] [DEBUG] debug-file - [169/169] Linking CXX shared library D:\Walkie\HarmonyOS\entry\build\default\intermediates\cmake\default\obj\arm64-v8a\libwalkieopus.so

[2026-09-01T14:42:31.906] [WARN] debug-file - When performing compilation for the arm64-v8a architecture:
[33mclang: warning: argument unused during compilation: '--gcc-toolchain=G:/DevEco Studio/sdk/default/openharmony/native/llvm' [-Wunused-command-line-argument][33m[39m
[33mclang: warning: argument unused during compilation: '--gcc-toolchain=G:/DevEco Studio/sdk/default/openharmony/native/llvm' [-Wunused-command-line-argument][33m[39m
[33mclang: warning: argument unused during compilation: '--gcc-toolchain=G:/DevEco Studio/sdk/default/openharmony/native/llvm' [-Wunused-command-line-argument][33m[39m
[33mclang: warning: argument unused during compilation: '--gcc-toolchain=G:/DevEco Studio/sdk/default/openharmony/native/llvm' [-Wunused-command-line-argument][33m[39m
[33mclang: warning: argument unused during compilation: '--gcc-toolchain=G:/DevEco Studio/sdk/default/openharmony/native/llvm' [-Wunused-command-line-argument][33m[39m
[33mclang: warning: argument unused during compilation: '--gcc-toolchain=G:/DevEco Studio/sdk/default/openharmony/native/llvm' [-Wunused-command-line-argument][33m[39m
[33mclang: warning: argument unused during compilation: '--gcc-toolchain=G:/DevEco Studio/sdk/default/openharmony/native/llvm' [-Wunused-command-line-argument][33m[39m
[33mclang: warning: argument unused during compilation: '--gcc-toolchain=G:/DevEco Studio/sdk/default/openharmony/native/llvm' [-Wunused-command-line-argument][33m[39m
[33mclang: warning: argument unused during compilation: '--gcc-toolchain=G:/DevEco Studio/sdk/default/openharmony/native/llvm' [-Wunused-command-line-argument][33m[39m
[33mclang: warning: argument unused during compilation: '--gcc-toolchain=G:/DevEco Studio/sdk/default/openharmony/native/llvm' [-Wunused-command-line-argument][33m[39m
[33mclang: warning: argument unused during compilation: '--gcc-toolchain=G:/DevEco Studio/sdk/default/openharmony/native/llvm' [-Wunused-command-line-argument][33m[39m
[33mclang: warning: argument unused during compilation: '--gcc-toolchain=G:/DevEco Studio/sdk/default/openharmony/native/llvm' [-Wunused-command-line-argument][33m[39m
[33mclang: warning: argument unused during compilation: '--gcc-toolchain=G:/DevEco Studio/sdk/default/openharmony/native/llvm' [-Wunused-command-line-argument][33m[39m
[33mclang: warning: argument unused during compilation: '--gcc-toolchain=G:/DevEco Studio/sdk/default/openharmony/native/llvm' [-Wunused-command-line-argument][33m[39m
[33mclang: warning: argument unused during compilation: '--gcc-toolchain=G:/DevEco Studio/sdk/default/openharmony/native/llvm' [-Wunused-command-line-argument][33m[39m
[33mclang: warning: argument unused during compilation: '--gcc-toolchain=G:/DevEco Studio/sdk/default/openharmony/native/llvm' [-Wunused-command-line-argument][33m[39m
[33mclang: warning: argument unused during compilation: '--gcc-toolchain=G:/DevEco Studio/sdk/default/openharmony/native/llvm' [-Wunused-command-line-argument][33m[39m
[33mclang: warning: argument unused during compilation: '--gcc-toolchain=G:/DevEco Studio/sdk/default/openharmony/native/llvm' [-Wunused-command-line-argument][33m[39m
[33mclang: warning: argument unused during compilation: '--gcc-toolchain=G:/DevEco Studio/sdk/default/openharmony/native/llvm' [-Wunused-command-line-argument][33m[39m
[33mclang: warning: argument unused during compilation: '--gcc-toolchain=G:/DevEco Studio/sdk/default/openharmony/native/llvm' [-Wunused-command-line-argument][33m[39m
[33mclang: warning: argument unused during compilation: '--gcc-toolchain=G:/DevEco Studio/sdk/default/openharmony/native/llvm' [-Wunused-command-line-argument][33m[39m
[33mclang: warning: argument unused during compilation: '--gcc-toolchain=G:/DevEco Studio/sdk/default/openharmony/native/llvm' [-Wunused-command-line-argument][33m[39m
[33mclang: warning: argument unused during compilation: '--gcc-toolchain=G:/DevEco Studio/sdk/default/openharmony/native/llvm' [-Wunused-command-line-argument][33m[39m
[33mclang: warning: argument unused during compilation: '--gcc-toolchain=G:/DevEco Studio/sdk/default/openharmony/native/llvm' [-Wunused-command-line-argument][33m[39m
[33mclang: warning: argument unused during compilation: '--gcc-toolchain=G:/DevEco Studio/sdk/default/openharmony/native/llvm' [-Wunused-command-line-argument][33m[39m
[33mclang: warning: argument unused during compilation: '--gcc-toolchain=G:/DevEco Studio/sdk/default/openharmony/native/llvm' [-Wunused-command-line-argument][33m[39m
[33mclang: warning: argument unused during compilation: '--gcc-toolchain=G:/DevEco Studio/sdk/default/openharmony/native/llvm' [-Wunused-command-line-argument][33m[39m
[33mclang: warning: argument unused during compilation: '--gcc-toolchain=G:/DevEco Studio/sdk/default/openharmony/native/llvm' [-Wunused-command-line-argument][33m[39m
[33mclang: warning: argument unused during compilation: '--gcc-toolchain=G:/DevEco Studio/sdk/default/openharmony/native/llvm' [-Wunused-command-line-argument][33m[39m
[33mclang: warning: argument unused during compilation: '--gcc-toolchain=G:/DevEco Studio/sdk/default/openharmony/native/llvm' [-Wunused-command-line-argument][33m[39m
[33mclang: warning: argument unused during compilation: '--gcc-toolchain=G:/DevEco Studio/sdk/default/openharmony/native/llvm' [-Wunused-command-line-argument][33m[39m
[33mclang: warning: argument unused during compilation: '--gcc-toolchain=G:/DevEco Studio/sdk/default/openharmony/native/llvm' [-Wunused-command-line-argument][33m[39m
[33mclang: warning: argument unused during compilation: '--gcc-toolchain=G:/DevEco Studio/sdk/default/openharmony/native/llvm' [-Wunused-command-line-argument][33m[39m
[33mclang: warning: argument unused during compilation: '--gcc-toolchain=G:/DevEco Studio/sdk/default/openharmony/native/llvm' [-Wunused-command-line-argument][33m[39m
[33mclang: warning: argument unused during compilation: '--gcc-toolchain=G:/DevEco Studio/sdk/default/openharmony/native/llvm' [-Wunused-command-line-argument][33m[39m
[33mclang: warning: argument unused during compilation: '--gcc-toolchain=G:/DevEco Studio/sdk/default/openharmony/native/llvm' [-Wunused-command-line-argument][33m[39m
[33mclang: warning: argument unused during compilation: '--gcc-toolchain=G:/DevEco Studio/sdk/default/openharmony/native/llvm' [-Wunused-command-line-argument][33m[39m
[33mclang: warning: argument unused during compilation: '--gcc-toolchain=G:/DevEco Studio/sdk/default/openharmony/native/llvm' [-Wunused-command-line-argument][33m[39m
[33mclang: warning: argument unused during compilation: '--gcc-toolchain=G:/DevEco Studio/sdk/default/openharmony/native/llvm' [-Wunused-command-line-argument][33m[39m
[33mclang: warning: argument unused during compilation: '--gcc-toolchain=G:/DevEco Studio/sdk/default/openharmony/native/llvm' [-Wunused-command-line-argument][33m[39m
[33mclang: warning: argument unused during compilation: '--gcc-toolchain=G:/DevEco Studio/sdk/default/openharmony/native/llvm' [-Wunused-command-line-argument][33m[39m
[33mclang: warning: argument unused during compilation: '--gcc-toolchain=G:/DevEco Studio/sdk/default/openharmony/native/llvm' [-Wunused-command-line-argument][33m[39m
[33mclang: warning: argument unused during compilation: '--gcc-toolchain=G:/DevEco Studio/sdk/default/openharmony/native/llvm' [-Wunused-command-line-argument][33m[39m
[33mclang: warning: argument unused during compilation: '--gcc-toolchain=G:/DevEco Studio/sdk/default/openharmony/native/llvm' [-Wunused-command-line-argument][33m[39m
[33mclang: warning: argument unused during compilation: '--gcc-toolchain=G:/DevEco Studio/sdk/default/openharmony/native/llvm' [-Wunused-command-line-argument][33m[39m
[33mclang: warning: argument unused during compilation: '--gcc-toolchain=G:/DevEco Studio/sdk/default/openharmony/native/llvm' [-Wunused-command-line-argument][33m[39m
[33mclang: warning: argument unused during compilation: '--gcc-toolchain=G:/DevEco Studio/sdk/default/openharmony/native/llvm' [-Wunused-command-line-argument][33m[39m
[33mclang: warning: argument unused during compilation: '--gcc-toolchain=G:/DevEco Studio/sdk/default/openharmony/native/llvm' [-Wunused-command-line-argument][33m[39m
[33mclang: warning: argument unused during compilation: '--gcc-toolchain=G:/DevEco Studio/sdk/default/openharmony/native/llvm' [-Wunused-command-line-argument][33m[39m
[33mclang: warning: argument unused during compilation: '--gcc-toolchain=G:/DevEco Studio/sdk/default/openharmony/native/llvm' [-Wunused-command-line-argument][33m[39m
[33mclang: warning: argument unused during compilation: '--gcc-toolchain=G:/DevEco Studio/sdk/default/openharmony/native/llvm' [-Wunused-command-line-argument][33m[39m
[33mclang: warning: argument unused during compilation: '--gcc-toolchain=G:/DevEco Studio/sdk/default/openharmony/native/llvm' [-Wunused-command-line-argument][33m[39m
[33mclang: warning: argument unused during compilation: '--gcc-toolchain=G:/DevEco Studio/sdk/default/openharmony/native/llvm' [-Wunused-command-line-argument][33m[39m
[33mclang: warning: argument unused during compilation: '--gcc-toolchain=G:/DevEco Studio/sdk/default/openharmony/native/llvm' [-Wunused-command-line-argument][33m[39m
[33mclang: warning: argument unused during compilation: '--gcc-toolchain=G:/DevEco Studio/sdk/default/openharmony/native/llvm' [-Wunused-command-line-argument][33m[39m
[33mclang: warning: argument unused during compilation: '--gcc-toolchain=G:/DevEco Studio/sdk/default/openharmony/native/llvm' [-Wunused-command-line-argument][33m[39m
[33mclang: warning: argument unused during compilation: '--gcc-toolchain=G:/DevEco Studio/sdk/default/openharmony/native/llvm' [-Wunused-command-line-argument][33m[39m
[33mclang: warning: argument unused during compilation: '--gcc-toolchain=G:/DevEco Studio/sdk/default/openharmony/native/llvm' [-Wunused-command-line-argument][33m[39m
[33mclang: warning: argument unused during compilation: '--gcc-toolchain=G:/DevEco Studio/sdk/default/openharmony/native/llvm' [-Wunused-command-line-argument][33m[39m
[33mclang: warning: argument unused during compilation: '--gcc-toolchain=G:/DevEco Studio/sdk/default/openharmony/native/llvm' [-Wunused-command-line-argument][33m[39m
[33mclang: warning: argument unused during compilation: '--gcc-toolchain=G:/DevEco Studio/sdk/default/openharmony/native/llvm' [-Wunused-command-line-argument][33m[39m
[33mclang: warning: argument unused during compilation: '--gcc-toolchain=G:/DevEco Studio/sdk/default/openharmony/native/llvm' [-Wunused-command-line-argument][33m[39m
[33mclang: warning: argument unused during compilation: '--gcc-toolchain=G:/DevEco Studio/sdk/default/openharmony/native/llvm' [-Wunused-command-line-argument][33m[39m
[33mclang: warning: argument unused during compilation: '--gcc-toolchain=G:/DevEco Studio/sdk/default/openharmony/native/llvm' [-Wunused-command-line-argument][33m[39m
[33mD:/Walkie/HarmonyOS/entry/src/main/cpp/opus/silk/fixed/autocorr_FIX.c:47:29: warning: incompatible pointer types passing 'const opus_int16 *' (aka 'const short *') to parameter of type 'const opus_val16 *' (aka 'const float *') [-Wincompatible-pointer-types][33m[39m
[33m    *scale = _celt_autocorr(inputData, results, NULL, 0, corrCount-1, inputDataSize, arch);[33m[39m
[33m                            ^~~~~~~~~[33m[39m
[33mD:/Walkie/HarmonyOS/entry/src/main/cpp/opus/celt/celt_lpc.h:63:38: note: passing argument to parameter 'x' here[33m[39m
[33mint _celt_autocorr(const opus_val16 *x, opus_val32 *ac,[33m[39m
[33m                                     ^[33m[39m
[33mD:/Walkie/HarmonyOS/entry/src/main/cpp/opus/silk/fixed/autocorr_FIX.c:47:40: warning: incompatible pointer types passing 'opus_int32 *' (aka 'int *') to parameter of type 'opus_val32 *' (aka 'float *') [-Wincompatible-pointer-types][33m[39m
[33m    *scale = _celt_autocorr(inputData, results, NULL, 0, corrCount-1, inputDataSize, arch);[33m[39m
[33m                                       ^~~~~~~[33m[39m
[33mD:/Walkie/HarmonyOS/entry/src/main/cpp/opus/celt/celt_lpc.h:63:53: note: passing argument to parameter 'ac' here[33m[39m
[33mint _celt_autocorr(const opus_val16 *x, opus_val32 *ac,[33m[39m
[33m                                                    ^[33m[39m
[33m2 warnings generated.[33m[39m
[33mclang: warning: argument unused during compilation: '--gcc-toolchain=G:/DevEco Studio/sdk/default/openharmony/native/llvm' [-Wunused-command-line-argument][33m[39m
[33mclang: warning: argument unused during compilation: '--gcc-toolchain=G:/DevEco Studio/sdk/default/openharmony/native/llvm' [-Wunused-command-line-argument][33m[39m
[33mD:/Walkie/HarmonyOS/entry/src/main/cpp/opus/silk/fixed/burg_modified_FIX.c:99:30: warning: incompatible pointer types passing 'const opus_int16 *' (aka 'const short *') to parameter of type 'const opus_val16 *' (aka 'const float *') [-Wincompatible-pointer-types][33m[39m
[33m            celt_pitch_xcorr(x_ptr, x_ptr + 1, xcorr, subfr_length - D, D, arch );[33m[39m
[33m                             ^~~~~[33m[39m
[33mD:/Walkie/HarmonyOS/entry/src/main/cpp/opus/celt/pitch.h:185:38: note: passing argument to parameter '_x' here[33m[39m
[33mcelt_pitch_xcorr_c(const opus_val16 *_x, const opus_val16 *_y,[33m[39m
[33m                                     ^[33m[39m
[33mD:/Walkie/HarmonyOS/entry/src/main/cpp/opus/silk/fixed/burg_modified_FIX.c:99:37: warning: incompatible pointer types passing 'const opus_int16 *' (aka 'const short *') to parameter of type 'const opus_val16 *' (aka 'const float *') [-Wincompatible-pointer-types][33m[39m
[33m            celt_pitch_xcorr(x_ptr, x_ptr + 1, xcorr, subfr_length - D, D, arch );[33m[39m
[33m                                    ^~~~~~~~~[33m[39m
[33mD:/Walkie/HarmonyOS/entry/src/main/cpp/opus/celt/pitch.h:185:60: note: passing argument to parameter '_y' here[33m[39m
[33mcelt_pitch_xcorr_c(const opus_val16 *_x, const opus_val16 *_y,[33m[39m
[33m                                                           ^[33m[39m
[33mD:/Walkie/HarmonyOS/entry/src/main/cpp/opus/silk/fixed/burg_modified_FIX.c:99:48: warning: incompatible pointer types passing 'opus_int32[24]' (aka 'int[24]') to parameter of type 'opus_val32 *' (aka 'float *') [-Wincompatible-pointer-types][33m[39m
[33m            celt_pitch_xcorr(x_ptr, x_ptr + 1, xcorr, subfr_length - D, D, arch );[33m[39m
[33m                                               ^~~~~[33m[39m
[33mD:/Walkie/HarmonyOS/entry/src/main/cpp/opus/celt/pitch.h:186:19: note: passing argument to parameter 'xcorr' here[33m[39m
[33m      opus_val32 *xcorr, int len, int max_pitch, int arch);[33m[39m
[33m                  ^[33m[39m
[33m3 warnings generated.[33m[39m
[33mclang: warning: argument unused during compilation: '--gcc-toolchain=G:/DevEco Studio/sdk/default/openharmony/native/llvm' [-Wunused-command-line-argument][33m[39m
[33mclang: warning: argument unused during compilation: '--gcc-toolchain=G:/DevEco Studio/sdk/default/openharmony/native/llvm' [-Wunused-command-line-argument][33m[39m
[33mclang: warning: argument unused during compilation: '--gcc-toolchain=G:/DevEco Studio/sdk/default/openharmony/native/llvm' [-Wunused-command-line-argument][33m[39m
[33mclang: warning: argument unused during compilation: '--gcc-toolchain=G:/DevEco Studio/sdk/default/openharmony/native/llvm' [-Wunused-command-line-argument][33m[39m
[33mclang: warning: argument unused during compilation: '--gcc-toolchain=G:/DevEco Studio/sdk/default/openharmony/native/llvm' [-Wunused-command-line-argument][33m[39m
[33mclang: warning: argument unused during compilation: '--gcc-toolchain=G:/DevEco Studio/sdk/default/openharmony/native/llvm' [-Wunused-command-line-argument][33m[39m
[33mclang: warning: argument unused during compilation: '--gcc-toolchain=G:/DevEco Studio/sdk/default/openharmony/native/llvm' [-Wunused-command-line-argument][33m[39m
[33mclang: warning: argument unused during compilation: '--gcc-toolchain=G:/DevEco Studio/sdk/default/openharmony/native/llvm' [-Wunused-command-line-argument][33m[39m
[33mclang: warning: argument unused during compilation: '--gcc-toolchain=G:/DevEco Studio/sdk/default/openharmony/native/llvm' [-Wunused-command-line-argument][33m[39m
[33mclang: warning: argument unused during compilation: '--gcc-toolchain=G:/DevEco Studio/sdk/default/openharmony/native/llvm' [-Wunused-command-line-argument][33m[39m
[33mclang: warning: argument unused during compilation: '--gcc-toolchain=G:/DevEco Studio/sdk/default/openharmony/native/llvm' [-Wunused-command-line-argument][33m[39m
[33mD:/Walkie/HarmonyOS/entry/src/main/cpp/opus/silk/fixed/pitch_analysis_core_FIX.c:200:27: warning: incompatible pointer types passing 'const opus_int16 *' (aka 'const short *') to parameter of type 'const opus_val16 *' (aka 'const float *') [-Wincompatible-pointer-types][33m[39m
[33m        celt_pitch_xcorr( target_ptr, target_ptr - MAX_LAG_4KHZ, xcorr32, SF_LENGTH_8KHZ, MAX_LAG_4KHZ - MIN_LAG_4KHZ + 1, arch );[33m[39m
[33m                          ^~~~~~~~~~[33m[39m
[33mD:/Walkie/HarmonyOS/entry/src/main/cpp/opus/celt/pitch.h:185:38: note: passing argument to parameter '_x' here[33m[39m
[33mcelt_pitch_xcorr_c(const opus_val16 *_x, const opus_val16 *_y,[33m[39m
[33m                                     ^[33m[39m
[33mD:/Walkie/HarmonyOS/entry/src/main/cpp/opus/silk/fixed/pitch_analysis_core_FIX.c:200:39: warning: incompatible pointer types passing 'const opus_int16 *' (aka 'const short *') to parameter of type 'const opus_val16 *' (aka 'const float *') [-Wincompatible-pointer-types][33m[39m
[33m        celt_pitch_xcorr( target_ptr, target_ptr - MAX_LAG_4KHZ, xcorr32, SF_LENGTH_8KHZ, MAX_LAG_4KHZ - MIN_LAG_4KHZ + 1, arch );[33m[39m
[33m                                      ^~~~~~~~~~~~~~~~~~~~~~~~~[33m[39m
[33mD:/Walkie/HarmonyOS/entry/src/main/cpp/opus/celt/pitch.h:185:60: note: passing argument to parameter '_y' here[33m[39m
[33mcelt_pitch_xcorr_c(const opus_val16 *_x, const opus_val16 *_y,[33m[39m
[33m                                                           ^[33m[39m
[33mD:/Walkie/HarmonyOS/entry/src/main/cpp/opus/silk/fixed/pitch_analysis_core_FIX.c:200:66: warning: incompatible pointer types passing 'opus_int32[65]' (aka 'int[65]') to parameter of type 'opus_val32 *' (aka 'float *') [-Wincompatible-pointer-types][33m[39m
[33m        celt_pitch_xcorr( target_ptr, target_ptr - MAX_LAG_4KHZ, xcorr32, SF_LENGTH_8KHZ, MAX_LAG_4KHZ - MIN_LAG_4KHZ + 1, arch );[33m[39m
[33m                                                                 ^~~~~~~[33m[39m
[33mD:/Walkie/HarmonyOS/entry/src/main/cpp/opus/celt/pitch.h:186:19: note: passing argument to parameter 'xcorr' here[33m[39m
[33m      opus_val32 *xcorr, int len, int max_pitch, int arch);[33m[39m
[33m                  ^[33m[39m
[33mD:/Walkie/HarmonyOS/entry/src/main/cpp/opus/silk/fixed/pitch_analysis_core_FIX.c:616:27: warning: incompatible pointer types passing 'const opus_int16 *' (aka 'const short *') to parameter of type 'const opus_val16 *' (aka 'const float *') [-Wincompatible-pointer-types][33m[39m
[33m        celt_pitch_xcorr( target_ptr, target_ptr - start_lag - lag_high, xcorr32, sf_length, lag_high - lag_low + 1, arch );[33m[39m
[33m                          ^~~~~~~~~~[33m[39m
[33mD:/Walkie/HarmonyOS/entry/src/main/cpp/opus/celt/pitch.h:185:38: note: passing argument to parameter '_x' here[33m[39m
[33mcelt_pitch_xcorr_c(const opus_val16 *_x, const opus_val16 *_y,[33m[39m
[33m                                     ^[33m[39m
[33mD:/Walkie/HarmonyOS/entry/src/main/cpp/opus/silk/fixed/pitch_analysis_core_FIX.c:616:39: warning: incompatible pointer types passing 'const opus_int16 *' (aka 'const short *') to parameter of type 'const opus_val16 *' (aka 'const float *') [-Wincompatible-pointer-types][33m[39m
[33m        celt_pitch_xcorr( target_ptr, target_ptr - start_lag - lag_high, xcorr32, sf_length, lag_high - lag_low + 1, arch );[33m[39m
[33m                                      ^~~~~~~~~~~~~~~~~~~~~~~~~~~~~~~~~[33m[39m
[33mD:/Walkie/HarmonyOS/entry/src/main/cpp/opus/celt/pitch.h:185:60: note: passing argument to parameter '_y' here[33m[39m
[33mcelt_pitch_xcorr_c(const opus_val16 *_x, const opus_val16 *_y,[33m[39m
[33m                                                           ^[33m[39m
[33mD:/Walkie/HarmonyOS/entry/src/main/cpp/opus/silk/fixed/pitch_analysis_core_FIX.c:616:74: warning: incompatible pointer types passing 'opus_int32[22]' (aka 'int[22]') to parameter of type 'opus_val32 *' (aka 'float *') [-Wincompatible-pointer-types][33m[39m
[33m        celt_pitch_xcorr( target_ptr, target_ptr - start_lag - lag_high, xcorr32, sf_length, lag_high - lag_low + 1, arch );[33m[39m
[33m                                                                         ^~~~~~~[33m[39m
[33mD:/Walkie/HarmonyOS/entry/src/main/cpp/opus/celt/pitch.h:186:19: note: passing argument to parameter 'xcorr' here[33m[39m
[33m      opus_val32 *xcorr, int len, int max_pitch, int arch);[33m[39m
[33m                  ^[33m[39m
[33m6 warnings generated.[33m[39m
[33mclang: warning: argument unused during compilation: '--gcc-toolchain=G:/DevEco Studio/sdk/default/openharmony/native/llvm' [-Wunused-command-line-argument][33m[39m
[33mclang: warning: argument unused during compilation: '--gcc-toolchain=G:/DevEco Studio/sdk/default/openharmony/native/llvm' [-Wunused-command-line-argument][33m[39m
[33mclang: warning: argument unused during compilation: '--gcc-toolchain=G:/DevEco Studio/sdk/default/openharmony/native/llvm' [-Wunused-command-line-argument][33m[39m
[33mclang: warning: argument unused during compilation: '--gcc-toolchain=G:/DevEco Studio/sdk/default/openharmony/native/llvm' [-Wunused-command-line-argument][33m[39m
[33mclang: warning: argument unused during compilation: '--gcc-toolchain=G:/DevEco Studio/sdk/default/openharmony/native/llvm' [-Wunused-command-line-argument][33m[39m
[33mclang: warning: argument unused during compilation: '--gcc-toolchain=G:/DevEco Studio/sdk/default/openharmony/native/llvm' [-Wunused-command-line-argument][33m[39m
[33mclang: warning: argument unused during compilation: '--gcc-toolchain=G:/DevEco Studio/sdk/default/openharmony/native/llvm' [-Wunused-command-line-argument][33m[39m
[33mclang: warning: argument unused during compilation: '--gcc-toolchain=G:/DevEco Studio/sdk/default/openharmony/native/llvm' [-Wunused-command-line-argument][33m[39m
[33mclang: warning: argument unused during compilation: '--gcc-toolchain=G:/DevEco Studio/sdk/default/openharmony/native/llvm' [-Wunused-command-line-argument][33m[39m
[33mclang: warning: argument unused during compilation: '--gcc-toolchain=G:/DevEco Studio/sdk/default/openharmony/native/llvm' [-Wunused-command-line-argument][33m[39m
[33mclang: warning: argument unused during compilation: '--gcc-toolchain=G:/DevEco Studio/sdk/default/openharmony/native/llvm' [-Wunused-command-line-argument][33m[39m
[33mclang: warning: argument unused during compilation: '--gcc-toolchain=G:/DevEco Studio/sdk/default/openharmony/native/llvm' [-Wunused-command-line-argument][33m[39m
[33mclang: warning: argument unused during compilation: '--gcc-toolchain=G:/DevEco Studio/sdk/default/openharmony/native/llvm' [-Wunused-command-line-argument][33m[39m
[33mclang: warning: argument unused during compilation: '--gcc-toolchain=G:/DevEco Studio/sdk/default/openharmony/native/llvm' [-Wunused-command-line-argument][33m[39m
[33mclang: warning: argument unused during compilation: '--gcc-toolchain=G:/DevEco Studio/sdk/default/openharmony/native/llvm' [-Wunused-command-line-argument][33m[39m
[33mclang: warning: argument unused during compilation: '--gcc-toolchain=G:/DevEco Studio/sdk/default/openharmony/native/llvm' [-Wunused-command-line-argument][33m[39m
[33mclang: warning: argument unused during compilation: '--gcc-toolchain=G:/DevEco Studio/sdk/default/openharmony/native/llvm' [-Wunused-command-line-argument][33m[39m
[33mclang: warning: argument unused during compilation: '--gcc-toolchain=G:/DevEco Studio/sdk/default/openharmony/native/llvm' [-Wunused-command-line-argument][33m[39m
[33mclang: warning: argument unused during compilation: '--gcc-toolchain=G:/DevEco Studio/sdk/default/openharmony/native/llvm' [-Wunused-command-line-argument][33m[39m
[33mclang: warning: argument unused during compilation: '--gcc-toolchain=G:/DevEco Studio/sdk/default/openharmony/native/llvm' [-Wunused-command-line-argument][33m[39m
[33mclang: warning: argument unused during compilation: '--gcc-toolchain=G:/DevEco Studio/sdk/default/openharmony/native/llvm' [-Wunused-command-line-argument][33m[39m
[33mclang: warning: argument unused during compilation: '--gcc-toolchain=G:/DevEco Studio/sdk/default/openharmony/native/llvm' [-Wunused-command-line-argument][33m[39m
[33mclang: warning: argument unused during compilation: '--gcc-toolchain=G:/DevEco Studio/sdk/default/openharmony/native/llvm' [-Wunused-command-line-argument][33m[39m
[33mclang: warning: argument unused during compilation: '--gcc-toolchain=G:/DevEco Studio/sdk/default/openharmony/native/llvm' [-Wunused-command-line-argument][33m[39m
[33mclang: warning: argument unused during compilation: '--gcc-toolchain=G:/DevEco Studio/sdk/default/openharmony/native/llvm' [-Wunused-command-line-argument][33m[39m
[33mclang: warning: argument unused during compilation: '--gcc-toolchain=G:/DevEco Studio/sdk/default/openharmony/native/llvm' [-Wunused-command-line-argument][33m[39m
[33mclang: warning: argument unused during compilation: '--gcc-toolchain=G:/DevEco Studio/sdk/default/openharmony/native/llvm' [-Wunused-command-line-argument][33m[39m
[33mclang: warning: argument unused during compilation: '--gcc-toolchain=G:/DevEco Studio/sdk/default/openharmony/native/llvm' [-Wunused-command-line-argument][33m[39m
[33mclang: warning: argument unused during compilation: '--gcc-toolchain=G:/DevEco Studio/sdk/default/openharmony/native/llvm' [-Wunused-command-line-argument][33m[39m
[33mclang: warning: argument unused during compilation: '--gcc-toolchain=G:/DevEco Studio/sdk/default/openharmony/native/llvm' [-Wunused-command-line-argument][33m[39m
[33mclang: warning: argument unused during compilation: '--gcc-toolchain=G:/DevEco Studio/sdk/default/openharmony/native/llvm' [-Wunused-command-line-argument][33m[39m
[33mclang: warning: argument unused during compilation: '--gcc-toolchain=G:/DevEco Studio/sdk/default/openharmony/native/llvm' [-Wunused-command-line-argument][33m[39m
[33mclang: warning: argument unused during compilation: '--gcc-toolchain=G:/DevEco Studio/sdk/default/openharmony/native/llvm' [-Wunused-command-line-argument][33m[39m
[33mclang: warning: argument unused during compilation: '--gcc-toolchain=G:/DevEco Studio/sdk/default/openharmony/native/llvm' [-Wunused-command-line-argument][33m[39m
[33mclang: warning: argument unused during compilation: '--gcc-toolchain=G:/DevEco Studio/sdk/default/openharmony/native/llvm' [-Wunused-command-line-argument][33m[39m
[33mclang: warning: argument unused during compilation: '--gcc-toolchain=G:/DevEco Studio/sdk/default/openharmony/native/llvm' [-Wunused-command-line-argument][33m[39m
[33mclang: warning: argument unused during compilation: '--gcc-toolchain=G:/DevEco Studio/sdk/default/openharmony/native/llvm' [-Wunused-command-line-argument][33m[39m
[33mclang: warning: argument unused during compilation: '--gcc-toolchain=G:/DevEco Studio/sdk/default/openharmony/native/llvm' [-Wunused-command-line-argument][33m[39m
[33mclang: warning: argument unused during compilation: '--gcc-toolchain=G:/DevEco Studio/sdk/default/openharmony/native/llvm' [-Wunused-command-line-argument][33m[39m
[33mclang: warning: argument unused during compilation: '--gcc-toolchain=G:/DevEco Studio/sdk/default/openharmony/native/llvm' [-Wunused-command-line-argument][33m[39m
[33mclang: warning: argument unused during compilation: '--gcc-toolchain=G:/DevEco Studio/sdk/default/openharmony/native/llvm' [-Wunused-command-line-argument][33m[39m
[33mclang: warning: argument unused during compilation: '--gcc-toolchain=G:/DevEco Studio/sdk/default/openharmony/native/llvm' [-Wunused-command-line-argument][33m[39m
[33mclang: warning: argument unused during compilation: '--gcc-toolchain=G:/DevEco Studio/sdk/default/openharmony/native/llvm' [-Wunused-command-line-argument][33m[39m
[33mclang: warning: argument unused during compilation: '--gcc-toolchain=G:/DevEco Studio/sdk/default/openharmony/native/llvm' [-Wunused-command-line-argument][33m[39m
[33mclang: warning: argument unused during compilation: '--gcc-toolchain=G:/DevEco Studio/sdk/default/openharmony/native/llvm' [-Wunused-command-line-argument][33m[39m
[33mclang: warning: argument unused during compilation: '--gcc-toolchain=G:/DevEco Studio/sdk/default/openharmony/native/llvm' [-Wunused-command-line-argument][33m[39m
[33mclang: warning: argument unused during compilation: '--gcc-toolchain=G:/DevEco Studio/sdk/default/openharmony/native/llvm' [-Wunused-command-line-argument][33m[39m
[33mclang: warning: argument unused during compilation: '--gcc-toolchain=G:/DevEco Studio/sdk/default/openharmony/native/llvm' [-Wunused-command-line-argument][33m[39m
[33mclang: warning: argument unused during compilation: '--gcc-toolchain=G:/DevEco Studio/sdk/default/openharmony/native/llvm' [-Wunused-command-line-argument][33m[39m
[33mclang: warning: argument unused during compilation: '--gcc-toolchain=G:/DevEco Studio/sdk/default/openharmony/native/llvm' [-Wunused-command-line-argument][33m[39m
[33mclang: warning: argument unused during compilation: '--gcc-toolchain=G:/DevEco Studio/sdk/default/openharmony/native/llvm' [-Wunused-command-line-argument][33m[39m
[33mclang: warning: argument unused during compilation: '--gcc-toolchain=G:/DevEco Studio/sdk/default/openharmony/native/llvm' [-Wunused-command-line-argument][33m[39m
[33mclang: warning: argument unused during compilation: '--gcc-toolchain=G:/DevEco Studio/sdk/default/openharmony/native/llvm' [-Wunused-command-line-argument][33m[39m
[33mclang: warning: argument unused during compilation: '--gcc-toolchain=G:/DevEco Studio/sdk/default/openharmony/native/llvm' [-Wunused-command-line-argument][33m[39m
[33mclang: warning: argument unused during compilation: '--gcc-toolchain=G:/DevEco Studio/sdk/default/openharmony/native/llvm' [-Wunused-command-line-argument][33m[39m
[33mclang: warning: argument unused during compilation: '--gcc-toolchain=G:/DevEco Studio/sdk/default/openharmony/native/llvm' [-Wunused-command-line-argument][33m[39m
[33mclang: warning: argument unused during compilation: '--gcc-toolchain=G:/DevEco Studio/sdk/default/openharmony/native/llvm' [-Wunused-command-line-argument][33m[39m
[33mclang: warning: argument unused during compilation: '--gcc-toolchain=G:/DevEco Studio/sdk/default/openharmony/native/llvm' [-Wunused-command-line-argument][33m[39m
[33mclang: warning: argument unused during compilation: '--gcc-toolchain=G:/DevEco Studio/sdk/default/openharmony/native/llvm' [-Wunused-command-line-argument][33m[39m
[33mclang: warning: argument unused during compilation: '--gcc-toolchain=G:/DevEco Studio/sdk/default/openharmony/native/llvm' [-Wunused-command-line-argument][33m[39m
[33mclang: warning: argument unused during compilation: '--gcc-toolchain=G:/DevEco Studio/sdk/default/openharmony/native/llvm' [-Wunused-command-line-argument][33m[39m
[33mclang: warning: argument unused during compilation: '--gcc-toolchain=G:/DevEco Studio/sdk/default/openharmony/native/llvm' [-Wunused-command-line-argument][33m[39m
[33mclang: warning: argument unused during compilation: '--gcc-toolchain=G:/DevEco Studio/sdk/default/openharmony/native/llvm' [-Wunused-command-line-argument][33m[39m
[33mclang: warning: argument unused during compilation: '--gcc-toolchain=G:/DevEco Studio/sdk/default/openharmony/native/llvm' [-Wunused-command-line-argument][33m[39m
[33mclang: warning: argument unused during compilation: '--gcc-toolchain=G:/DevEco Studio/sdk/default/openharmony/native/llvm' [-Wunused-command-line-argument][33m[39m
[33mclang: warning: argument unused during compilation: '--gcc-toolchain=G:/DevEco Studio/sdk/default/openharmony/native/llvm' [-Wunused-command-line-argument][33m[39m
[33mclang: warning: argument unused during compilation: '--gcc-toolchain=G:/DevEco Studio/sdk/default/openharmony/native/llvm' [-Wunused-command-line-argument][33m[39m
[33mclang: warning: argument unused during compilation: '--gcc-toolchain=G:/DevEco Studio/sdk/default/openharmony/native/llvm' [-Wunused-command-line-argument][33m[39m
[33mclang: warning: argument unused during compilation: '--gcc-toolchain=G:/DevEco Studio/sdk/default/openharmony/native/llvm' [-Wunused-command-line-argument][33m[39m
[33mclang: warning: argument unused during compilation: '--gcc-toolchain=G:/DevEco Studio/sdk/default/openharmony/native/llvm' [-Wunused-command-line-argument][33m[39m
[33mclang: warning: argument unused during compilation: '--gcc-toolchain=G:/DevEco Studio/sdk/default/openharmony/native/llvm' [-Wunused-command-line-argument][33m[39m
[33mclang: warning: argument unused during compilation: '--gcc-toolchain=G:/DevEco Studio/sdk/default/openharmony/native/llvm' [-Wunused-command-line-argument][33m[39m
[33mclang: warning: argument unused during compilation: '--gcc-toolchain=G:/DevEco Studio/sdk/default/openharmony/native/llvm' [-Wunused-command-line-argument][33m[39m
[33mclang: warning: argument unused during compilation: '--gcc-toolchain=G:/DevEco Studio/sdk/default/openharmony/native/llvm' [-Wunused-command-line-argument][33m[39m
[33mclang: warning: argument unused during compilation: '--gcc-toolchain=G:/DevEco Studio/sdk/default/openharmony/native/llvm' [-Wunused-command-line-argument][33m[39m
[33mclang: warning: argument unused during compilation: '--gcc-toolchain=G:/DevEco Studio/sdk/default/openharmony/native/llvm' [-Wunused-command-line-argument][33m[39m
[33mclang: warning: argument unused during compilation: '--gcc-toolchain=G:/DevEco Studio/sdk/default/openharmony/native/llvm' [-Wunused-command-line-argument][33m[39m
[33mclang: warning: argument unused during compilation: '--gcc-toolchain=G:/DevEco Studio/sdk/default/openharmony/native/llvm' [-Wunused-command-line-argument][33m[39m
[33mclang: warning: argument unused during compilation: '--gcc-toolchain=G:/DevEco Studio/sdk/default/openharmony/native/llvm' [-Wunused-command-line-argument][33m[39m
[33mclang: warning: argument unused during compilation: '--gcc-toolchain=G:/DevEco Studio/sdk/default/openharmony/native/llvm' [-Wunused-command-line-argument][33m[39m
[33mclang: warning: argument unused during compilation: '--gcc-toolchain=G:/DevEco Studio/sdk/default/openharmony/native/llvm' [-Wunused-command-line-argument][33m[39m
[33mD:/Walkie/HarmonyOS/entry/src/main/cpp/opus/src/opus_decoder.c:38:10: warning: You appear to be compiling without optimization, if so opus will be very slow. [-W#pragma-messages][33m[39m
[33m# pragma message "You appear to be compiling without optimization, if so opus will be very slow."[33m[39m
[33m         ^[33m[39m
[33m1 warning generated.[33m[39m
[33mclang: warning: argument unused during compilation: '--gcc-toolchain=G:/DevEco Studio/sdk/default/openharmony/native/llvm' [-Wunused-command-line-argument][33m[39m
[33mclang: warning: argument unused during compilation: '--gcc-toolchain=G:/DevEco Studio/sdk/default/openharmony/native/llvm' [-Wunused-command-line-argument][33m[39m
[33mclang: warning: argument unused during compilation: '--gcc-toolchain=G:/DevEco Studio/sdk/default/openharmony/native/llvm' [-Wunused-command-line-argument][33m[39m
[33mclang: warning: argument unused during compilation: '--gcc-toolchain=G:/DevEco Studio/sdk/default/openharmony/native/llvm' [-Wunused-command-line-argument][33m[39m
[33mclang: warning: argument unused during compilation: '--gcc-toolchain=G:/DevEco Studio/sdk/default/openharmony/native/llvm' [-Wunused-command-line-argument][33m[39m
[33mclang: warning: argument unused during compilation: '--gcc-toolchain=G:/DevEco Studio/sdk/default/openharmony/native/llvm' [-Wunused-command-line-argument][33m[39m
[33mclang: warning: argument unused during compilation: '--gcc-toolchain=G:/DevEco Studio/sdk/default/openharmony/native/llvm' [-Wunused-command-line-argument][33m[39m
[33mclang: warning: argument unused during compilation: '--gcc-toolchain=G:/DevEco Studio/sdk/default/openharmony/native/llvm' [-Wunused-command-line-argument][33m[39m
[33mclang++: warning: argument unused during compilation: '--gcc-toolchain=G:/DevEco Studio/sdk/default/openharmony/native/llvm' [-Wunused-command-line-argument][33m[39m

[2026-09-01T14:42:31.906] [DEBUG] debug-file - worker[2] has one work done.
[2026-09-01T14:42:31.916] [DEBUG] debug-file - External build set its own library output location for libopus.a, which will be hard linked or copy to the expected location.
[2026-09-01T14:42:31.918] [DEBUG] debug-file - Link D:\Walkie\HarmonyOS\entry\.cxx\default\default\debug\arm64-v8a\libopus.a to D:\Walkie\HarmonyOS\entry\build\default\intermediates\cmake\default\obj\arm64-v8a\libopus.a successfully.
[2026-09-01T14:42:31.919] [DEBUG] debug-file - default@BuildNativeWithNinja work[375] done.
[2026-09-01T14:42:31.920] [INFO] debug-file - Finished :entry:default@BuildNativeWithNinja... after 11 s 210 ms 
[2026-09-01T14:42:31.921] [DEBUG] debug-file - Executing task :entry:default@ProcessLibs
[2026-09-01T14:42:31.933] [DEBUG] debug-file - Check content hash for D:\Walkie\HarmonyOS\entry\build\default\intermediates\cmake\default\obj\arm64-v8a\libwalkieopus.so
[2026-09-01T14:42:31.948] [DEBUG] debug-file - Check content hash for D:\Walkie\HarmonyOS\entry\build\default\intermediates\cmake\default\obj\arm64-v8a\libopus.a
[2026-09-01T14:42:32.009] [DEBUG] debug-file - Check content hash for D:\Walkie\HarmonyOS\entry\build\default\intermediates\cmake\default\obj\arm64-v8a\libc++_shared.so
[2026-09-01T14:42:32.035] [DEBUG] debug-file - Task 'entry:default@ProcessLibs' cost while wrapping incremental declarations: 1 ms 
[2026-09-01T14:42:32.037] [DEBUG] debug-file - entry:default@ProcessLibs is not up-to-date, since the output file 'D:\Walkie\HarmonyOS\entry\build\default\intermediates\libs\default' does not exist.
[2026-09-01T14:42:32.037] [DEBUG] debug-file - Incremental task entry:default@ProcessLibs pre-execution cost: 2 ms .
[2026-09-01T14:42:32.039] [DEBUG] debug-file - Worker dispatch failed, running processLibs on main thread.
[2026-09-01T14:42:32.042] [DEBUG] debug-file - Link D:\Walkie\HarmonyOS\entry\build\default\intermediates\cmake\default\obj\arm64-v8a\libwalkieopus.so to D:\Walkie\HarmonyOS\entry\build\default\intermediates\libs\default\arm64-v8a\libwalkieopus.so successfully.
[2026-09-01T14:42:32.044] [DEBUG] debug-file - Link D:\Walkie\HarmonyOS\entry\build\default\intermediates\cmake\default\obj\arm64-v8a\libc++_shared.so to D:\Walkie\HarmonyOS\entry\build\default\intermediates\libs\default\arm64-v8a\libc++_shared.so successfully.
[2026-09-01T14:42:32.045] [DEBUG] debug-file - entry : default@ProcessLibs cost memory -10.622970581054688
[2026-09-01T14:42:32.045] [DEBUG] debug-file - runTaskFromQueue task cost before running: 15 s 616 ms 
[2026-09-01T14:42:32.046] [INFO] debug-file - Finished :entry:default@ProcessLibs... after 124 ms 
[2026-09-01T14:42:32.047] [DEBUG] debug-file - Executing task :entry:default@DoNativeStrip
[2026-09-01T14:42:32.047] [DEBUG] debug-file - File: 'D:\Walkie\HarmonyOS\entry\build\default\intermediates\binxo\default' from 'doBinxoNativeLibs' is not exists, just ignore.
[2026-09-01T14:42:32.048] [DEBUG] debug-file - Task 'entry:default@DoNativeStrip' cost while wrapping incremental declarations: 1 ms 
[2026-09-01T14:42:32.049] [DEBUG] debug-file - entry:default@DoNativeStrip is not up-to-date, since the input file 'D:\Walkie\HarmonyOS\entry\build\default\intermediates\libs\default' has been changed.
[2026-09-01T14:42:32.049] [DEBUG] debug-file - Incremental task entry:default@DoNativeStrip pre-execution cost: 2 ms .
[2026-09-01T14:42:32.052] [DEBUG] debug-file - default@DoNativeStrip work[378] is submitted.
[2026-09-01T14:42:32.052] [DEBUG] debug-file - default@DoNativeStrip work[378] is pushed to ready queue.
[2026-09-01T14:42:32.052] [DEBUG] debug-file - default@DoNativeStrip work[378] is not dispatched.
[2026-09-01T14:42:32.052] [DEBUG] debug-file - entry : default@DoNativeStrip cost memory 0.13016510009765625
[2026-09-01T14:42:32.129] [DEBUG] debug-file - default@DoNativeStrip work[378] has been dispatched to worker[2].
[2026-09-01T14:42:32.162] [DEBUG] debug-file - A work dispatched to worker[3] failed because unable to get work from ready queue.
[2026-09-01T14:42:32.162] [DEBUG] debug-file - A work dispatched to worker[2] failed because of worker busy.
[2026-09-01T14:42:32.163] [DEBUG] debug-file - A work dispatched to worker[1] failed because of worker busy.
[2026-09-01T14:42:32.163] [DEBUG] debug-file - A work dispatched to worker[0] failed because unable to get work from ready queue.
[2026-09-01T14:42:32.164] [DEBUG] debug-file - current process  memoryUsage: {
  rss: 559591424,
  heapTotal: 59105280,
  heapUsed: 55512536,
  external: 5242841,
  arrayBuffers: 37016
} os memoryUsage :8.202960968017578
[2026-09-01T14:42:32.173] [DEBUG] debug-file - current process  memoryUsage: {
  rss: 563286016,
  heapTotal: 59105280,
  heapUsed: 55641520,
  external: 5235201,
  arrayBuffers: 37016
} os memoryUsage :8.202964782714844
[2026-09-01T14:42:32.310] [DEBUG] debug-file - worker[2] has one work done.
[2026-09-01T14:42:32.310] [DEBUG] debug-file - default@DoNativeStrip work[378] done.
[2026-09-01T14:42:32.310] [INFO] debug-file - Finished :entry:default@DoNativeStrip... after 169 ms 
[2026-09-01T14:42:32.312] [DEBUG] debug-file - Executing task :entry:default@CacheNativeLibs
[2026-09-01T14:42:32.314] [DEBUG] debug-file - File: 'D:\Walkie\HarmonyOS\entry\build\default\intermediates\binxo\default' from 'cacheBinxoNativeLibs' is not exists, just ignore.
[2026-09-01T14:42:32.314] [DEBUG] debug-file - Task 'entry:default@CacheNativeLibs' cost while wrapping incremental declarations: 2 ms 
[2026-09-01T14:42:32.316] [DEBUG] debug-file - entry:default@CacheNativeLibs is not up-to-date, since the input file 'D:\Walkie\HarmonyOS\entry\build\default\intermediates\stripped_native_libs\default' has been changed.
[2026-09-01T14:42:32.316] [DEBUG] debug-file - Incremental task entry:default@CacheNativeLibs pre-execution cost: 2 ms .
[2026-09-01T14:42:32.317] [DEBUG] debug-file - default@CacheNativeLibs work[379] is submitted.
[2026-09-01T14:42:32.317] [DEBUG] debug-file - default@CacheNativeLibs work[379] is pushed to ready queue.
[2026-09-01T14:42:32.317] [DEBUG] debug-file - default@CacheNativeLibs work[379] is not dispatched.
[2026-09-01T14:42:32.317] [DEBUG] debug-file - entry : default@CacheNativeLibs cost memory 0.14073944091796875
[2026-09-01T14:42:32.528] [DEBUG] debug-file - default@CacheNativeLibs work[379] has been dispatched to worker[2].
[2026-09-01T14:42:32.541] [DEBUG] debug-file - worker[2] has one work done.
[2026-09-01T14:42:32.542] [DEBUG] debug-file - default@CacheNativeLibs work[379] done.
[2026-09-01T14:42:32.542] [DEBUG] debug-file - A work dispatched to worker[2] failed because unable to get work from ready queue.
[2026-09-01T14:42:32.542] [INFO] debug-file - Finished :entry:default@CacheNativeLibs... after 12 ms 
[2026-09-01T14:42:32.542] [DEBUG] debug-file - A work dispatched to worker[3] failed because unable to get work from ready queue.
[2026-09-01T14:42:32.542] [DEBUG] debug-file - A work dispatched to worker[2] failed because unable to get work from ready queue.
[2026-09-01T14:42:32.542] [DEBUG] debug-file - A work dispatched to worker[1] failed because of worker busy.
[2026-09-01T14:42:32.542] [DEBUG] debug-file - A work dispatched to worker[0] failed because unable to get work from ready queue.
[2026-09-01T14:42:37.116] [WARN] debug-file - [33mWARN: [33m[33mArkTS:WARN File: D:/Walkie/HarmonyOS/entry/src/main/ets/WalkieUdp.ets:248:15
 Function may throw exceptions. Special handling is required.
[39m[39m
[33mWARN: [33m[33mArkTS:WARN File: D:/Walkie/HarmonyOS/entry/src/main/ets/WalkieUdp.ets:289:15
 Function may throw exceptions. Special handling is required.
[39m[39m
[33mWARN: [33m[33mArkTS:WARN File: D:/Walkie/HarmonyOS/entry/src/main/ets/WalkieAudio.ets:241:11
 The system capacity of this api 'audio' is not supported on all devices
[39m[39m
[33mWARN: [33m[33mArkTS:WARN File: D:/Walkie/HarmonyOS/entry/src/main/ets/WalkieAudio.ets:244:11
 The system capacity of this api 'audio' is not supported on all devices
[39m[39m
[33mWARN: [33m[33mArkTS:WARN File: D:/Walkie/HarmonyOS/entry/src/main/ets/WalkieAudio.ets:247:11
 The system capacity of this api 'audio' is not supported on all devices
[39m[39m
[33mWARN: [33m[33mArkTS:WARN File: D:/Walkie/HarmonyOS/entry/src/main/ets/WalkieAudio.ets:250:11
 The system capacity of this api 'audio' is not supported on all devices
[39m[39m
[33mWARN: [33m[33mArkTS:WARN File: D:/Walkie/HarmonyOS/entry/src/main/ets/WalkieAudio.ets:256:11
 The system capacity of this api 'audio' is not supported on all devices
[39m[39m
[33mWARN: [33m[33mArkTS:WARN File: D:/Walkie/HarmonyOS/entry/src/main/ets/WalkieAudio.ets:275:15
 The system capacity of this api 'audio' is not supported on all devices
[39m[39m
[33mWARN: [33m[33mArkTS:WARN File: D:/Walkie/HarmonyOS/entry/src/main/ets/WalkieTone.ets:299:11
 The system capacity of this api 'audio' is not supported on all devices
[39m[39m
[33mWARN: [33m[33mArkTS:WARN File: D:/Walkie/HarmonyOS/entry/src/main/ets/WalkieTone.ets:302:11
 The system capacity of this api 'audio' is not supported on all devices
[39m[39m
[33mWARN: [33m[33mArkTS:WARN File: D:/Walkie/HarmonyOS/entry/src/main/ets/WalkieTone.ets:305:11
 The system capacity of this api 'audio' is not supported on all devices
[39m[39m
[33mWARN: [33m[33mArkTS:WARN File: D:/Walkie/HarmonyOS/entry/src/main/ets/WalkieTone.ets:308:11
 The system capacity of this api 'audio' is not supported on all devices
[39m[39m
[33mWARN: [33m[33mArkTS:WARN File: D:/Walkie/HarmonyOS/entry/src/main/ets/WalkieTone.ets:321:11
 The system capacity of this api 'audio' is not supported on all devices
[39m[39m
[33mWARN: [33m[33mArkTS:WARN File: D:/Walkie/HarmonyOS/entry/src/main/ets/WalkieTone.ets:327:11
 The system capacity of this api 'audio' is not supported on all devices
[39m[39m
[33mWARN: [33m[33mArkTS:WARN File: D:/Walkie/HarmonyOS/entry/src/main/ets/WalkieTone.ets:354:15
 The system capacity of this api 'audio' is not supported on all devices
[39m[39m
[33mWARN: [33m[33mArkTS:WARN File: D:/Walkie/HarmonyOS/entry/src/main/ets/WalkiePlayback.ets:241:9
 The system capacity of this api 'audio' is not supported on all devices
[39m[39m
[33mWARN: [33m[33mArkTS:WARN File: D:/Walkie/HarmonyOS/entry/src/main/ets/WalkiePlayback.ets:244:9
 The system capacity of this api 'audio' is not supported on all devices
[39m[39m
[33mWARN: [33m[33mArkTS:WARN File: D:/Walkie/HarmonyOS/entry/src/main/ets/WalkiePlayback.ets:247:9
 The system capacity of this api 'audio' is not supported on all devices
[39m[39m
[33mWARN: [33m[33mArkTS:WARN File: D:/Walkie/HarmonyOS/entry/src/main/ets/WalkiePlayback.ets:250:9
 The system capacity of this api 'audio' is not supported on all devices
[39m[39m
[33mWARN: [33m[33mArkTS:WARN File: D:/Walkie/HarmonyOS/entry/src/main/ets/WalkiePlayback.ets:271:9
 The system capacity of this api 'audio' is not supported on all devices
[39m[39m
[33mWARN: [33m[33mArkTS:WARN File: D:/Walkie/HarmonyOS/entry/src/main/ets/WalkiePlayback.ets:277:9
 The system capacity of this api 'audio' is not supported on all devices
[39m[39m
[33mWARN: [33m[33mArkTS:WARN File: D:/Walkie/HarmonyOS/entry/src/main/ets/WalkiePlayback.ets:292:15
 The system capacity of this api 'audio' is not supported on all devices
[39m[39m
[33mWARN: [33m[33mArkTS:WARN File: D:/Walkie/HarmonyOS/entry/src/main/ets/WalkieClient.ets:3401:10
 'decode' has been deprecated.
[39m[39m
[33mWARN: [33m[33mArkTS:WARN File: D:/Walkie/HarmonyOS/entry/src/main/ets/pages/Index.ets:452:10
 The 'fill' API is supported since SDK version 26.0.0. However, the current compatible SDK version is 6.1.1(24).
 It is recommended to use apiAvailable to safeguard API compatibility.
[39m[39m
[33mWARN: [33m[33mArkTS:WARN File: D:/Walkie/HarmonyOS/entry/src/main/ets/pages/Index.ets:495:12
 The 'fill' API is supported since SDK version 26.0.0. However, the current compatible SDK version is 6.1.1(24).
 It is recommended to use apiAvailable to safeguard API compatibility.
[39m[39m
[33mWARN: [33m[33mArkTS:WARN File: D:/Walkie/HarmonyOS/entry/src/main/ets/pages/Index.ets:720:12
 The 'fill' API is supported since SDK version 26.0.0. However, the current compatible SDK version is 6.1.1(24).
 It is recommended to use apiAvailable to safeguard API compatibility.
[39m[39m
[33mWARN: [33m[33mArkTS:WARN File: D:/Walkie/HarmonyOS/entry/src/main/ets/pages/Index.ets:900:10
 The 'fill' API is supported since SDK version 26.0.0. However, the current compatible SDK version is 6.1.1(24).
 It is recommended to use apiAvailable to safeguard API compatibility.
[39m[39m
[33mWARN: [33m[33mArkTS:WARN File: D:/Walkie/HarmonyOS/entry/src/main/ets/pages/Index.ets:1356:10
 The 'fill' API is supported since SDK version 26.0.0. However, the current compatible SDK version is 6.1.1(24).
 It is recommended to use apiAvailable to safeguard API compatibility.
[39m[39m
[33mWARN: [33m[33mArkTS:WARN File: D:/Walkie/HarmonyOS/entry/src/main/ets/pages/Index.ets:1647:16
 The 'fill' API is supported since SDK version 26.0.0. However, the current compatible SDK version is 6.1.1(24).
 It is recommended to use apiAvailable to safeguard API compatibility.
[39m[39m

[2026-09-01T14:42:37.117] [DEBUG] debug-file - Ark compile task finished.finished time is 23313378470500
[2026-09-01T14:42:37.117] [DEBUG] debug-file - worker[1] has one work done.
[2026-09-01T14:42:37.119] [DEBUG] debug-file - default@CompileArkTS work[376] done.
[2026-09-01T14:42:37.122] [INFO] debug-file - Finished :entry:default@CompileArkTS... after 8 s 428 ms 
[2026-09-01T14:42:37.123] [DEBUG] debug-file - Executing task :entry:default@GeneratePkgModuleJson
[2026-09-01T14:42:37.123] [DEBUG] debug-file - File: 'D:\Walkie\HarmonyOS\entry\build\default\intermediates\preload\default\preload.json' from 'preloadSoJsonPath' is not exists, just ignore.
[2026-09-01T14:42:37.124] [DEBUG] debug-file - Error occurs while handling @Input 'shouldDeduplicateHar': The "data" argument must be of type string or an instance of Buffer, TypedArray, or DataView. Received undefined
[2026-09-01T14:42:37.124] [DEBUG] debug-file - Task 'entry:default@GeneratePkgModuleJson' cost while wrapping incremental declarations: 1 ms 
[2026-09-01T14:42:37.125] [DEBUG] debug-file - entry:default@GeneratePkgModuleJson is not up-to-date, since the input file 'D:\Walkie\HarmonyOS\entry\build\default\intermediates\res\default\module.json' has been changed.
[2026-09-01T14:42:37.125] [DEBUG] debug-file - Incremental task entry:default@GeneratePkgModuleJson pre-execution cost: 1 ms .
[2026-09-01T14:42:37.127] [DEBUG] debug-file - entry : default@GeneratePkgModuleJson cost memory 0.1594696044921875
[2026-09-01T14:42:37.127] [DEBUG] debug-file - runTaskFromQueue task cost before running: 20 s 698 ms 
[2026-09-01T14:42:37.127] [INFO] debug-file - Finished :entry:default@GeneratePkgModuleJson... after 4 ms 
[2026-09-01T14:42:37.128] [DEBUG] debug-file - Executing task :entry:default@ProcessCompiledResources
[2026-09-01T14:42:37.128] [DEBUG] debug-file - File: 'D:\Walkie\HarmonyOS\entry\build\default\intermediates\preload\default\preload.json' from 'preloadSoJsonPath' is not exists, just ignore.
[2026-09-01T14:42:37.129] [DEBUG] debug-file - Task 'entry:default@ProcessCompiledResources' cost while wrapping incremental declarations: 1 ms 
[2026-09-01T14:42:37.129] [DEBUG] debug-file - entry : default@ProcessCompiledResources cost memory 0.048431396484375
[2026-09-01T14:42:37.129] [DEBUG] debug-file - runTaskFromQueue task cost before running: 20 s 700 ms 
[2026-09-01T14:42:37.129] [INFO] debug-file - Finished :entry:default@ProcessCompiledResources... after 1 ms 
[2026-09-01T14:42:37.130] [DEBUG] debug-file - Executing task :entry:default@PackageHap
[2026-09-01T14:42:37.135] [DEBUG] debug-file - entry:default@PackageHap is not up-to-date, since the input file 'D:\Walkie\HarmonyOS\entry\build\default\outputs\default\pack.info' has been changed.
[2026-09-01T14:42:37.135] [DEBUG] debug-file - Incremental task entry:default@PackageHap pre-execution cost: 3 ms .
[2026-09-01T14:42:37.135] [DEBUG] debug-file - Use tool [G:\DevEco Studio\sdk\default\openharmony\toolchains\lib\app_packing_tool.jar]
 [
  'java',
  '-Dfile.encoding=GBK',
  '-jar',
  'G:\\DevEco Studio\\sdk\\default\\openharmony\\toolchains\\lib\\app_packing_tool.jar',
  '--mode',
  'hap',
  '--force',
  'true',
  '--lib-path',
  'D:\\Walkie\\HarmonyOS\\entry\\build\\default\\intermediates\\stripped_native_libs\\default',
  '--json-path',
  'D:\\Walkie\\HarmonyOS\\entry\\build\\default\\intermediates\\package\\default\\module.json',
  '--resources-path',
  'D:\\Walkie\\HarmonyOS\\entry\\build\\default\\intermediates\\res\\default\\resources',
  '--index-path',
  'D:\\Walkie\\HarmonyOS\\entry\\build\\default\\intermediates\\res\\default\\resources.index',
  '--pack-info-path',
  'D:\\Walkie\\HarmonyOS\\entry\\build\\default\\outputs\\default\\pack.info',
  '--out-path',
  'D:\\Walkie\\HarmonyOS\\entry\\build\\default\\outputs\\default\\entry-default-unsigned.hap',
  '--ets-path',
  'D:\\Walkie\\HarmonyOS\\entry\\build\\default\\intermediates\\loader_out\\default\\ets',
  '--pkg-context-path',
  'D:\\Walkie\\HarmonyOS\\entry\\build\\default\\intermediates\\loader\\default\\pkgContextInfo.json'
]
[2026-09-01T14:42:37.136] [DEBUG] debug-file - default@PackageHap work[380] is submitted.
[2026-09-01T14:42:37.136] [DEBUG] debug-file - default@PackageHap work[380] is pushed to ready queue.
[2026-09-01T14:42:37.136] [DEBUG] debug-file - default@PackageHap work[380] is not dispatched.
[2026-09-01T14:42:37.139] [DEBUG] debug-file - entry : default@PackageHap cost memory 0.20417022705078125
[2026-09-01T14:42:37.250] [DEBUG] debug-file - A work dispatched to worker[3] failed because unable to get work from ready queue.
[2026-09-01T14:42:37.250] [DEBUG] debug-file - default@PackageHap work[380] has been dispatched to worker[2].
[2026-09-01T14:42:37.252] [DEBUG] debug-file - current process  memoryUsage: {
  rss: 728158208,
  heapTotal: 59105280,
  heapUsed: 56093896,
  external: 5235201,
  arrayBuffers: 37016
} os memoryUsage :8.373947143554688
[2026-09-01T14:42:37.344] [DEBUG] debug-file - A work dispatched to worker[1] failed because unable to get work from ready queue.
[2026-09-01T14:42:37.846] [DEBUG] debug-file - worker[2] has one work done.
[2026-09-01T14:42:37.846] [DEBUG] debug-file - default@PackageHap work[380] done.
[2026-09-01T14:42:37.846] [DEBUG] debug-file - A work dispatched to worker[2] failed because unable to get work from ready queue.
[2026-09-01T14:42:37.848] [INFO] debug-file - Finished :entry:default@PackageHap... after 605 ms 
[2026-09-01T14:42:37.849] [DEBUG] debug-file - Executing task :entry:default@PackingCheck
[2026-09-01T14:42:37.854] [DEBUG] debug-file - entry : default@PackingCheck cost memory 0.26813507080078125
[2026-09-01T14:42:37.855] [DEBUG] debug-file - runTaskFromQueue task cost before running: 21 s 426 ms 
[2026-09-01T14:42:37.856] [INFO] debug-file - Finished :entry:default@PackingCheck... after 6 ms 
[2026-09-01T14:42:37.858] [DEBUG] debug-file - Executing task :entry:default@SignHap
[2026-09-01T14:42:37.861] [DEBUG] debug-file - entry:default@SignHap is not up-to-date, since the input file 'D:\Walkie\HarmonyOS\entry\build\default\outputs\default\entry-default-unsigned.hap' has been changed.
[2026-09-01T14:42:37.861] [DEBUG] debug-file - Incremental task entry:default@SignHap pre-execution cost: 2 ms .
[2026-09-01T14:42:37.907] [DEBUG] debug-file - java daemon socket received message:{"code":0,"message":"verify profile success"}
[2026-09-01T14:42:37.911] [DEBUG] debug-file - java daemon socket close code:1000 reason:close by user
[2026-09-01T14:42:38.082] [DEBUG] debug-file - java daemon socket received message:{"code":0,"message":"sign app success"}
[2026-09-01T14:42:38.083] [DEBUG] debug-file - entry : default@SignHap cost memory 0.40351104736328125
[2026-09-01T14:42:38.083] [DEBUG] debug-file - runTaskFromQueue task cost before running: 21 s 654 ms 
[2026-09-01T14:42:38.083] [INFO] debug-file - Finished :entry:default@SignHap... after 225 ms 
[2026-09-01T14:42:38.084] [DEBUG] debug-file - Executing task :entry:default@CollectDebugSymbol
[2026-09-01T14:42:38.086] [DEBUG] debug-file - entry : default@CollectDebugSymbol cost memory 0.06976318359375
[2026-09-01T14:42:38.086] [DEBUG] debug-file - runTaskFromQueue task cost before running: 21 s 657 ms 
[2026-09-01T14:42:38.086] [INFO] debug-file - Finished :entry:default@CollectDebugSymbol... after 2 ms 
[2026-09-01T14:42:38.086] [DEBUG] debug-file - Executing task :entry:assembleHap
[2026-09-01T14:42:38.086] [DEBUG] debug-file - entry : assembleHap cost memory 0.01331329345703125
[2026-09-01T14:42:38.086] [DEBUG] debug-file - runTaskFromQueue task cost before running: 21 s 658 ms 
[2026-09-01T14:42:38.087] [INFO] debug-file - Finished :entry:assembleHap... after 1 ms 
[2026-09-01T14:42:38.087] [INFO] debug-file - BUILD SUCCESSFUL in 21 s 659 ms 
[2026-09-01T14:42:38.088] [DEBUG] debug-file - There is no need to refresh cache, since the incremental task entry:default@PreBuild is up-to-date.
[2026-09-01T14:42:38.088] [DEBUG] debug-file - Update task entry:default@CreateModuleInfo output file:D:\Walkie\HarmonyOS\entry\build\default\generated\profile\default\ModuleInfo.ts cache.
[2026-09-01T14:42:38.088] [DEBUG] debug-file - Incremental task entry:default@CreateModuleInfo post-execution cost:1 ms .
[2026-09-01T14:42:38.088] [DEBUG] debug-file - Update task entry:default@GenerateMetadata input file:D:\Walkie\HarmonyOS\entry\src\main\module.json5 cache by regenerate.
[2026-09-01T14:42:38.089] [DEBUG] debug-file - Update task entry:default@GenerateMetadata output file:D:\Walkie\HarmonyOS\entry\build\default\intermediates\hap_metadata\default\output_metadata.json cache.
[2026-09-01T14:42:38.089] [DEBUG] debug-file - Incremental task entry:default@GenerateMetadata post-execution cost:1 ms .
[2026-09-01T14:42:38.089] [DEBUG] debug-file - Update task entry:default@MergeProfile input file:D:\Walkie\HarmonyOS\AppScope\app.json5 cache by regenerate.
[2026-09-01T14:42:38.089] [DEBUG] debug-file - Update task entry:default@MergeProfile input file:D:\Walkie\HarmonyOS\build-profile.json5 cache by regenerate.
[2026-09-01T14:42:38.090] [DEBUG] debug-file - Update task entry:default@MergeProfile input file:D:\Walkie\HarmonyOS\entry\src\main\module.json5 cache by regenerate.
[2026-09-01T14:42:38.090] [DEBUG] debug-file - Update task entry:default@MergeProfile output file:D:\Walkie\HarmonyOS\entry\build\default\intermediates\merge_profile\default\module.json cache.
[2026-09-01T14:42:38.090] [DEBUG] debug-file - Incremental task entry:default@MergeProfile post-execution cost:2 ms .
[2026-09-01T14:42:38.090] [DEBUG] debug-file - Update task entry:default@CreateBuildProfile input file:D:\Walkie\HarmonyOS\AppScope\app.json5 cache by regenerate.
[2026-09-01T14:42:38.091] [DEBUG] debug-file - Update task entry:default@CreateBuildProfile input file:D:\Walkie\HarmonyOS\build-profile.json5 cache by regenerate.
[2026-09-01T14:42:38.091] [DEBUG] debug-file - Update task entry:default@CreateBuildProfile output file:D:\Walkie\HarmonyOS\entry\build\default\generated\profile\default\BuildProfile.ets cache.
[2026-09-01T14:42:38.091] [DEBUG] debug-file - Incremental task entry:default@CreateBuildProfile post-execution cost:1 ms .
[2026-09-01T14:42:38.091] [DEBUG] debug-file - Update task entry:default@GeneratePkgSdkInfo output file:D:\Walkie\HarmonyOS\entry\build\default\intermediates\loader\default\pkgSdkInfo.json cache.
[2026-09-01T14:42:38.091] [DEBUG] debug-file - Incremental task entry:default@GeneratePkgSdkInfo post-execution cost:1 ms .
[2026-09-01T14:42:38.092] [DEBUG] debug-file - Update task entry:default@ProcessIntegratedHsp output file:D:\Walkie\HarmonyOS\build\cache\default\integrated_hsp\integratedHspCache.json cache.
[2026-09-01T14:42:38.092] [DEBUG] debug-file - Incremental task entry:default@ProcessIntegratedHsp post-execution cost:1 ms .
[2026-09-01T14:42:38.092] [DEBUG] debug-file - Update task entry:default@MakePackInfo input file:D:\Walkie\HarmonyOS\AppScope\app.json5 cache by regenerate.
[2026-09-01T14:42:38.092] [DEBUG] debug-file - Update task entry:default@MakePackInfo input file:D:\Walkie\HarmonyOS\entry\src\main\module.json5 cache by regenerate.
[2026-09-01T14:42:38.093] [DEBUG] debug-file - Update task entry:default@MakePackInfo input file:D:\Walkie\HarmonyOS\build-profile.json5 cache by regenerate.
[2026-09-01T14:42:38.093] [DEBUG] debug-file - Update task entry:default@MakePackInfo input file:D:\Walkie\HarmonyOS\entry\src\main\resources\base\profile\backup_config.json cache by regenerate.
[2026-09-01T14:42:38.093] [DEBUG] debug-file - Update task entry:default@MakePackInfo output file:D:\Walkie\HarmonyOS\entry\build\default\outputs\default\pack.info cache.
[2026-09-01T14:42:38.094] [DEBUG] debug-file - Incremental task entry:default@MakePackInfo post-execution cost:2 ms .
[2026-09-01T14:42:38.094] [DEBUG] debug-file - Update task entry:default@SyscapTransform input file:G:\DevEco Studio\sdk\default\openharmony\toolchains\syscap_tool.exe cache by regenerate.
[2026-09-01T14:42:38.094] [DEBUG] debug-file - Update task entry:default@SyscapTransform input file:G:\DevEco Studio\sdk\default\openharmony\ets\api\device-define cache by regenerate.
[2026-09-01T14:42:38.095] [DEBUG] debug-file - Update task entry:default@SyscapTransform output file:D:\Walkie\HarmonyOS\entry\build\default\intermediates\syscap\default\rpcid.sc cache.
[2026-09-01T14:42:38.095] [DEBUG] debug-file - Incremental task entry:default@SyscapTransform post-execution cost:2 ms .
[2026-09-01T14:42:38.095] [DEBUG] debug-file - Update task entry:default@GeneratePkgContextInfo output file:D:\Walkie\HarmonyOS\entry\build\default\intermediates\loader\default\pkgContextInfo.json cache.
[2026-09-01T14:42:38.095] [DEBUG] debug-file - Incremental task entry:default@GeneratePkgContextInfo post-execution cost:1 ms .
[2026-09-01T14:42:38.095] [DEBUG] debug-file - Update task entry:default@ProcessProfile input file:D:\Walkie\HarmonyOS\entry\build\default\intermediates\merge_profile\default\module.json cache from map.
[2026-09-01T14:42:38.095] [DEBUG] debug-file - Update task entry:default@ProcessProfile output file:D:\Walkie\HarmonyOS\entry\build\default\intermediates\process_profile\default\module.json cache.
[2026-09-01T14:42:38.095] [DEBUG] debug-file - Incremental task entry:default@ProcessProfile post-execution cost:1 ms .
[2026-09-01T14:42:38.096] [DEBUG] debug-file - Update task entry:default@ProcessRouterMap input file:D:\Walkie\HarmonyOS\entry\oh-package.json5 cache by regenerate.
[2026-09-01T14:42:38.096] [DEBUG] debug-file - Update task entry:default@ProcessRouterMap input file:D:\Walkie\HarmonyOS\oh-package.json5 cache by regenerate.
[2026-09-01T14:42:38.096] [DEBUG] debug-file - Update task entry:default@ProcessRouterMap input file:D:\Walkie\HarmonyOS\entry\src\main\module.json5 cache by regenerate.
[2026-09-01T14:42:38.097] [DEBUG] debug-file - Update task entry:default@ProcessRouterMap input file:D:\Walkie\HarmonyOS\entry\build\default\intermediates\loader\default\pkgContextInfo.json cache from map.
[2026-09-01T14:42:38.097] [DEBUG] debug-file - Update task entry:default@ProcessRouterMap output file:D:\Walkie\HarmonyOS\entry\build\default\intermediates\router_map\default\temp-router-map.json cache.
[2026-09-01T14:42:38.097] [DEBUG] debug-file - Update task entry:default@ProcessRouterMap output file:D:\Walkie\HarmonyOS\entry\build\default\intermediates\router_map\default\loader-router-map.json cache.
[2026-09-01T14:42:38.097] [DEBUG] debug-file - Incremental task entry:default@ProcessRouterMap post-execution cost:2 ms .
[2026-09-01T14:42:38.098] [DEBUG] debug-file - Update task entry:default@ProcessShareConfig input file:D:\Walkie\HarmonyOS\entry\oh-package.json5 cache by regenerate.
[2026-09-01T14:42:38.098] [DEBUG] debug-file - Update task entry:default@ProcessShareConfig input file:D:\Walkie\HarmonyOS\oh-package.json5 cache by regenerate.
[2026-09-01T14:42:38.098] [DEBUG] debug-file - Update task entry:default@ProcessShareConfig input file:D:\Walkie\HarmonyOS\entry\src\main\module.json5 cache by regenerate.
[2026-09-01T14:42:38.098] [DEBUG] debug-file - Update task entry:default@ProcessShareConfig input file:D:\Walkie\HarmonyOS\entry\build\default\intermediates\loader\default\pkgContextInfo.json cache from map.
[2026-09-01T14:42:38.099] [DEBUG] debug-file - Update task entry:default@ProcessShareConfig output file:D:\Walkie\HarmonyOS\entry\build\default\intermediates\share_config\default\temp-share-config.json cache.
[2026-09-01T14:42:38.099] [DEBUG] debug-file - Incremental task entry:default@ProcessShareConfig post-execution cost:2 ms .
[2026-09-01T14:42:38.099] [DEBUG] debug-file - Update task entry:default@ProcessStartupConfig input file:D:\Walkie\HarmonyOS\entry\build\default\intermediates\loader\default\pkgContextInfo.json cache from map.
[2026-09-01T14:42:38.099] [DEBUG] debug-file - Update task entry:default@ProcessStartupConfig output file:D:\Walkie\HarmonyOS\entry\build\default\intermediates\startup\default\startup_config.json cache.
[2026-09-01T14:42:38.100] [DEBUG] debug-file - Incremental task entry:default@ProcessStartupConfig post-execution cost:1 ms .
[2026-09-01T14:42:38.100] [DEBUG] debug-file - Update task entry:default@ProcessResource output file:D:\Walkie\HarmonyOS\entry\build\default\intermediates\res\default\resConfig.json cache.
[2026-09-01T14:42:38.100] [DEBUG] debug-file - Update task entry:default@ProcessResource output file:D:\Walkie\HarmonyOS\entry\build\default\intermediates\res\default\opt-compression.json cache.
[2026-09-01T14:42:38.100] [DEBUG] debug-file - Incremental task entry:default@ProcessResource post-execution cost:1 ms .
[2026-09-01T14:42:38.101] [DEBUG] debug-file - Update task entry:default@GenerateLoaderJson input file:D:\Walkie\HarmonyOS\entry\src\mock\mock-config.json5 cache by regenerate.
[2026-09-01T14:42:38.101] [DEBUG] debug-file - Update task entry:default@GenerateLoaderJson input file:D:\Walkie\HarmonyOS\entry\build\default\intermediates\loader\default\pkgContextInfo.json cache from map.
[2026-09-01T14:42:38.102] [DEBUG] debug-file - Update task entry:default@GenerateLoaderJson input file:D:\Walkie\HarmonyOS\entry\build\default\intermediates\router_map\default\temp-router-map.json cache by regenerate.
[2026-09-01T14:42:38.102] [DEBUG] debug-file - Update task entry:default@GenerateLoaderJson output file:D:\Walkie\HarmonyOS\entry\build\default\intermediates\loader\default\loader.json cache.
[2026-09-01T14:42:38.102] [DEBUG] debug-file - Incremental task entry:default@GenerateLoaderJson post-execution cost:2 ms .
[2026-09-01T14:42:38.103] [DEBUG] debug-file - Update task entry:default@CompileResource input file:D:\Walkie\HarmonyOS\entry\src\main\resources cache by regenerate.
[2026-09-01T14:42:38.107] [DEBUG] debug-file - Update task entry:default@CompileResource input file:D:\Walkie\HarmonyOS\AppScope\resources cache by regenerate.
[2026-09-01T14:42:38.109] [DEBUG] debug-file - Update task entry:default@CompileResource input file:D:\Walkie\HarmonyOS\entry\build\default\intermediates\process_profile\default\module.json cache from map.
[2026-09-01T14:42:38.109] [DEBUG] debug-file - Update task entry:default@CompileResource input file:D:\Walkie\HarmonyOS\entry\build\default\intermediates\res\default\resConfig.json cache by regenerate.
[2026-09-01T14:42:38.110] [DEBUG] debug-file - Update task entry:default@CompileResource output file:D:\Walkie\HarmonyOS\entry\build\default\intermediates\res\default cache.
[2026-09-01T14:42:38.117] [DEBUG] debug-file - Update task entry:default@CompileResource output file:D:\Walkie\HarmonyOS\entry\build\default\generated\r\default\ResourceTable.h cache.
[2026-09-01T14:42:38.117] [DEBUG] debug-file - Update task entry:default@CompileResource output file:D:\Walkie\HarmonyOS\entry\build\default\generated\r\default\ResourceTable.ts cache.
[2026-09-01T14:42:38.117] [DEBUG] debug-file - Update task entry:default@CompileResource output file:D:\Walkie\HarmonyOS\entry\build\default\generated\r\default cache.
[2026-09-01T14:42:38.118] [DEBUG] debug-file - Incremental task entry:default@CompileResource post-execution cost:16 ms .
[2026-09-01T14:42:38.120] [DEBUG] debug-file - Update task entry:default@CompileArkTS input file:D:\Walkie\HarmonyOS\entry\build\default\intermediates\loader\default cache from map.
[2026-09-01T14:42:38.120] [DEBUG] debug-file - Update task entry:default@CompileArkTS input file:D:\Walkie\HarmonyOS\entry\build\default\intermediates\res\default\resources\rawfile cache by regenerate.
[2026-09-01T14:42:38.120] [DEBUG] debug-file - Update task entry:default@CompileArkTS input file:D:\Walkie\HarmonyOS\entry\build\default\intermediates\res\default\ResourceTable.txt cache by regenerate.
[2026-09-01T14:42:38.121] [DEBUG] debug-file - Update task entry:default@CompileArkTS input file:D:\Walkie\HarmonyOS\entry\build\default\intermediates\res\default\ark_module.json cache by regenerate.
[2026-09-01T14:42:38.121] [DEBUG] debug-file - Update task entry:default@CompileArkTS input file:D:\Walkie\HarmonyOS\entry\build\default\intermediates\res\default\resources\base\profile cache by regenerate.
[2026-09-01T14:42:38.122] [DEBUG] debug-file - Update task entry:default@CompileArkTS input file:D:\Walkie\HarmonyOS\entry\src\main\ets cache by regenerate.
[2026-09-01T14:42:38.126] [DEBUG] debug-file - Update task entry:default@CompileArkTS input file:D:\Walkie\HarmonyOS\entry\build\default\intermediates\loader\default\pkgContextInfo.json cache by regenerate.
[2026-09-01T14:42:38.127] [DEBUG] debug-file - Update task entry:default@CompileArkTS input file:D:\Walkie\HarmonyOS\entry\build\default\generated\profile\default\BuildProfile.ets cache by regenerate.
[2026-09-01T14:42:38.127] [DEBUG] debug-file - Update task entry:default@CompileArkTS input file:D:\Walkie\HarmonyOS\entry\src\main\cpp\types cache by regenerate.
[2026-09-01T14:42:38.128] [DEBUG] debug-file - Update task entry:default@CompileArkTS input file:D:\Walkie\HarmonyOS\entry\src\mock\mock-config.json5 cache by regenerate.
[2026-09-01T14:42:38.128] [DEBUG] debug-file - Update task entry:default@CompileArkTS output file:D:\Walkie\HarmonyOS\entry\build\default\intermediates\loader_out\default\ets cache.
[2026-09-01T14:42:38.129] [DEBUG] debug-file - Incremental task entry:default@CompileArkTS post-execution cost:11 ms .
[2026-09-01T14:42:38.130] [DEBUG] debug-file - Update task entry:default@BuildJS input file:D:\Walkie\HarmonyOS\entry\build\default\intermediates\loader\default cache by regenerate.
[2026-09-01T14:42:38.131] [DEBUG] debug-file - Update task entry:default@BuildJS input file:D:\Walkie\HarmonyOS\entry\build\default\intermediates\res\default\resources\rawfile cache by regenerate.
[2026-09-01T14:42:38.131] [DEBUG] debug-file - Update task entry:default@BuildJS input file:D:\Walkie\HarmonyOS\entry\build\default\intermediates\res\default\ResourceTable.txt cache by regenerate.
[2026-09-01T14:42:38.132] [DEBUG] debug-file - Update task entry:default@BuildJS input file:D:\Walkie\HarmonyOS\entry\build\default\intermediates\res\default\ark_module.json cache by regenerate.
[2026-09-01T14:42:38.132] [DEBUG] debug-file - Update task entry:default@BuildJS input file:D:\Walkie\HarmonyOS\entry\build\default\intermediates\res\default\resources\base\profile cache by regenerate.
[2026-09-01T14:42:38.133] [DEBUG] debug-file - Update task entry:default@BuildJS input file:D:\Walkie\HarmonyOS\entry\build\default\intermediates\loader\default\pkgContextInfo.json cache by regenerate.
[2026-09-01T14:42:38.133] [DEBUG] debug-file - Update task entry:default@BuildJS output file:D:\Walkie\HarmonyOS\entry\build\default\intermediates\loader_out\default\js cache.
[2026-09-01T14:42:38.133] [DEBUG] debug-file - Incremental task entry:default@BuildJS post-execution cost:5 ms .
[2026-09-01T14:42:38.134] [DEBUG] debug-file - Update task entry:default@ProcessLibs input file:D:\Walkie\HarmonyOS\build-profile.json5 cache by regenerate.
[2026-09-01T14:42:38.134] [DEBUG] debug-file - Update task entry:default@ProcessLibs input file:D:\Walkie\HarmonyOS\entry\build-profile.json5 cache by regenerate.
[2026-09-01T14:42:38.134] [DEBUG] debug-file - Update task entry:default@ProcessLibs output file:D:\Walkie\HarmonyOS\entry\build\default\intermediates\libs\default cache.
[2026-09-01T14:42:38.135] [DEBUG] debug-file - Incremental task entry:default@ProcessLibs post-execution cost:2 ms .
[2026-09-01T14:42:38.135] [DEBUG] debug-file - Update task entry:default@DoNativeStrip input file:D:\Walkie\HarmonyOS\entry\build\default\intermediates\libs\default cache from map.
[2026-09-01T14:42:38.135] [DEBUG] debug-file - Update task entry:default@DoNativeStrip output file:D:\Walkie\HarmonyOS\entry\build\default\intermediates\stripped_native_libs\default cache.
[2026-09-01T14:42:38.136] [DEBUG] debug-file - Incremental task entry:default@DoNativeStrip post-execution cost:2 ms .
[2026-09-01T14:42:38.136] [DEBUG] debug-file - Update task entry:default@CacheNativeLibs input file:D:\Walkie\HarmonyOS\entry\build\default\intermediates\stripped_native_libs\default cache from map.
[2026-09-01T14:42:38.136] [DEBUG] debug-file - Update task entry:default@CacheNativeLibs input file:D:\Walkie\HarmonyOS\entry\build\default\intermediates\libs\default cache by regenerate.
[2026-09-01T14:42:38.138] [DEBUG] debug-file - Update task entry:default@CacheNativeLibs output file:D:\Walkie\HarmonyOS\entry\build\default\intermediates\patch\default\base_native_libs.json cache.
[2026-09-01T14:42:38.138] [DEBUG] debug-file - Update task entry:default@CacheNativeLibs output file:D:\Walkie\HarmonyOS\entry\build\default\intermediates\patch\default\binxo_native_libs.json cache.
[2026-09-01T14:42:38.138] [DEBUG] debug-file - Incremental task entry:default@CacheNativeLibs post-execution cost:2 ms .
[2026-09-01T14:42:38.138] [DEBUG] debug-file - Update task entry:default@GeneratePkgModuleJson input file:D:\Walkie\HarmonyOS\entry\build\default\intermediates\res\default\module.json cache from map.
[2026-09-01T14:42:38.138] [DEBUG] debug-file - Update task entry:default@GeneratePkgModuleJson output file:D:\Walkie\HarmonyOS\entry\build\default\intermediates\package\default\module.json cache.
[2026-09-01T14:42:38.139] [DEBUG] debug-file - Incremental task entry:default@GeneratePkgModuleJson post-execution cost:1 ms .
[2026-09-01T14:42:38.139] [DEBUG] debug-file - Incremental task entry:default@ProcessCompiledResources post-execution cost:1 ms .
[2026-09-01T14:42:38.140] [DEBUG] debug-file - Update task entry:default@PackageHap input file:D:\Walkie\HarmonyOS\entry\build\default\outputs\default\pack.info cache from map.
[2026-09-01T14:42:38.140] [DEBUG] debug-file - Update task entry:default@PackageHap input file:D:\Walkie\HarmonyOS\entry\build\default\intermediates\stripped_native_libs\default cache by regenerate.
[2026-09-01T14:42:38.141] [DEBUG] debug-file - Update task entry:default@PackageHap input file:D:\Walkie\HarmonyOS\entry\build\default\intermediates\res\default\module.json cache by regenerate.
[2026-09-01T14:42:38.142] [DEBUG] debug-file - Update task entry:default@PackageHap input file:D:\Walkie\HarmonyOS\entry\build\default\intermediates\res\default\resources cache by regenerate.
[2026-09-01T14:42:38.145] [DEBUG] debug-file - Update task entry:default@PackageHap input file:D:\Walkie\HarmonyOS\entry\build\default\intermediates\res\default\resources.index cache by regenerate.
[2026-09-01T14:42:38.145] [DEBUG] debug-file - Update task entry:default@PackageHap input file:D:\Walkie\HarmonyOS\entry\build\default\intermediates\loader_out\default\ets cache by regenerate.
[2026-09-01T14:42:38.146] [DEBUG] debug-file - Update task entry:default@PackageHap input file:D:\Walkie\HarmonyOS\entry\build\default\intermediates\loader\default\pkgContextInfo.json cache by regenerate.
[2026-09-01T14:42:38.146] [DEBUG] debug-file - Update task entry:default@PackageHap input file:D:\Walkie\HarmonyOS\entry\build\default\intermediates\package\default\module.json cache by regenerate.
[2026-09-01T14:42:38.146] [DEBUG] debug-file - Update task entry:default@PackageHap input file:D:\Walkie\HarmonyOS\entry\build\default\intermediates\loader_out\default\ets\sourceMaps.map cache by regenerate.
[2026-09-01T14:42:38.146] [DEBUG] debug-file - Update task entry:default@PackageHap input file:D:\Walkie\HarmonyOS\entry\build\default\generated\profile\default\BuildProfile.ets cache by regenerate.
[2026-09-01T14:42:38.147] [DEBUG] debug-file - Update task entry:default@PackageHap output file:D:\Walkie\HarmonyOS\entry\build\default\outputs\default\entry-default-unsigned.hap cache.
[2026-09-01T14:42:38.147] [DEBUG] debug-file - Update task entry:default@PackageHap output file:D:\Walkie\HarmonyOS\entry\build\default\intermediates\source_map\default\sourceMaps.map cache.
[2026-09-01T14:42:38.148] [DEBUG] debug-file - Update task entry:default@PackageHap output file:D:\Walkie\HarmonyOS\entry\build\default\outputs\default\mapping\sourceMaps.map cache.
[2026-09-01T14:42:38.148] [DEBUG] debug-file - Incremental task entry:default@PackageHap post-execution cost:10 ms .
[2026-09-01T14:42:38.148] [DEBUG] debug-file - Update task entry:default@SignHap input file:C:\Users\tb\.ohos\config\default_HarmonyOS_cqBYNafk3_phZ9F6rEdI_k71hUI1bFwG99ZIiTHW4hk=.cer cache by regenerate.
[2026-09-01T14:42:38.149] [DEBUG] debug-file - Update task entry:default@SignHap input file:C:\Users\tb\.ohos\config\default_HarmonyOS_cqBYNafk3_phZ9F6rEdI_k71hUI1bFwG99ZIiTHW4hk=.p7b cache by regenerate.
[2026-09-01T14:42:38.149] [DEBUG] debug-file - Update task entry:default@SignHap input file:C:\Users\tb\.ohos\config\default_HarmonyOS_cqBYNafk3_phZ9F6rEdI_k71hUI1bFwG99ZIiTHW4hk=.p12 cache by regenerate.
[2026-09-01T14:42:38.149] [DEBUG] debug-file - Update task entry:default@SignHap input file:D:\Walkie\HarmonyOS\entry\build\default\outputs\default\entry-default-unsigned.hap cache from map.
[2026-09-01T14:42:38.149] [DEBUG] debug-file - Update task entry:default@SignHap output file:D:\Walkie\HarmonyOS\entry\build\default\outputs\default\entry-default-signed.hap cache.
[2026-09-01T14:42:38.149] [DEBUG] debug-file - Incremental task entry:default@SignHap post-execution cost:2 ms .
[2026-09-01T14:42:38.156] [DEBUG] debug-file - Update task entry:default@CollectDebugSymbol input file:D:\Walkie\HarmonyOS\entry\build\default\intermediates\loader_out\default\ets\sourceMaps.map cache by regenerate.
[2026-09-01T14:42:38.156] [DEBUG] debug-file - Update task entry:default@CollectDebugSymbol input file:D:\Walkie\HarmonyOS\entry\build\default\intermediates\libs\default cache by regenerate.
[2026-09-01T14:42:38.158] [DEBUG] debug-file - Update task entry:default@CollectDebugSymbol output file:D:\Walkie\HarmonyOS\entry\build\default\outputs\default\symbol cache.
[2026-09-01T14:42:38.158] [DEBUG] debug-file - Incremental task entry:default@CollectDebugSymbol post-execution cost:9 ms .
[2026-09-01T14:42:38.170] [DEBUG] debug-file - hvigor build process will be closed.
[2026-09-01T14:42:38.170] [DEBUG] debug-file - java daemon socket close code:1000 reason:close by user
[2026-09-01T14:42:38.447] [DEBUG] debug-file - session manager: send message to worker process. WorkerThreadId: 0, data: {"type":"hvigor_failed","reason":"Server has disconnected."}
[2026-09-01T14:42:38.448] [DEBUG] debug-file - session manager: send message to worker process. WorkerThreadId: 0, data: {"type":"CloseWatch","reason":"Server has disconnected."}
[2026-09-01T14:42:38.447] [DEBUG] debug-file - watch worker: worker id should be larger than 0. Nothing will be sent to any worker thread.
[2026-09-01T14:42:38.448] [DEBUG] debug-file - ABORT_WORK sent to workers.
[2026-09-01T14:42:38.448] [DEBUG] debug-file - watch worker: worker id should be larger than 0. Nothing will be sent to any worker thread.
[2026-09-01T14:42:47.927] [DEBUG] debug-file - session manager: set active socket. socketId=qAbmPs2bRuupSApLAAFv
[2026-09-01T14:42:47.939] [DEBUG] debug-file - watch worker: worker id should be larger than 0. Nothing will be sent to any worker thread.
[2026-09-01T14:42:47.944] [DEBUG] debug-file - Workers' log level updated to INFO
[2026-09-01T14:42:47.947] [DEBUG] debug-file - Hvigor init with startParameters:{
  hvigorfileTypeCheck: false,
  parallelExecution: true,
  incrementalExecution: true,
  printStackTrace: false,
  daemon: true,
  analyze: 0,
  logLevel: Level { level: 20000, levelStr: 'INFO', colour: 'green' },
  optimizationStrategy: 'memory',
  hotCompile: undefined,
  hotReloadBuild: undefined,
  customizedParam: undefined
}
[2026-09-01T14:42:47.955] [DEBUG] debug-file - Cache service initialization finished in 8 ms 
[2026-09-01T14:42:47.955] [DEBUG] debug-file - hvigorfile, resolving D:\Walkie\HarmonyOS\hvigorfile.ts
[2026-09-01T14:42:47.961] [DEBUG] debug-file - hvigorfile, require result:  { default: { plugins: [] } }
[2026-09-01T14:42:47.961] [DEBUG] debug-file - hvigorfile, binding system plugins null
[2026-09-01T14:42:47.961] [DEBUG] debug-file - Starting plugin build process
[2026-09-01T14:42:47.962] [DEBUG] debug-file - App plugin prepare start...
[2026-09-01T14:42:47.962] [DEBUG] debug-file - App plugin prepare end...
[2026-09-01T14:42:47.962] [DEBUG] debug-file - App plugin creating...
[2026-09-01T14:42:47.987] [DEBUG] debug-file - App plugin register hook start...
[2026-09-01T14:42:47.987] [DEBUG] debug-file - App plugin register hook end...
[2026-09-01T14:42:47.987] [DEBUG] debug-file - Plugin build process completed
[2026-09-01T14:42:47.988] [DEBUG] debug-file - Start initialize project's product build option map with build mode debug.
[2026-09-01T14:42:47.988] [DEBUG] debug-file - Picking option from product 'default' with build mode 'debug'.
[2026-09-01T14:42:47.988] [DEBUG] debug-file - Product 'default' build option initialized
[2026-09-01T14:42:47.990] [DEBUG] debug-file - End initialize project's product build option map with build mode 'debug'.
[2026-09-01T14:42:47.990] [DEBUG] debug-file - Obtain build option for product 'default'in this build.
[2026-09-01T14:42:47.993] [DEBUG] debug-file - D:\Walkie\HarmonyOS\build\cache\default\remote_hsp\remoteHspCache.json not exists.
[2026-09-01T14:42:47.999] [DEBUG] debug-file - Start recording SDK configuration permission data.
[2026-09-01T14:42:48.151] [DEBUG] debug-file - Sdk init in 153 ms 
[2026-09-01T14:42:48.163] [DEBUG] debug-file - Project task initialization takes 4 ms 
[2026-09-01T14:42:48.164] [DEBUG] debug-file - hvigorfile, begin to bind custom plugins...
[2026-09-01T14:42:48.164] [DEBUG] debug-file - hvigorfile, no custom plugins were found in D:\Walkie\HarmonyOS\hvigorfile.ts
[2026-09-01T14:42:48.164] [DEBUG] debug-file - hvigorfile, resolve finished D:\Walkie\HarmonyOS\hvigorfile.ts
[2026-09-01T14:42:48.165] [DEBUG] debug-file - hvigorfile, resolving D:\Walkie\HarmonyOS\entry\hvigorfile.ts
[2026-09-01T14:42:48.171] [DEBUG] debug-file - hvigorfile, require result:  { default: { plugins: [] } }
[2026-09-01T14:42:48.171] [DEBUG] debug-file - hvigorfile, binding system plugins null
[2026-09-01T14:42:48.172] [DEBUG] debug-file - Starting plugin build process
[2026-09-01T14:42:48.172] [DEBUG] debug-file - Hap plugin creating...
[2026-09-01T14:42:48.173] [DEBUG] debug-file - failed to load cangjie to dynamically generate schemas: Error: Cannot find module '@ohos/cangjie-build-support/index'
Require stack:
- G:\DevEco Studio\tools\hvigor\hvigor-ohos-plugin\src\plugin\hooks\cangjie-register.js
- G:\DevEco Studio\tools\hvigor\hvigor-ohos-plugin\src\plugin\strategy\stage-init-strategy.js
- G:\DevEco Studio\tools\hvigor\hvigor-ohos-plugin\src\plugin\builder\abstract-plugin-builder.js
- G:\DevEco Studio\tools\hvigor\hvigor-ohos-plugin\src\plugin\builder\app-plugin-builder.js
- G:\DevEco Studio\tools\hvigor\hvigor-ohos-plugin\src\plugin\factory\plugin-factory.js
- G:\DevEco Studio\tools\hvigor\hvigor-ohos-plugin\index.js
- D:\Walkie\HarmonyOS\hvigorfile.ts
- G:\DevEco Studio\tools\hvigor\hvigor\src\base\internal\lifecycle\configuration.js
- G:\DevEco Studio\tools\hvigor\hvigor\src\base\boot\index.js
- G:\DevEco Studio\tools\hvigor\hvigor\src\base\daemon\cluster\worker-process-lifecycle.js
- G:\DevEco Studio\tools\hvigor\hvigor\src\base\daemon\process\daemon-process-boot-script.js
[2026-09-01T14:42:48.176] [DEBUG] debug-file - Start initialize module-target build option map, moduleName=entry, buildMode=debug
[2026-09-01T14:42:48.177] [DEBUG] debug-file - Target 'default' config initialized
[2026-09-01T14:42:48.177] [DEBUG] debug-file - Module 'entry' target 'default' build option initialized
[2026-09-01T14:42:48.177] [DEBUG] debug-file - End initialize module-target build option map, moduleName=entry
[2026-09-01T14:42:48.177] [DEBUG] debug-file - Start initialize module-target build option map, moduleName=entry, buildMode=release
[2026-09-01T14:42:48.177] [DEBUG] debug-file - Target 'default' config initialized
[2026-09-01T14:42:48.178] [DEBUG] debug-file - Module 'entry' target 'default' build option initialized
[2026-09-01T14:42:48.178] [DEBUG] debug-file - End initialize module-target build option map, moduleName=entry
[2026-09-01T14:42:48.178] [DEBUG] debug-file - Start initialize module-target build option map, moduleName=entry, buildMode=debug
[2026-09-01T14:42:48.178] [DEBUG] debug-file - Target 'default' config initialized
[2026-09-01T14:42:48.179] [DEBUG] debug-file - Module 'entry' target 'default' build option initialized
[2026-09-01T14:42:48.179] [DEBUG] debug-file - End initialize module-target build option map, moduleName=entry
[2026-09-01T14:42:48.179] [DEBUG] debug-file - Obtain build option for module 'entry' target 'default'in this build.
[2026-09-01T14:42:48.182] [DEBUG] debug-file - Module entry task initialization takes 2 ms 
[2026-09-01T14:42:48.182] [DEBUG] debug-file - Hap plugin register hook start...
[2026-09-01T14:42:48.183] [DEBUG] debug-file - Hap plugin register hook end...
[2026-09-01T14:42:48.183] [DEBUG] debug-file - Plugin build process completed
[2026-09-01T14:42:48.183] [DEBUG] debug-file - hvigorfile, begin to bind custom plugins...
[2026-09-01T14:42:48.183] [DEBUG] debug-file - hvigorfile, no custom plugins were found in D:\Walkie\HarmonyOS\entry\hvigorfile.ts
[2026-09-01T14:42:48.183] [DEBUG] debug-file - hvigorfile, resolve finished D:\Walkie\HarmonyOS\entry\hvigorfile.ts
[2026-09-01T14:42:48.318] [DEBUG] debug-file - hvigorfile, resolve hvigorfile dependencies in 135 ms 
[2026-09-01T14:42:48.318] [DEBUG] debug-file - project has submodules:entry
[2026-09-01T14:42:48.319] [DEBUG] debug-file - start to load updatedOhPackageInfo to the disk
[2026-09-01T14:42:48.328] [DEBUG] debug-file - load to the disk finished
[2026-09-01T14:42:48.329] [DEBUG] debug-file - Start to initialize dependency information.
[2026-09-01T14:42:48.336] [DEBUG] debug-file - Module HarmonyOS Collected Dependency: 
[2026-09-01T14:42:48.336] [DEBUG] debug-file - Module HarmonyOS's total dependency: 0
[2026-09-01T14:42:48.336] [DEBUG] debug-file - Start to initialize dependency information.
[2026-09-01T14:42:48.341] [DEBUG] debug-file - Module entry Collected Dependency: D:\Walkie\HarmonyOS\entry\src\main\cpp\types\libwalkieopus
[2026-09-01T14:42:48.342] [DEBUG] debug-file - Module entry's total dependency: 1
[2026-09-01T14:42:48.343] [DEBUG] debug-file - Configuration phase cost:389 ms 
[2026-09-01T14:42:48.344] [DEBUG] debug-file - Configuration task cost before running: 400 ms 
[2026-09-01T14:42:48.347] [DEBUG] debug-file - Executing task :entry:default@PreBuild
[2026-09-01T14:42:48.350] [DEBUG] debug-file - Task 'entry:default@PreBuild' cost while wrapping incremental declarations: 1 ms 
[2026-09-01T14:42:48.373] [DEBUG] debug-file - entry:default@PreBuild is not up-to-date, since the task snapshots are different.
[2026-09-01T14:42:48.373] [DEBUG] debug-file - Incremental task entry:default@PreBuild pre-execution cost: 21 ms .
[2026-09-01T14:42:48.644] [DEBUG] debug-file - current product is not Atomic service.
[2026-09-01T14:42:48.644] [DEBUG] debug-file - Use tool [win32: JAVA_HOME, CLASSPATH]
 [ { JAVA_HOME: 'G:\\DevEco Studio\\jbr' }, { CLASSPATH: undefined } ]
[2026-09-01T14:42:48.645] [DEBUG] debug-file - Use tool [win32: NODE_HOME]
 [ { NODE_HOME: 'G:\\DevEco Studio\\tools\\node' } ]
[2026-09-01T14:42:48.645] [DEBUG] debug-file - entry : default@PreBuild cost memory 20.190879821777344
[2026-09-01T14:42:48.645] [DEBUG] debug-file - runTaskFromQueue task cost before running: 701 ms 
[2026-09-01T14:42:48.649] [INFO] debug-file - Finished :entry:default@PreBuild... after 298 ms 
[2026-09-01T14:42:48.650] [DEBUG] debug-file - Executing task :entry:default@CreateModuleInfo
[2026-09-01T14:42:48.651] [DEBUG] debug-file - Task 'entry:default@CreateModuleInfo' cost while wrapping incremental declarations: 1 ms 
[2026-09-01T14:42:48.651] [DEBUG] debug-file - entry : default@CreateModuleInfo cost memory 0.03667449951171875
[2026-09-01T14:42:48.651] [DEBUG] debug-file - runTaskFromQueue task cost before running: 707 ms 
[2026-09-01T14:42:48.652] [INFO] debug-file - Finished :entry:default@CreateModuleInfo... after 1 ms 
[2026-09-01T14:42:48.660] [DEBUG] debug-file - Executing task :entry:default@GenerateMetadata
[2026-09-01T14:42:48.661] [DEBUG] debug-file - Task 'entry:default@GenerateMetadata' cost while wrapping incremental declarations: 1 ms 
[2026-09-01T14:42:48.662] [DEBUG] debug-file - Incremental task entry:default@GenerateMetadata pre-execution cost: 1 ms .
[2026-09-01T14:42:48.662] [DEBUG] debug-file - entry : default@GenerateMetadata cost memory 0.07138824462890625
[2026-09-01T14:42:48.663] [INFO] debug-file - UP-TO-DATE :entry:default@GenerateMetadata...  
[2026-09-01T14:42:48.664] [DEBUG] debug-file - Executing task :entry:default@ConfigureCmake
[2026-09-01T14:42:48.705] [DEBUG] debug-file - entry : default@ConfigureCmake cost memory -26.354202270507812
[2026-09-01T14:42:48.705] [DEBUG] debug-file - runTaskFromQueue task cost before running: 761 ms 
[2026-09-01T14:42:48.706] [INFO] debug-file - Finished :entry:default@ConfigureCmake... after 42 ms 
[2026-09-01T14:42:48.707] [DEBUG] debug-file - Executing task :entry:default@MergeProfile
[2026-09-01T14:42:48.707] [DEBUG] debug-file - Task 'entry:default@MergeProfile' cost while wrapping incremental declarations: 1 ms 
[2026-09-01T14:42:48.709] [DEBUG] debug-file - Incremental task entry:default@MergeProfile pre-execution cost: 3 ms .
[2026-09-01T14:42:48.709] [DEBUG] debug-file - entry : default@MergeProfile cost memory 0.09812164306640625
[2026-09-01T14:42:48.710] [INFO] debug-file - UP-TO-DATE :entry:default@MergeProfile...  
[2026-09-01T14:42:48.711] [DEBUG] debug-file - Executing task :entry:default@CreateBuildProfile
[2026-09-01T14:42:48.711] [DEBUG] debug-file - Task 'entry:default@CreateBuildProfile' cost while wrapping incremental declarations: 1 ms 
[2026-09-01T14:42:48.713] [DEBUG] debug-file - Incremental task entry:default@CreateBuildProfile pre-execution cost: 2 ms .
[2026-09-01T14:42:48.713] [DEBUG] debug-file - entry : default@CreateBuildProfile cost memory 0.07712554931640625
[2026-09-01T14:42:48.713] [INFO] debug-file - UP-TO-DATE :entry:default@CreateBuildProfile...  
[2026-09-01T14:42:48.714] [DEBUG] debug-file - Executing task :entry:default@PreCheckSyscap
[2026-09-01T14:42:48.714] [DEBUG] debug-file - entry : default@PreCheckSyscap cost memory 0.014007568359375
[2026-09-01T14:42:48.714] [DEBUG] debug-file - runTaskFromQueue task cost before running: 770 ms 
[2026-09-01T14:42:48.714] [INFO] debug-file - Finished :entry:default@PreCheckSyscap... after 1 ms 
[2026-09-01T14:42:48.715] [DEBUG] debug-file - Executing task :entry:default@GeneratePkgSdkInfo
[2026-09-01T14:42:48.719] [DEBUG] debug-file - Task 'entry:default@GeneratePkgSdkInfo' cost while wrapping incremental declarations: 1 ms 
[2026-09-01T14:42:48.720] [DEBUG] debug-file - entry : default@GeneratePkgSdkInfo cost memory 0.12166595458984375
[2026-09-01T14:42:48.720] [DEBUG] debug-file - runTaskFromQueue task cost before running: 775 ms 
[2026-09-01T14:42:48.720] [INFO] debug-file - Finished :entry:default@GeneratePkgSdkInfo... after 5 ms 
[2026-09-01T14:42:48.727] [DEBUG] debug-file - Executing task :entry:default@ProcessIntegratedHsp
[2026-09-01T14:42:48.727] [DEBUG] debug-file - entry:default@ProcessIntegratedHsp is not up-to-date, since the output file 'D:\Walkie\HarmonyOS\build\cache\default\integrated_hsp\integratedHspCache.json' does not exist.
[2026-09-01T14:42:48.727] [DEBUG] debug-file - Incremental task entry:default@ProcessIntegratedHsp pre-execution cost: 1 ms .
[2026-09-01T14:42:48.728] [DEBUG] debug-file - entry : default@ProcessIntegratedHsp cost memory 0.04657745361328125
[2026-09-01T14:42:48.728] [DEBUG] debug-file - runTaskFromQueue task cost before running: 784 ms 
[2026-09-01T14:42:48.728] [INFO] debug-file - Finished :entry:default@ProcessIntegratedHsp... after 2 ms 
[2026-09-01T14:42:48.729] [DEBUG] debug-file - Executing task :entry:default@BuildNativeWithCmake
[2026-09-01T14:42:48.730] [DEBUG] debug-file - Use tool [Cmake]
 [
  'G:\\DevEco Studio\\sdk\\default\\openharmony\\native\\build-tools\\cmake\\bin\\cmake.exe',
  '-HD:\\Walkie\\HarmonyOS\\entry\\src\\main\\cpp',
  '-BD:\\Walkie\\HarmonyOS\\entry\\.cxx\\default\\default\\debug\\arm64-v8a',
  '-DOHOS_ARCH=arm64-v8a',
  '-DCMAKE_LIBRARY_OUTPUT_DIRECTORY=D:\\Walkie\\HarmonyOS\\entry\\build\\default\\intermediates\\cmake\\default\\obj\\arm64-v8a',
  '-DCMAKE_BUILD_TYPE=Debug',
  '-DOHOS_SDK_NATIVE=G:\\DevEco Studio\\sdk\\default\\openharmony\\native',
  '-DCMAKE_SYSTEM_NAME=OHOS',
  '-DCMAKE_OHOS_ARCH_ABI=arm64-v8a',
  '-DCMAKE_EXPORT_COMPILE_COMMANDS=ON',
  '-DCMAKE_TOOLCHAIN_FILE=G:\\DevEco Studio\\sdk\\default\\hms\\native\\build\\cmake\\hmos.toolchain.cmake',
  '-GNinja',
  '-DCMAKE_MAKE_PROGRAM=G:\\DevEco Studio\\sdk\\default\\openharmony\\native\\build-tools\\cmake\\bin\\ninja.exe',
  '-DCMAKE_FIND_ROOT_PATH=D:\\Walkie\\HarmonyOS\\entry\\.cxx\\default\\default\\debug\\hvigor\\arm64-v8a',
  '-DPACKAGE_FIND_FILE=D:\\Walkie\\HarmonyOS\\entry\\.cxx\\default\\default\\debug\\hvigor\\arm64-v8a\\summary.cmake',
  '--no-warn-unused-cli',
  '-DHMOS_SDK_NATIVE=G:\\DevEco Studio\\sdk\\default\\hms\\native'
]
[2026-09-01T14:42:48.742] [DEBUG] debug-file - CMake configuration was up-to-date
[2026-09-01T14:42:48.745] [DEBUG] debug-file - entry : default@BuildNativeWithCmake cost memory 0.187255859375
[2026-09-01T14:42:48.746] [DEBUG] debug-file - runTaskFromQueue task cost before running: 801 ms 
[2026-09-01T14:42:48.746] [INFO] debug-file - Finished :entry:default@BuildNativeWithCmake... after 17 ms 
[2026-09-01T14:42:48.747] [DEBUG] debug-file - Executing task :entry:default@MakePackInfo
[2026-09-01T14:42:48.751] [DEBUG] debug-file - Incremental task entry:default@MakePackInfo pre-execution cost: 3 ms .
[2026-09-01T14:42:48.751] [DEBUG] debug-file - entry : default@MakePackInfo cost memory 0.08904266357421875
[2026-09-01T14:42:48.752] [INFO] debug-file - UP-TO-DATE :entry:default@MakePackInfo...  
[2026-09-01T14:42:48.753] [DEBUG] debug-file - Executing task :entry:default@SyscapTransform
[2026-09-01T14:42:48.754] [DEBUG] debug-file - File: 'D:\Walkie\HarmonyOS\entry\src\main\syscap.json' from 'sysCapJsonPath' is not exists, just ignore.
[2026-09-01T14:42:48.755] [DEBUG] debug-file - Task 'entry:default@SyscapTransform' cost while wrapping incremental declarations: 2 ms 
[2026-09-01T14:42:48.757] [DEBUG] debug-file - entry:default@SyscapTransform is not up-to-date, since the output file 'D:\Walkie\HarmonyOS\entry\build\default\intermediates\syscap\default\rpcid.sc' does not exist.
[2026-09-01T14:42:48.757] [DEBUG] debug-file - Incremental task entry:default@SyscapTransform pre-execution cost: 2 ms .
[2026-09-01T14:42:48.757] [DEBUG] debug-file - entry : default@SyscapTransform cost memory 0.1028594970703125
[2026-09-01T14:42:48.757] [DEBUG] debug-file - runTaskFromQueue task cost before running: 813 ms 
[2026-09-01T14:42:48.757] [INFO] debug-file - Finished :entry:default@SyscapTransform... after 4 ms 
[2026-09-01T14:42:48.758] [DEBUG] debug-file - Executing task :entry:default@BuildNativeWithNinja
[2026-09-01T14:42:48.760] [DEBUG] debug-file - Use tool [Ninja]
 [
  'G:\\DevEco Studio\\sdk\\default\\openharmony\\native\\build-tools\\cmake\\bin\\ninja.exe',
  '-C',
  'D:\\Walkie\\HarmonyOS\\entry\\.cxx\\default\\default\\debug\\arm64-v8a'
]
[2026-09-01T14:42:48.760] [DEBUG] debug-file - default@BuildNativeWithNinja work[381] is submitted.
[2026-09-01T14:42:48.761] [DEBUG] debug-file - default@BuildNativeWithNinja work[381] is pushed to ready queue.
[2026-09-01T14:42:48.761] [DEBUG] debug-file - default@BuildNativeWithNinja work[381] is not dispatched.
[2026-09-01T14:42:48.771] [DEBUG] debug-file - OHOS_STL is c++_shared
[2026-09-01T14:42:48.771] [DEBUG] debug-file - Copy STL libc++_shared.so to D:\Walkie\HarmonyOS\entry\build\default\intermediates\cmake\default\obj\arm64-v8a due to OHOS_STL is 'c++_shared'
[2026-09-01T14:42:48.772] [DEBUG] debug-file - entry : default@BuildNativeWithNinja cost memory 1.755096435546875
[2026-09-01T14:42:48.774] [DEBUG] debug-file - Executing task :entry:default@GeneratePkgContextInfo
[2026-09-01T14:42:48.793] [DEBUG] debug-file - Task 'entry:default@GeneratePkgContextInfo' cost while wrapping incremental declarations: 1 ms 
[2026-09-01T14:42:48.794] [DEBUG] debug-file - Incremental task entry:default@GeneratePkgContextInfo pre-execution cost: 1 ms .
[2026-09-01T14:42:48.795] [DEBUG] debug-file - entry : default@GeneratePkgContextInfo cost memory 1.9935455322265625
[2026-09-01T14:42:48.797] [INFO] debug-file - UP-TO-DATE :entry:default@GeneratePkgContextInfo...  
[2026-09-01T14:42:48.798] [DEBUG] debug-file - Executing task :entry:default@ProcessProfile
[2026-09-01T14:42:48.799] [DEBUG] debug-file - Task 'entry:default@ProcessProfile' cost while wrapping incremental declarations: 1 ms 
[2026-09-01T14:42:48.800] [DEBUG] debug-file - Incremental task entry:default@ProcessProfile pre-execution cost: 1 ms .
[2026-09-01T14:42:48.800] [DEBUG] debug-file - entry : default@ProcessProfile cost memory 0.124908447265625
[2026-09-01T14:42:48.801] [INFO] debug-file - UP-TO-DATE :entry:default@ProcessProfile...  
[2026-09-01T14:42:48.804] [DEBUG] debug-file - Executing task :entry:default@ProcessRouterMap
[2026-09-01T14:42:48.807] [DEBUG] debug-file - Incremental task entry:default@ProcessRouterMap pre-execution cost: 3 ms .
[2026-09-01T14:42:48.807] [DEBUG] debug-file - entry : default@ProcessRouterMap cost memory 0.1037139892578125
[2026-09-01T14:42:48.808] [INFO] debug-file - UP-TO-DATE :entry:default@ProcessRouterMap...  
[2026-09-01T14:42:48.809] [DEBUG] debug-file - Executing task :entry:default@ProcessShareConfig
[2026-09-01T14:42:48.811] [DEBUG] debug-file - Incremental task entry:default@ProcessShareConfig pre-execution cost: 3 ms .
[2026-09-01T14:42:48.812] [DEBUG] debug-file - entry : default@ProcessShareConfig cost memory 0.09099578857421875
[2026-09-01T14:42:48.812] [INFO] debug-file - UP-TO-DATE :entry:default@ProcessShareConfig...  
[2026-09-01T14:42:48.813] [DEBUG] debug-file - Executing task :entry:default@ProcessStartupConfig
[2026-09-01T14:42:48.813] [DEBUG] debug-file - Task 'entry:default@ProcessStartupConfig' cost while wrapping incremental declarations: 1 ms 
[2026-09-01T14:42:48.814] [DEBUG] debug-file - entry:default@ProcessStartupConfig is not up-to-date, since the output file 'D:\Walkie\HarmonyOS\entry\build\default\intermediates\startup\default\startup_config.json' does not exist.
[2026-09-01T14:42:48.814] [DEBUG] debug-file - Incremental task entry:default@ProcessStartupConfig pre-execution cost: 1 ms .
[2026-09-01T14:42:48.814] [DEBUG] debug-file - entry : default@ProcessStartupConfig cost memory 0.11075592041015625
[2026-09-01T14:42:48.814] [DEBUG] debug-file - runTaskFromQueue task cost before running: 870 ms 
[2026-09-01T14:42:48.815] [INFO] debug-file - Finished :entry:default@ProcessStartupConfig... after 2 ms 
[2026-09-01T14:42:48.816] [DEBUG] debug-file - restool module names: entry; moduleName=entry, taskName=default@ProcessResource
[2026-09-01T14:42:48.817] [DEBUG] debug-file - Executing task :entry:default@ProcessResource
[2026-09-01T14:42:48.817] [DEBUG] debug-file - Task 'entry:default@ProcessResource' cost while wrapping incremental declarations: 1 ms 
[2026-09-01T14:42:48.818] [DEBUG] debug-file - Incremental task entry:default@ProcessResource pre-execution cost: 1 ms .
[2026-09-01T14:42:48.818] [DEBUG] debug-file - entry : default@ProcessResource cost memory 0.09625244140625
[2026-09-01T14:42:48.819] [INFO] debug-file - UP-TO-DATE :entry:default@ProcessResource...  
[2026-09-01T14:42:48.820] [DEBUG] debug-file - Executing task :entry:default@GenerateLoaderJson
[2026-09-01T14:42:48.822] [DEBUG] debug-file - Task 'entry:default@GenerateLoaderJson' cost while wrapping incremental declarations: 1 ms 
[2026-09-01T14:42:48.831] [DEBUG] debug-file - entry:default@GenerateLoaderJson is not up-to-date, since the task snapshots are different.
[2026-09-01T14:42:48.831] [DEBUG] debug-file - Incremental task entry:default@GenerateLoaderJson pre-execution cost: 6 ms .
[2026-09-01T14:42:48.834] [DEBUG] debug-file - entry : default@GenerateLoaderJson cost memory 0.46349334716796875
[2026-09-01T14:42:48.834] [DEBUG] debug-file - runTaskFromQueue task cost before running: 889 ms 
[2026-09-01T14:42:48.838] [INFO] debug-file - Finished :entry:default@GenerateLoaderJson... after 14 ms 
[2026-09-01T14:42:48.840] [DEBUG] debug-file - restool module names: entry; moduleName=entry, taskName=default@CompileResource
[2026-09-01T14:42:48.840] [DEBUG] debug-file - Executing task :entry:default@CompileResource
[2026-09-01T14:42:48.860] [DEBUG] debug-file - Incremental task entry:default@CompileResource pre-execution cost: 20 ms .
[2026-09-01T14:42:48.860] [DEBUG] debug-file - entry : default@CompileResource cost memory 0.403411865234375
[2026-09-01T14:42:48.862] [INFO] debug-file - UP-TO-DATE :entry:default@CompileResource...  
[2026-09-01T14:42:48.864] [DEBUG] debug-file - Executing task :entry:default@CompileArkTS
[2026-09-01T14:42:48.864] [DEBUG] debug-file - obfuscationOptions: undefined
[2026-09-01T14:42:48.868] [DEBUG] debug-file - Task 'entry:default@CompileArkTS' cost while wrapping incremental declarations: 1 ms 
[2026-09-01T14:42:48.879] [DEBUG] debug-file - entry:default@CompileArkTS is not up-to-date, since the input file 'D:\Walkie\HarmonyOS\entry\build\default\intermediates\loader\default' has been changed.
[2026-09-01T14:42:48.879] [DEBUG] debug-file - Incremental task entry:default@CompileArkTS pre-execution cost: 8 ms .
[2026-09-01T14:42:48.898] [DEBUG] debug-file - build config:
[2026-09-01T14:42:48.899] [DEBUG] debug-file - {
  moduleType: 'entry',
  perf: 0,
  targetName: '.default',
  packageManagerType: 'ohpm',
  localPropertiesPath: 'D:\\Walkie\\HarmonyOS\\local.properties',
  isPreview: false,
  isOhosTest: false,
  isLocalTest: false,
  buildMode: 'Debug',
  hotReloadBuild: undefined,
  watchMode: 'false',
  aceProfilePath: 'D:\\Walkie\\HarmonyOS\\entry\\build\\default\\intermediates\\res\\default\\resources\\base\\profile',
  etsLoaderPath: 'G:\\DevEco Studio\\sdk\\default\\openharmony\\ets\\build-tools\\ets-loader',
  modulePath: 'D:\\Walkie\\HarmonyOS\\entry',
  testFrameworkPar: {
    testMode: undefined,
    coveragePathFilter: undefined,
    coverageMode: undefined
  },
  needCoverageInsert: false,
  debugLine: false,
  projectTopDir: 'D:\\Walkie\\HarmonyOS',
  compileSdkVersion: 26,
  compatibleSdkVersion: 24,
  originCompatibleSdkVersion: '6.1.1(24)',
  compatibleSdkVersionStage: undefined,
  bundleName: 'c***s',
  etsLoaderVersion: '26.0.0.105',
  etsLoaderReleaseType: 'Release',
  aotCompileMode: 'type',
  apPath: 'D:\\Walkie\\HarmonyOS\\entry\\modules.ap',
  entryModuleName: 'entry',
  entryModuleVersion: '1.0.0',
  entryPackageName: 'entry',
  allModuleNameHash: 'a8fd18c035955df3504313cc77096cc5eebe701cea4ff96683a97a1834bc7dac',
  externalApiPaths: [ 'G:\\DevEco Studio\\sdk\\default\\hms\\ets' ],
  compilerTypes: [],
  isCrossplatform: false,
  hvigorPluginFile: undefined,
  compilePluginPath: undefined,
  buildGeneratedProfilePath: 'D:\\Walkie\\HarmonyOS\\entry\\build\\default\\generated\\profile\\default',
  bundleType: 'app',
  arkTSVersion: undefined,
  apiVersion: 26,
  needCompleteSourcesMap: false,
  isFaMode: false,
  buildDir: 'D:\\Walkie\\HarmonyOS\\entry\\build',
  buildCacheProjectDir: 'D:\\Walkie\\HarmonyOS',
  deviceTypes: [ 'phone' ],
  pkgContextInfo: {
    'libwalkieopus.so': {
      packageName: 'libwalkieopus.so',
      bundleName: '*****',
      moduleName: '',
      version: '',
      entryPath: 'Index',
      isSO: true,
      dependencyAlias: ''
    },
    '@ohos/hypium': {
      packageName: '@ohos/hypium',
      bundleName: '*****',
      moduleName: '',
      version: '1.0.25',
      entryPath: 'index.js',
      isSO: false,
      dependencyAlias: ''
    },
    '@ohos/hamock': {
      packageName: '@ohos/hamock',
      bundleName: '*****',
      moduleName: '',
      version: '1.0.0',
      entryPath: 'index.ets',
      isSO: false,
      dependencyAlias: ''
    },
    entry: {
      packageName: 'entry',
      bundleName: '*****',
      moduleName: '',
      version: '',
      entryPath: 'src/main/',
      isSO: false,
      dependencyAlias: ''
    },
    'libopus.a': {
      packageName: 'libopus.a',
      bundleName: '*****',
      moduleName: '',
      version: '',
      entryPath: '',
      isSO: true,
      dependencyAlias: ''
    }
  },
  ohPackagePathMap: {},
  dependencyAliasMap: {},
  permission: {
    requestPermissions: [ [Object], [Object], [Object] ],
    definePermissions: undefined
  },
  useGetCurrentBundleName: false,
  projectArkOption: undefined,
  sourceMapDir: undefined,
  branchElimination: false,
  transformLib: undefined,
  tsImportSendable: false,
  resolveConflictMode: true,
  depName2RootPath: {},
  depName2DepInfo: {},
  depName2OhExports: {},
  rootPathSet: [ 'D:\\Walkie\\HarmonyOS' ],
  useNativeResolver: true,
  shouldEmitJs: true,
  useUnifiedAst: false,
  useTscResolve: false,
  singleFileEmit: false,
  userProjectConfig: {
    autoLazyImport: false,
    allowEmptyBundleName: false,
    reExportCheckMode: 'noCheck',
    executionMode: 'memory',
    usePathPlaceholder: false,
    writeRollupCache: true,
    isExpandImportEnabled: false,
    expandImportExclude: '',
    lazyImportExclude: '',
    lazyImportInclude: '',
    ignoreCrossplatformCheck: false,
    isHarDeduplicateEnabled: false,
    skipOhModulesLint: false,
    enableStrictCheckOHModule: false,
    disableSendableCheckRules: [],
    useDeclarationFileSignature: false,
    customizedOptions: undefined,
    integratedHsp: false,
    tsImportSoCheck: false,
    isPreloadSoEnabled: false
  },
  executionMode: 'memory',
  arkCompileCachePath: 'D:\\Walkie\\HarmonyOS\\entry\\build\\default\\cache\\default\\default@CompileArkTS\\esmodule',
  autoLazyFilter: undefined,
  isHarDeduplicateEnabled: false,
  intermediateHarDuplicateDirPath: 'D:\\Walkie\\HarmonyOS\\entry\\build\\default\\intermediates\\har_duplicate\\default',
  autoLazyImport: false,
  allowEmptyBundleName: false,
  reExportCheckMode: 'noCheck',
  usePathPlaceholder: false,
  writeRollupCache: true,
  isExpandImportEnabled: false,
  expandImportExclude: '',
  lazyImportExclude: '',
  lazyImportInclude: '',
  ignoreCrossplatformCheck: false,
  skipOhModulesLint: false,
  enableStrictCheckOHModule: false,
  disableSendableCheckRules: [],
  useDeclarationFileSignature: false,
  customizedOptions: undefined,
  integratedHsp: false,
  tsImportSoCheck: false,
  isPreloadSoEnabled: false,
  strictMode: {
    caseSensitiveCheck: true,
    useNormalizedOHMUrl: true,
    noExternalImportByPath: true
  },
  useNormalizedOHMUrl: true,
  caseSensitiveCheck: true,
  strictCheckerOnly: false,
  aceModuleJsonPath: 'D:\\Walkie\\HarmonyOS\\entry\\build\\default\\intermediates\\res\\default\\ark_module.json',
  appResource: 'D:\\Walkie\\HarmonyOS\\entry\\build\\default\\intermediates\\res\\default\\ResourceTable.txt',
  rawFileResource: 'D:\\Walkie\\HarmonyOS\\entry\\build\\default\\intermediates\\res\\default\\resources\\rawfile',
  resourceTableHash: 'fae0125d63a47f1b42603ade6089d7cdc79e91eb696362cc088354972df05f3d',
  runtimeOS: 'HarmonyOS',
  sdkInfo: 'false:26:26.0.0.105:Release',
  aceModuleRoot: 'D:\\Walkie\\HarmonyOS\\entry\\src\\main\\ets',
  compileMode: 'esmodule',
  aceSuperVisualPath: 'D:\\Walkie\\HarmonyOS\\entry\\src\\main\\supervisual',
  aceBuildJson: 'D:\\Walkie\\HarmonyOS\\entry\\build\\default\\intermediates\\loader\\default\\loader.json',
  cachePath: 'D:\\Walkie\\HarmonyOS\\entry\\build\\default\\cache\\default\\default@CompileArkTS\\esmodule\\debug',
  aceModuleBuild: 'D:\\Walkie\\HarmonyOS\\entry\\build\\default\\intermediates\\loader_out\\default\\ets',
  supportChunks: true,
  declaredFilesPath: undefined,
  shouldCollectDirectImportees: false,
  isByteCodeHarOptimize: false,
  expandImportPath: undefined,
  resourceTableTs: 'D:\\Walkie\\HarmonyOS\\entry\\build\\default\\generated\\r\\default\\ResourceTable.ts',
  moduleMetaInfoFiles: [
    {
      filePath: 'D:\\Walkie\\HarmonyOS\\entry\\build\\default\\generated\\r\\default\\ResourceTable.ts',
      ohmurl: '&entry/build/generated/r/ResourceTable&'
    }
  ],
  pkgNameToPkgBriefInfo: {
    entry: {
      pkgRoot: 'D:\\Walkie\\HarmonyOS\\entry',
      originalSourceRoots: undefined,
      sourceRoots: [Array],
      pkgName: 'entry'
    }
  },
  projectModel: {
    'D:\\Walkie\\HarmonyOS\\entry\\src\\main': {
      moduleName: 'entry',
      modulePkgPath: 'D:\\Walkie\\HarmonyOS\\entry',
      belongProjectPath: 'D:\\Walkie\\HarmonyOS'
    },
    'D:\\Walkie\\HarmonyOS\\entry': {
      moduleName: 'entry',
      modulePkgPath: 'D:\\Walkie\\HarmonyOS\\entry',
      belongProjectPath: 'D:\\Walkie\\HarmonyOS'
    },
    'D:\\Walkie\\HarmonyOS': {
      moduleName: 'HarmonyOS',
      modulePkgPath: 'D:\\Walkie\\HarmonyOS',
      belongProjectPath: 'D:\\Walkie\\HarmonyOS'
    }
  },
  pkgJsonFileHash: '31009a1b1f5fc6d0fc14fddbbb73cb6da7cef12b41ca288f873fad459761e3af',
  allModulePaths: [ 'D:\\Walkie\\HarmonyOS\\entry' ],
  routerMap: {},
  obfuscationOptions: undefined,
  byteCodeHarToDependencyKeys: undefined,
  compileBlockPkg: [],
  mockParams: {
    decorator: '@MockSetup',
    packageName: '@ohos/hamock',
    etsSourceRootPath: 'src/main/ets',
    mockConfigPath: 'D:\\Walkie\\HarmonyOS\\entry\\src\\mock\\mock-config.json5',
    mockConfigKey2ModuleInfo: {},
    source2ModuleIdMap: {}
  },
  copyCodeResourceEnable: true,
  copyCodeResourceExcludes: [],
  copyCodeResourceIncludes: undefined,
  uiTransformOptimization: false,
  sdkPath: 'G:/DevEco Studio/sdk',
  needPreloadSoFileSet: {},
  preloadSoFilePath: 'D:\\Walkie\\HarmonyOS\\entry\\build\\default\\intermediates\\preload\\default\\preload.json',
  useSourceHash: false,
  localModuleParamMap: {},
  otherPaths: {
    'entry/*': [
      '..\\*',
      '..\\..\\..\\build\\default\\generated\\profile\\default\\*'
    ]
  },
  collectImportersConfig: undefined
}
[2026-09-01T14:42:48.899] [DEBUG] debug-file - Compile arkts with external api path: G:\DevEco Studio\sdk\default\hms\ets
[2026-09-01T14:42:48.900] [DEBUG] debug-file - before submitting ArkTS compile task to worker pool, config.buildDir: D:\Walkie\HarmonyOS\entry\build
[2026-09-01T14:42:48.900] [DEBUG] debug-file - default@CompileArkTS work[382] is submitted.
[2026-09-01T14:42:48.900] [DEBUG] debug-file - default@CompileArkTS work[382] is pushed to ready queue.
[2026-09-01T14:42:48.900] [DEBUG] debug-file - default@CompileArkTS work[382] is not dispatched.
[2026-09-01T14:42:48.900] [DEBUG] debug-file - CopyResources startTime: 23325161640200
[2026-09-01T14:42:48.900] [DEBUG] debug-file - default@CompileArkTS work[383] is submitted.
[2026-09-01T14:42:48.900] [DEBUG] debug-file - default@CompileArkTS work[383] is pushed to ready queue.
[2026-09-01T14:42:48.900] [DEBUG] debug-file - default@CompileArkTS work[383] is not dispatched.
[2026-09-01T14:42:48.900] [DEBUG] debug-file - entry : default@CompileArkTS cost memory 1.0275955200195312
[2026-09-01T14:42:48.902] [DEBUG] debug-file - Executing task :entry:default@BuildJS
[2026-09-01T14:42:48.902] [DEBUG] debug-file - Task 'entry:default@BuildJS' cost while wrapping incremental declarations: 1 ms 
[2026-09-01T14:42:48.905] [DEBUG] debug-file - entry : default@BuildJS cost memory 0.1215362548828125
[2026-09-01T14:42:48.905] [DEBUG] debug-file - runTaskFromQueue task cost before running: 961 ms 
[2026-09-01T14:42:48.906] [INFO] debug-file - Finished :entry:default@BuildJS... after 4 ms 
[2026-09-01T14:42:49.010] [DEBUG] debug-file - A work dispatched to worker[3] failed because unable to get work from ready queue.
[2026-09-01T14:42:49.010] [DEBUG] debug-file - default@BuildNativeWithNinja work[381] has been dispatched to worker[2].
[2026-09-01T14:42:49.010] [DEBUG] debug-file - A work dispatched to worker[3] failed because unable to get work from ready queue.
[2026-09-01T14:42:49.010] [DEBUG] debug-file - A work dispatched to worker[2] failed because of worker busy.
[2026-09-01T14:42:49.011] [DEBUG] debug-file - default@CompileArkTS work[383] has been dispatched to worker[1].
[2026-09-01T14:42:49.011] [DEBUG] debug-file - A work dispatched to worker[3] failed because unable to get work from ready queue.
[2026-09-01T14:42:49.011] [DEBUG] debug-file - A work dispatched to worker[2] failed because of worker busy.
[2026-09-01T14:42:49.011] [DEBUG] debug-file - A work dispatched to worker[1] failed because of worker busy.
[2026-09-01T14:42:49.011] [DEBUG] debug-file - A work dispatched to worker[0] failed because unable to get work from ready queue.
[2026-09-01T14:42:49.031] [DEBUG] debug-file - worker[1] has one work done.
[2026-09-01T14:42:49.032] [DEBUG] debug-file - CopyResources is end, endTime: 23325293091300
[2026-09-01T14:42:49.032] [DEBUG] debug-file - default@CompileArkTS work[383] done.
[2026-09-01T14:42:49.033] [DEBUG] debug-file - default@CompileArkTS work[382] has been dispatched to worker[1].
[2026-09-01T14:42:49.084] [DEBUG] debug-file - ninja: Entering directory `D:\Walkie\HarmonyOS\entry\.cxx\default\default\debug\arm64-v8a'
ninja: no work to do.

[2026-09-01T14:42:49.095] [DEBUG] debug-file - worker[2] has one work done.
[2026-09-01T14:42:49.105] [DEBUG] debug-file - default@BuildNativeWithNinja work[381] done.
[2026-09-01T14:42:49.106] [DEBUG] debug-file - A work dispatched to worker[2] failed because unable to get work from ready queue.
[2026-09-01T14:42:49.106] [INFO] debug-file - Finished :entry:default@BuildNativeWithNinja... after 99 ms 
[2026-09-01T14:42:49.107] [DEBUG] debug-file - Executing task :entry:default@ProcessLibs
[2026-09-01T14:42:49.117] [DEBUG] debug-file - Check content hash for D:\Walkie\HarmonyOS\entry\build\default\intermediates\cmake\default\obj\arm64-v8a\libwalkieopus.so
[2026-09-01T14:42:49.123] [DEBUG] debug-file - Check content hash for D:\Walkie\HarmonyOS\entry\build\default\intermediates\cmake\default\obj\arm64-v8a\libopus.a
[2026-09-01T14:42:49.137] [DEBUG] debug-file - Check content hash for D:\Walkie\HarmonyOS\entry\build\default\intermediates\cmake\default\obj\arm64-v8a\libc++_shared.so
[2026-09-01T14:42:49.143] [DEBUG] debug-file - Task 'entry:default@ProcessLibs' cost while wrapping incremental declarations: 1 ms 
[2026-09-01T14:42:49.146] [DEBUG] debug-file - Incremental task entry:default@ProcessLibs pre-execution cost: 3 ms .
[2026-09-01T14:42:49.146] [DEBUG] debug-file - entry : default@ProcessLibs cost memory -9.503456115722656
[2026-09-01T14:42:49.147] [INFO] debug-file - UP-TO-DATE :entry:default@ProcessLibs...  
[2026-09-01T14:42:49.147] [DEBUG] debug-file - Executing task :entry:default@DoNativeStrip
[2026-09-01T14:42:49.147] [DEBUG] debug-file - File: 'D:\Walkie\HarmonyOS\entry\build\default\intermediates\binxo\default' from 'doBinxoNativeLibs' is not exists, just ignore.
[2026-09-01T14:42:49.148] [DEBUG] debug-file - Task 'entry:default@DoNativeStrip' cost while wrapping incremental declarations: 1 ms 
[2026-09-01T14:42:49.150] [DEBUG] debug-file - Incremental task entry:default@DoNativeStrip pre-execution cost: 3 ms .
[2026-09-01T14:42:49.150] [DEBUG] debug-file - entry : default@DoNativeStrip cost memory 0.1027984619140625
[2026-09-01T14:42:49.151] [INFO] debug-file - UP-TO-DATE :entry:default@DoNativeStrip...  
[2026-09-01T14:42:49.151] [DEBUG] debug-file - Executing task :entry:default@CacheNativeLibs
[2026-09-01T14:42:49.152] [DEBUG] debug-file - File: 'D:\Walkie\HarmonyOS\entry\build\default\intermediates\binxo\default' from 'cacheBinxoNativeLibs' is not exists, just ignore.
[2026-09-01T14:42:49.152] [DEBUG] debug-file - Task 'entry:default@CacheNativeLibs' cost while wrapping incremental declarations: 1 ms 
[2026-09-01T14:42:49.157] [DEBUG] debug-file - Incremental task entry:default@CacheNativeLibs pre-execution cost: 5 ms .
[2026-09-01T14:42:49.157] [DEBUG] debug-file - entry : default@CacheNativeLibs cost memory 0.11295318603515625
[2026-09-01T14:42:49.158] [INFO] debug-file - UP-TO-DATE :entry:default@CacheNativeLibs...  
[2026-09-01T14:42:50.282] [WARN] debug-file - [33mWARN: [33m[33mArkTS:WARN File: D:/Walkie/HarmonyOS/entry/src/main/ets/WalkieUdp.ets:248:15
 Function may throw exceptions. Special handling is required.
[39m[39m
[33mWARN: [33m[33mArkTS:WARN File: D:/Walkie/HarmonyOS/entry/src/main/ets/WalkieUdp.ets:289:15
 Function may throw exceptions. Special handling is required.
[39m[39m
[33mWARN: [33m[33mArkTS:WARN File: D:/Walkie/HarmonyOS/entry/src/main/ets/WalkieAudio.ets:241:11
 The system capacity of this api 'audio' is not supported on all devices
[39m[39m
[33mWARN: [33m[33mArkTS:WARN File: D:/Walkie/HarmonyOS/entry/src/main/ets/WalkieAudio.ets:244:11
 The system capacity of this api 'audio' is not supported on all devices
[39m[39m
[33mWARN: [33m[33mArkTS:WARN File: D:/Walkie/HarmonyOS/entry/src/main/ets/WalkieAudio.ets:247:11
 The system capacity of this api 'audio' is not supported on all devices
[39m[39m
[33mWARN: [33m[33mArkTS:WARN File: D:/Walkie/HarmonyOS/entry/src/main/ets/WalkieAudio.ets:250:11
 The system capacity of this api 'audio' is not supported on all devices
[39m[39m
[33mWARN: [33m[33mArkTS:WARN File: D:/Walkie/HarmonyOS/entry/src/main/ets/WalkieAudio.ets:256:11
 The system capacity of this api 'audio' is not supported on all devices
[39m[39m
[33mWARN: [33m[33mArkTS:WARN File: D:/Walkie/HarmonyOS/entry/src/main/ets/WalkieAudio.ets:275:15
 The system capacity of this api 'audio' is not supported on all devices
[39m[39m
[33mWARN: [33m[33mArkTS:WARN File: D:/Walkie/HarmonyOS/entry/src/main/ets/WalkieTone.ets:299:11
 The system capacity of this api 'audio' is not supported on all devices
[39m[39m
[33mWARN: [33m[33mArkTS:WARN File: D:/Walkie/HarmonyOS/entry/src/main/ets/WalkieTone.ets:302:11
 The system capacity of this api 'audio' is not supported on all devices
[39m[39m
[33mWARN: [33m[33mArkTS:WARN File: D:/Walkie/HarmonyOS/entry/src/main/ets/WalkieTone.ets:305:11
 The system capacity of this api 'audio' is not supported on all devices
[39m[39m
[33mWARN: [33m[33mArkTS:WARN File: D:/Walkie/HarmonyOS/entry/src/main/ets/WalkieTone.ets:308:11
 The system capacity of this api 'audio' is not supported on all devices
[39m[39m
[33mWARN: [33m[33mArkTS:WARN File: D:/Walkie/HarmonyOS/entry/src/main/ets/WalkieTone.ets:321:11
 The system capacity of this api 'audio' is not supported on all devices
[39m[39m
[33mWARN: [33m[33mArkTS:WARN File: D:/Walkie/HarmonyOS/entry/src/main/ets/WalkieTone.ets:327:11
 The system capacity of this api 'audio' is not supported on all devices
[39m[39m
[33mWARN: [33m[33mArkTS:WARN File: D:/Walkie/HarmonyOS/entry/src/main/ets/WalkieTone.ets:354:15
 The system capacity of this api 'audio' is not supported on all devices
[39m[39m
[33mWARN: [33m[33mArkTS:WARN File: D:/Walkie/HarmonyOS/entry/src/main/ets/WalkiePlayback.ets:241:9
 The system capacity of this api 'audio' is not supported on all devices
[39m[39m
[33mWARN: [33m[33mArkTS:WARN File: D:/Walkie/HarmonyOS/entry/src/main/ets/WalkiePlayback.ets:244:9
 The system capacity of this api 'audio' is not supported on all devices
[39m[39m
[33mWARN: [33m[33mArkTS:WARN File: D:/Walkie/HarmonyOS/entry/src/main/ets/WalkiePlayback.ets:247:9
 The system capacity of this api 'audio' is not supported on all devices
[39m[39m
[33mWARN: [33m[33mArkTS:WARN File: D:/Walkie/HarmonyOS/entry/src/main/ets/WalkiePlayback.ets:250:9
 The system capacity of this api 'audio' is not supported on all devices
[39m[39m
[33mWARN: [33m[33mArkTS:WARN File: D:/Walkie/HarmonyOS/entry/src/main/ets/WalkiePlayback.ets:271:9
 The system capacity of this api 'audio' is not supported on all devices
[39m[39m
[33mWARN: [33m[33mArkTS:WARN File: D:/Walkie/HarmonyOS/entry/src/main/ets/WalkiePlayback.ets:277:9
 The system capacity of this api 'audio' is not supported on all devices
[39m[39m
[33mWARN: [33m[33mArkTS:WARN File: D:/Walkie/HarmonyOS/entry/src/main/ets/WalkiePlayback.ets:292:15
 The system capacity of this api 'audio' is not supported on all devices
[39m[39m
[33mWARN: [33m[33mArkTS:WARN File: D:/Walkie/HarmonyOS/entry/src/main/ets/WalkieClient.ets:3401:10
 'decode' has been deprecated.
[39m[39m
[33mWARN: [33m[33mArkTS:WARN File: D:/Walkie/HarmonyOS/entry/src/main/ets/pages/Index.ets:452:10
 The 'fill' API is supported since SDK version 26.0.0. However, the current compatible SDK version is 6.1.1(24).
 It is recommended to use apiAvailable to safeguard API compatibility.
[39m[39m
[33mWARN: [33m[33mArkTS:WARN File: D:/Walkie/HarmonyOS/entry/src/main/ets/pages/Index.ets:495:12
 The 'fill' API is supported since SDK version 26.0.0. However, the current compatible SDK version is 6.1.1(24).
 It is recommended to use apiAvailable to safeguard API compatibility.
[39m[39m
[33mWARN: [33m[33mArkTS:WARN File: D:/Walkie/HarmonyOS/entry/src/main/ets/pages/Index.ets:720:12
 The 'fill' API is supported since SDK version 26.0.0. However, the current compatible SDK version is 6.1.1(24).
 It is recommended to use apiAvailable to safeguard API compatibility.
[39m[39m
[33mWARN: [33m[33mArkTS:WARN File: D:/Walkie/HarmonyOS/entry/src/main/ets/pages/Index.ets:900:10
 The 'fill' API is supported since SDK version 26.0.0. However, the current compatible SDK version is 6.1.1(24).
 It is recommended to use apiAvailable to safeguard API compatibility.
[39m[39m
[33mWARN: [33m[33mArkTS:WARN File: D:/Walkie/HarmonyOS/entry/src/main/ets/pages/Index.ets:1356:10
 The 'fill' API is supported since SDK version 26.0.0. However, the current compatible SDK version is 6.1.1(24).
 It is recommended to use apiAvailable to safeguard API compatibility.
[39m[39m
[33mWARN: [33m[33mArkTS:WARN File: D:/Walkie/HarmonyOS/entry/src/main/ets/pages/Index.ets:1647:16
 The 'fill' API is supported since SDK version 26.0.0. However, the current compatible SDK version is 6.1.1(24).
 It is recommended to use apiAvailable to safeguard API compatibility.
[39m[39m

[2026-09-01T14:42:50.282] [DEBUG] debug-file - Ark compile task finished.finished time is 23326543447600
[2026-09-01T14:42:50.284] [DEBUG] debug-file - worker[1] has one work done.
[2026-09-01T14:42:50.285] [DEBUG] debug-file - default@CompileArkTS work[382] done.
[2026-09-01T14:42:50.287] [INFO] debug-file - Finished :entry:default@CompileArkTS... after 1 s 300 ms 
[2026-09-01T14:42:50.289] [DEBUG] debug-file - Executing task :entry:default@GeneratePkgModuleJson
[2026-09-01T14:42:50.289] [DEBUG] debug-file - File: 'D:\Walkie\HarmonyOS\entry\build\default\intermediates\preload\default\preload.json' from 'preloadSoJsonPath' is not exists, just ignore.
[2026-09-01T14:42:50.290] [DEBUG] debug-file - Error occurs while handling @Input 'shouldDeduplicateHar': The "data" argument must be of type string or an instance of Buffer, TypedArray, or DataView. Received undefined
[2026-09-01T14:42:50.290] [DEBUG] debug-file - Task 'entry:default@GeneratePkgModuleJson' cost while wrapping incremental declarations: 1 ms 
[2026-09-01T14:42:50.291] [DEBUG] debug-file - Incremental task entry:default@GeneratePkgModuleJson pre-execution cost: 1 ms .
[2026-09-01T14:42:50.291] [DEBUG] debug-file - entry : default@GeneratePkgModuleJson cost memory 0.0775604248046875
[2026-09-01T14:42:50.291] [INFO] debug-file - UP-TO-DATE :entry:default@GeneratePkgModuleJson...  
[2026-09-01T14:42:50.292] [DEBUG] debug-file - Executing task :entry:default@ProcessCompiledResources
[2026-09-01T14:42:50.292] [DEBUG] debug-file - File: 'D:\Walkie\HarmonyOS\entry\build\default\intermediates\preload\default\preload.json' from 'preloadSoJsonPath' is not exists, just ignore.
[2026-09-01T14:42:50.292] [DEBUG] debug-file - Task 'entry:default@ProcessCompiledResources' cost while wrapping incremental declarations: 1 ms 
[2026-09-01T14:42:50.292] [DEBUG] debug-file - entry : default@ProcessCompiledResources cost memory 0.048431396484375
[2026-09-01T14:42:50.292] [DEBUG] debug-file - runTaskFromQueue task cost before running: 2 s 348 ms 
[2026-09-01T14:42:50.293] [INFO] debug-file - Finished :entry:default@ProcessCompiledResources... after 1 ms 
[2026-09-01T14:42:50.294] [DEBUG] debug-file - Executing task :entry:default@PackageHap
[2026-09-01T14:42:50.304] [DEBUG] debug-file - entry:default@PackageHap is not up-to-date, since the input file 'D:\Walkie\HarmonyOS\entry\build\default\intermediates\loader_out\default\ets' has been changed.
[2026-09-01T14:42:50.304] [DEBUG] debug-file - Incremental task entry:default@PackageHap pre-execution cost: 9 ms .
[2026-09-01T14:42:50.304] [DEBUG] debug-file - Use tool [G:\DevEco Studio\sdk\default\openharmony\toolchains\lib\app_packing_tool.jar]
 [
  'java',
  '-Dfile.encoding=GBK',
  '-jar',
  'G:\\DevEco Studio\\sdk\\default\\openharmony\\toolchains\\lib\\app_packing_tool.jar',
  '--mode',
  'hap',
  '--force',
  'true',
  '--lib-path',
  'D:\\Walkie\\HarmonyOS\\entry\\build\\default\\intermediates\\stripped_native_libs\\default',
  '--json-path',
  'D:\\Walkie\\HarmonyOS\\entry\\build\\default\\intermediates\\package\\default\\module.json',
  '--resources-path',
  'D:\\Walkie\\HarmonyOS\\entry\\build\\default\\intermediates\\res\\default\\resources',
  '--index-path',
  'D:\\Walkie\\HarmonyOS\\entry\\build\\default\\intermediates\\res\\default\\resources.index',
  '--pack-info-path',
  'D:\\Walkie\\HarmonyOS\\entry\\build\\default\\outputs\\default\\pack.info',
  '--out-path',
  'D:\\Walkie\\HarmonyOS\\entry\\build\\default\\outputs\\default\\entry-default-unsigned.hap',
  '--ets-path',
  'D:\\Walkie\\HarmonyOS\\entry\\build\\default\\intermediates\\loader_out\\default\\ets',
  '--pkg-context-path',
  'D:\\Walkie\\HarmonyOS\\entry\\build\\default\\intermediates\\loader\\default\\pkgContextInfo.json'
]
[2026-09-01T14:42:50.305] [DEBUG] debug-file - default@PackageHap work[384] is submitted.
[2026-09-01T14:42:50.305] [DEBUG] debug-file - default@PackageHap work[384] is pushed to ready queue.
[2026-09-01T14:42:50.305] [DEBUG] debug-file - A work dispatched to worker[3] failed because unable to get work from ready queue.
[2026-09-01T14:42:50.305] [DEBUG] debug-file - default@PackageHap work[384] has been dispatched to worker[2].
[2026-09-01T14:42:50.305] [DEBUG] debug-file - default@PackageHap work[384] is dispatched.
[2026-09-01T14:42:50.308] [DEBUG] debug-file - entry : default@PackageHap cost memory 0.338043212890625
